Attitude,Index,Comment
True,4,"Victoria Phan Thiáº¿t ráº¥t tá»‘t, tÃ´i khÃ´ng cÃ³ gÃ¬ phÃ n nÃ n háº¿t. ÄÃ¡p á»©ng Ä‘Ãºng yÃªu cáº§u cá»§a tÃ´i. "
True,5,"khÃ¡ch_sáº¡n hÆ¡i xa trung tÃ¢m, phÃ²ng á»‘c tá»‘t, buffet Ã­t mÃ³n, thá»©c Äƒn ráº¥t tá»‡ khÃ´ng ngon.
nhÃ¢n_viÃªn tÆ° váº¥n tá»‘t. "
True,12,CÃ´ lá»… tÃ¢n xinh gÃ¡i nhiá»‡t tÃ¬nh.
True,13,khÃ¡ch_sáº¡n má»›i xÃ¢y nÃªn bÃªn ngoÃ i Ä‘ang lÃ m cÃ´ng trÃ¬nh hÆ¡i dÆ¡ bá»¥i
True,17,"PhÃ²ng á»‘c ráº¥t ok so vá»›i giÃ¡ nhÆ°ng nhÃ  vá»‡ sinh khÃ¡ á»“n báº­t Ä‘iá»‡n lÃªn lÃ  nghe tiáº¿ng mÃ¡y hÃºt giÃ³ vÃ¹ vÃ¹ cá»±c to ,Ä‘i ra biá»ƒn cÅ©ng gáº§n , lá»… tÃ¢n cÅ©ng dá»… thÆ°Æ¡ng nhÆ°ng mÃ  1 Ä‘iá»ƒm xáº¥u nhá» lÃ  máº¥y cÃ´ lao cÃ´ng nÃ³i chuyá»‡n quÃ¡ to,vÃ¬ phÃ²ng khÃ´ng cÃ¡ch Ã¢m nÃªn á»Ÿ trong nghe bÃªn ngoÃ i nÃ³i ráº¥t rÃµ,khÃ¡ch Ä‘ang ngá»§ thÃ¬ máº¥y cÃ´ lao cÃ´ng gÃµ cá»­a dá»n phÃ²ng nÃªn mÃ¬nh tháº¥y khÃ¡ báº¥t tiá»‡n vÃ  hÆ¡i khÃ³ chá»‹u, khÃ¡ch_sáº¡n kháº¯c phá»¥c máº¥y chuyá»‡n lao cÃ´ng nÃ³i chuyá»‡n to vÃ  dá»n phÃ²ng khi khÃ¡ch chÆ°a cÃ³ nhu cáº§u lÃ  ok nhÃ©"
True,20,"Oceanami biá»‡t_thá»± CÃ³ vá»‹ trÃ­ thuáº­n tiá»‡n, khuÃ´n viÃªn Ä‘áº¹p, Äƒn sÃ¡ng táº¡m Ä‘Æ°á»£c...Tuy nhiÃªn cÃ³ Ä‘iá»ƒm trá»« lÃ  biá»‡t_thá»± cÃ³ báº¿p mÃ  khÃ´ng cho sá»­ dá»¥ng, bá»™ pháº­n nháº­n_phÃ²ng quÃ¡ táº£i vÃ o ngÃ y cuá»‘i tuáº§n..."
True,22,"HÃ¬nh áº£nh phÃ²ng trÃªn web chá»‰ mang tÃ­nh cháº¥t minh hoáº¡, ná»¯ lá»… tÃ¢n á»Ÿ Ä‘Ã³ khÃ¡ khÃ³ tÃ­nh. Nháº­n phÃ²ng tá»« 2 giá» chiá»u mÃ  4-5 giá» chiá»u chÆ°a cÃ³ Ä‘á»§ phÃ²ng"
True,32,Tá»‘t. KhÃ´ng cÃ³ gÃ¬ phÃ n nÃ n
True,36,"PhÃ²ng Ä‘áº¹p vÃ  rá»™ng rÃ£i, sáº¡ch_sáº½. phá»¥c_vá»¥ chu Ä‘Ã¡o. NhÆ°ng phÃ²ng tÃ´i á»Ÿ sÃ¡t vá»›i cÃ´ng trÃ¬nh nÃªn hÆ¡i á»“n vÃ  bá»¥i. NhÆ°ng nhÃ¬n chung tÃ´i vÃ  gia Ä‘Ã¬nh váº«n thÃ­ch chuyáº¿n Ä‘i. Sau khi sá»­ dá»¥ng dá»‹ch_vá»¥ vá» cáº£m tháº¥y yÃªn tÃ¢m vá» dá»‹ch_vá»¥ cá»§a ivivu vÃ  sáº½ tiáº¿p tá»¥c liÃªn há»‡ cho nhá»¯ng chuyáº¿n Ä‘i káº¿"
True,38,"BÃ£i biá»ƒn cÃ³ bá»ƒ bÆ¡i nÆ°á»›c áº¥m vÃ o mÃ¹a Ä‘Ã´ng nÃªn nhÃ  mÃ¬nh ráº¥t thÃ­ch. Äá»“ Äƒn sÃ¡ng Ä‘a dáº¡ng, trong Ä‘Ã³ cÃ³ phá»Ÿ bÃ² ráº¥t ngon. PhÃ²ng Ä‘áº¹p, nhÃ¢n_viÃªn phá»¥c_vá»¥ niá»m ná»Ÿ, nhiá»‡t tÃ¬nh. Tuy nhiÃªn, do phÃ²ng táº¯m rá»™ng nÃªn vÃ¡ch kÃ­nh trong buá»“ng táº¯m náº¿u cÃ³ thÃªm cÃ¡nh cá»­a thÃ¬ sáº½ áº¥m hÆ¡n vÃ o mÃ¹a Ä‘Ã´ng. khung_cáº£nh thÃ¬ bÃ¬nh thÆ°á»ng do xung quanh váº«n Ä‘ang xÃ¢y dá»±ng dá»Ÿ dang. á» bÃªn nÃ y thÃ¬ qua khu bÃ£i chÃ¡y chÆ¡i hÆ¡i báº¥t tiá»‡n 1 táº¹o. NhÃ  mÃ¬nh ngÃ y 2 láº§n vÃ²ng vÃ¨o qua cáº§u bÃ£i chÃ¡y Ä‘á»ƒ Ä‘i Äƒn uá»‘ng, cÃ  phÃª."
True,40,Ráº¥t sáº¡ch_sáº½. Má»™t Ä‘iá»ƒm Ä‘áº¿n khÃ¡ thÃº vá»‹. Nháº¥t Ä‘á»‹nh sáº½ quay láº¡i
True,42,"dá»‹ch_vá»¥ khÃ¡ch_sáº¡n mÃ¬nh hÃ i lÃ²ng, nhÃ¢n_viÃªn tÆ° váº¥n ivivu há»— trá»£ mÃ¬nh nhiá»‡t tÃ¬nh, mÃ¬nh lÃ m viá»‡c qua báº¡n nÃ y quen rá»“i."
True,48,"PhÃ²ng giá»‘ng hÃ¬nh, Äƒn sÃ¡ng Ã­t mÃ³n."
True,49,"dá»‹ch_vá»¥ tá»‘t, do Ä‘ang sá»­a chá»¯a nÃªn hÆ¡i á»“n, nhÃ¢n_viÃªn tÆ° váº¥n nhiá»‡t tÃ¬nh, mÃ¬nh hay Ä‘i cá»§a ivivu."
True,56,"khÃ¡ch_sáº¡n cÃ³ khuÃ´n viÃªn rá»™ng, sáº¡ch_sáº½ vÃ  nhiá»u cÃ¢y thoÃ¡ng mÃ¡t."
True,64,khÃ¡ch_sáº¡n má»›i...má»i thá»© á»•n.há»“ bÆ¡i Ä‘áº¹p...
True,65,"Má»i thá»© Ä‘á»u tuyá»‡t, trá»« sÃ n nhÃ  hÆ¡i dÆ¡ vÃ  thang mÃ¡y hÆ¡i sá»£"
True,72,Set thá»±c_Ä‘Æ¡n cháº¥t hÆ¡n láº©u tháº£ (láº©u tháº£ Äƒn Ä‘á»ƒ biáº¿t thÃ´i). khu_nghá»‰_mÃ¡t Ä‘áº¹p
True,74,Ok
True,76,"phÃ²ng rá»™ng rÃ£i, sáº¡ch_sáº½"
True,100,"khÃ¡ch_sáº¡n sáº¡ch_sáº½, Äƒn sÃ¡ng á»•n, má»i thá»© Ä‘á»u ok. Lá»… tÃ¢n chÆ°a niá»m ná»Ÿ láº¯m."
True,102,"quÃ¡ á»“n Ã o , máº·c dÃ¹ Ä‘Ã£ Ä‘áº·t phÃ²ng trÆ°á»›c nhÆ°ng khi Ä‘áº¿n váº«n háº¿t phÃ²ng pháº£i chuyá»ƒn sang khÃ¡ch_sáº¡n khÃ¡c"
True,105,"PhÃ²ng thÃ¬ ban cÃ´ng khoÃ¡ khÃ´ng Ä‘Æ°á»£c, mÃ¡y láº¡nh thÃ¬ cÅ© Ä‘á»ƒ 16 Ä‘á»™ mÃ  nhÆ° 28 Ä‘á»™ ? ÄÃ¨n láº¡i bá»‹ hÆ° â€¦."
True,110,"TÃ´i tháº¥y chuyáº¿n Ä‘i khÃ´ng cÃ³ gÃ¬ Ä‘á»ƒ phÃ n nÃ n,tá»‘t háº¿t."
True,116,"PhÃ²ng á»‘c cÅ©ng ok nhÆ°ng hÆ¡i nhiá»u muá»—i, nhÃ¢n_viÃªn vÃ  dá»‹ch_vá»¥ tá»‘t"
True,132,"Tá»‘t láº¯m, chá»‰ cÃ³ mÃ¡y bay bá»‹ dá»i láº¡i thÃ´i, cÃ²n láº¡i ráº¥t hÃ i lÃ²ng."
True,136,ThÃ¡i Ä‘á»™ cá»§a lá»… tÃ¢n khÃ´ng tá»‘t. Wifi ráº¥t yáº¿u dÆ°á»ng nhÆ° khÃ´ng xÃ i Ä‘Æ°á»£c. PhÃ²ng khung_cáº£nh biá»ƒn cÅ©ng chá»‰ nhÃ¬n Ä‘Æ°á»£c biá»ƒn láº¥p lÃ³ qua máº¥y toÃ  nhÃ .
True,140,"MÃ³n Äƒn trong buffet hÆ¡i Ã­t, phÃ²ng rá»™ng, mÃ¡y láº¡nh hÆ¡i nhá» nÃªn khÃ´ng mÃ¡t, nhÃ¢n_viÃªn tÆ° váº¥n cÅ©ng nhÆ° nhÃ¢n_viÃªn khÃ¡ch_sáº¡n nhiá»‡t tÃ¬nh vÃ  há»— trá»£ Ä‘áº·t phÃ²ng phÃ²ng nhanh chÃ³ng. 

"
True,150,"TÃ´i khÃ¡ hÃ i lÃ²ng khi á»Ÿ Ä‘Ã¢y, phÃ²ng á»‘c Ä‘áº¹p vÃ  vá»‹ trÃ­ khÃ¡ch_sáº¡n cÅ©ng Ä‘áº¹p ná»¯a chá»‰ cÃ³ 1 Ä‘iá»u lÃ  thang mÃ¡y cá»§a khÃ¡ch_sáº¡n cÃ³ hÆ¡i cháº­m, nhÆ°ng mÃ  cÅ©ng khÃ´ng sao cáº£. nhÃ¢n_viÃªn ivivu Ä‘Ã£ há»— trá»£ tÃ´i ráº¥t nhiá»‡t tÃ¬nh."
True,151,"sáº¡ch_sáº½, an uong tot , Æ¡Ì‰ biá»‡t_thá»± hÆ¡i bÃ¢Ìt tiÃªÌ£n viÃªÌ£c di chuyen"
True,154,Giá» nháº­n phÃ²ng lÃ  14h. MÃ  17 giá» má»›i Ä‘Æ°á»£c nháº­n phÃ²ng
True,160,"giÃ¡_cáº£ mÃ¹a dá»‹ch táº§m 5xx-6xxk, quÃ¡ ráº» Ä‘á»ƒ tráº£i nghiá»‡m 5 sao. NhÆ°ng lá»—i thiáº¿t káº¿ ná»™i tháº¥t váº«n chÆ°a xá»©ng táº§m 5 sao láº¯m. Cháº¿ Ä‘á»™ táº¯t vÃ  báº­t cÃ´ng táº¯c Ä‘iá»‡n khÃ´ng Ä‘á»“ng bá»™. Gáº·p ngÆ°á»i cÃ³ tÃ­nh cáº§u toÃ n thÃ¬ nhÃ¬n sáº½ khÃ³ chá»‹u. PhÃ²ng 1005. khÃ¡ch_sáº¡n náº¿u Ä‘á»c Ä‘Æ°á»£c thÃ¬ nÃªn fix chá»— nÃ y Ä‘á»ƒ Ä‘Ãºng vá»›i tráº£i nghiá»‡m 5 sao."
True,161,"Toa tÃ u chuyáº¿n Ä‘i hÆ¡i cÅ©, gháº¿ nhá» (toa sá»‘ 3). Chuyáº¿n vá» gháº¿ má»›i, thoáº£i mÃ¡i hÆ¡n (toa sá»‘ 4). CÃ²n khÃ¡ch_sáº¡n phÃ²ng Ä‘áº¹p, tiá»‡n nghi. TÃ´i Ä‘Ã£ cÃ³ 1 chuyáº¿n Ä‘i vui váº», tÃ´i thÃ­ch láº¯m"
True,171,"khu_nghá»‰_mÃ¡t á»Ÿ tÃ´i tháº¥y ok, nhÃ¢n_viÃªn chu Ä‘Ã¡o."
True,172,"nhÃ¢n_viÃªn ráº¥t nhiá»‡t tÃ¬nh, phÃ²ng Ä‘áº¹p, Ä‘á»“ uá»‘ng ngon tuy nhiÃªn thá»±c Ä‘Æ¡n khÃ´ng phong phÃº, chá»§ yáº¿u lÃ  nhá»¯ng mÃ³n tÃ¢y Ä‘Æ¡n giáº£n, khÃ´ng cÃ³ nhá»¯ng mÃ³n Ä‘áº·c trÆ°ng cá»§a vÃ¹ng miá»n, khÃ´ng cÃ³ háº£i sáº£n trong thá»±c Ä‘Æ¡n. LÃ  1 trong nhá»¯ng nguyÃªn nhÃ¢n mÃ  khÃ¡ch pháº£i ra ngoÃ i Äƒn thay vÃ¬ chá»‰ chá»n khu_nghá»‰_mÃ¡t lÃ  1 Ä‘iá»ƒm duy nháº¥t"
True,178,khu_nghá»‰_mÃ¡t má»›i xÃ¢y nÃªn cÃ²n nhiá»u thá»© chÆ°a Ä‘Ã¢u vÃ o Ä‘Ã¢u
True,179,"PhÃ²ng Ä‘áº¹p vÃ  thoáº£i mÃ¡i.
nhÃ¢n_viÃªn thÃ¢n thiá»‡n. Thá»±c pháº©m lÃ  tá»‘t. NhÆ°ng váº«n cÃ²n dÆ°á»›i xÃ¢y dá»±ng, bÃ£i biá»ƒn khÃ´ng thá»ƒ bÆ¡i.
"
True,182,"nhÃ¢n_viÃªn thÃ¢n thiá»‡n, mÃ´i trÆ°á»ng sáº¡ch_sáº½, tuy nhiÃªn cáº§n chÄƒm sÃ³c cáº£nh quan, cÃ¢y cá»‘i hÆ¡n."
True,186,Má»i thá»© Ä‘á»u á»•n. Cáº¡nh bá»“n cáº§u cáº§n cÃ³ thÃªm 1 vÃ²i xá»‹t.
True,197,"Ráº¥t hÃ i lÃ²ng vá»›i 2 Ä‘Ãªm á»Ÿ khu_nghá»‰_mÃ¡t. NhÆ°ng vÃ¬ xa trung tÃ¢m nÃªn tá»‘i chá»‰ cÃ³ thá»ƒ Äƒn háº£i sáº£n á»Ÿ lÃ ng chÃ i cáº¡nh khu_nghá»‰_mÃ¡t. Mua Ä‘á»“ chá»n Ä‘á»“ ngay bÃ£i biá»ƒn, tÆ°Æ¡i sá»‘ng, ngon. NhÆ°ng Ä‘Æ°á»£c vÃ o trung tÃ¢m thÃ nh phá»‘ váº«n thÃ­ch hÆ¡n ğŸ˜‚"
True,199,"Máº¥t Ä‘iá»‡n, máº¥t nÆ°á»›c Ä‘Ãºng hÃ´m mÃ¬nh á»Ÿ nÃªn khÃ´ng buá»“n vá» phÃ²ng"
True,205,ChÃ¢n thÃ nh cáº£m Æ¡n báº¡n nhÃ¢n_viÃªn tÆ° váº¥n Huá»³nh Táº¥n Du Ä‘Ã£ háº¿t mÃ¬nh há»— trá»£. ChÃºc má»«ng ivivu cÃ³ Ä‘Æ°á»£c nhÃ¢n_viÃªn cÃ³ tÃ i vÃ  cÃ³ tÃ¢m nhÆ° báº¡n Huá»³nh Tuáº¥n Du. CÃ´ng ty báº¡n sáº½ thÃ nh cÃ´ng nhá» nhá»¯ng báº¡n nhÃ¢n_viÃªn nhÆ° Du.
True,218,"TÃ´i khÃ´ng phÃ n nÃ n gÃ¬ vá» chuyáº¿n Ä‘i, cÃ¡ch phá»¥c_vá»¥ tá»‘t"
True,226,"khÃ¡ch_sáº¡n lÃ m thá»§ tá»¥c nháº­n phÃ²ng lÃ¢u quÃ¡, cÃ²n láº¡i tÃ´i Ä‘á»u hÃ i lÃ²ng"
True,234,"Bá»‹ Æ°ng tá»« khi xem áº£nh vÃ  quyáº¿t Ä‘á»‹nh chá»n the bay ngay tá»« cÃ¡i nhÃ¬n Ä‘áº§u tiÃªn, phÃ²ng Ä‘áº¹p lung linh tha há»“ sá»‘ng áº£o :)) Ä‘iá»ƒm cá»™ng ná»¯a lÃ  cÃ³ gÆ°Æ¡ng to cho chá»‹ em dá»… dÃ ng make up vá»›i lÃªn Ä‘á»“, anh chá»§ nhiá»‡t tÃ¬nh vui tÃ­nh há»i nhiá»u mÃ  váº«n khÃ´ng bá»‹ máº¯ng :)) vote 5 sao !!!"
True,235,khÃ¡ch_sáº¡n Ä‘áº¹p tuyá»‡t vá»i ThÃ­ch nháº¥t lÃ  cÃ³ ban cÃ´ng thoÃ¡ng Má»—i cÃ¡i lÃ  bá»¯a sÃ¡ng khÃ´ng ngon
True,254,NÃ³i chung nÃ³ khÃ¡ tá»‘t. nhÃ¢n_viÃªn cáº§n chuyÃªn nghiá»‡p hÆ¡n. Tá»‘t hÆ¡n nhiá»u náº¿u phÃ²ng lÃ  tiáº¿ng á»“n báº±ng chá»©ng
True,284,Khi TÃ´i Ä‘i TÃ´i cÃ³ phÃ¡t sinh 2 bÃ© dÆ°á»›i 5 tuá»•i vÃ  TÃ´i Ä‘Ã£ pháº£i thanh toÃ¡n thÃªm tiá»n 1 bÃ©. TÃ´i cáº£m tháº¥y ráº¥t khÃ´ng há»£p lÃ½ vá»›i chÃ­nh sÃ¡ch Ä‘Ã³ trong khi TÃ´i á»Ÿ biá»‡t_thá»± 3 phÃ²ng ngá»§. CÃ¡c khÃ¡ch_sáº¡n khÃ¡c TÃ´i á»Ÿ Ä‘Ã¢u cÃ³ phá»¥ thu kiá»ƒu nhÆ° tháº¿ vÃ  khu_nghá»‰_mÃ¡t cÅ©ng khÃ¡ cÅ© rá»“i.Cháº¯c cháº¯n TÃ´i sáº½ khÃ´ng quay láº¡i. BÃªn ivivu TÃ´i váº«n ráº¥t hÃ i lÃ²ng
True,289,"phÃ²ng ráº¥t Ä‘áº¹p, khu du lá»‹ch nhiá»u trÃ² chÆ¡i háº¥p dáº«n. tuy nhiÃªn, Ä‘á»“ Äƒn á»Ÿ nhÃ  hÃ ng hÆ¡i chÃ¡n."
True,296,nhÃ¢n_viÃªn Ä‘Æ°a phÃ²ng khÃ¡c trÃªn áº£nh
True,297,nhÃ¢n_viÃªn chÆ°a nhiá»‡t tÃ¬nh tÆ°Æ¡ng tÃ¡c vá»›i khÃ¡ch hÃ ng. Äáº©y khÃ³ khÄƒn vá» phÃ­a khÃ¡ch hÃ ng
True,299,"khÃ¡ch_sáº¡n sáº¡ch_sáº½, wifi sÃ³ng yáº¿u khÃ´ng lÃ m Ä‘Æ°á»£c gÃ¬, Äƒn sÃ¡ng nguá»™i quÃ¡, cáº£m Æ¡n!"
True,305,"khÃ¡ch_sáº¡n nhá» hÆ¡i tá»‘i, phÃ²ng cÅ©ng Ä‘áº¹p. Xá»©ng Ä‘Ã¡ng vá»›i gia tiá»n"
True,312,Vá»›i táº§m giÃ¡ 1 triá»‡u cho 3 Ä‘Ãªm vá»›i phÃ²ng nhÆ° váº­y lÃ  quÃ¡ chuáº©n. Lá»… tÃ¢n khÃ¡ nhiá»‡t tÃ¬nh.
True,313,"khÃ¡ch_sáº¡n cÅ©ng á»•n, hÆ¡i xa trung tÃ¢m"
True,314,"khu_nghá»‰_mÃ¡t thÃ­ch há»£p Ä‘á»ƒ nghá»‰ dÆ°á»¡ng. KhÃ´ng khÃ­ trong lÃ nh, cáº£nh quang háº¿t há»£p hÃ i hoÃ  vá»›i thiÃªn nhiÃªn, nhÃ  hÃ ng cÃ³ Ä‘á»“ Äƒn sáº¡ch, khÃ¡ ngon CÃ³ khu vui chÆ¡i Ä‘á»ƒ giáº£i trÃ­"
True,316,"Ä‚n ngon, phÃ²ng hÆ¡i cÅ©, cÃ³ mÅ©i, há»“ bÆ¡i bÃ£i biá»ƒn Ä‘áº¹p"
True,318,"Khu nghá»‰ mÃ¡t nÃ y lÃ  ráº¥t hÃ²a bÃ¬nh vÃ  thiÃªn nhiÃªn thÃ¢n thiá»‡n. TÃ´i khÃ¡ áº¥n tÆ°á»£ng vá»›i khu vÆ°á»n cÃ³ mÃ  hoÃ n toÃ n tÆ°Æ¡i, xanh lÃ¡ cÃ¢y vÃ  Ä‘áº§y hoa. CÄƒn phÃ²ng tÃ´i Ä‘áº·t lÃ  tá»‘t Ä‘áº¹p vÃ  thoáº£i mÃ¡i loáº¡i trá»« má»™t sá»‘ dáº¥u váº¿t báº©n trÃªn gháº¿ sofa vÃ  má»™t Ã¡nh sÃ¡ng bá»‹ há»ng trong phÃ²ng táº¯m. TÃ´i áº¥n tÆ°á»£ng vá»›i kÃ­ch thÆ°á»›c cá»§a cÄƒn phÃ²ng vÃ  phÃ²ng táº¯m cá»§a nÃ³ mÃ  tÃ´i nghÄ© sáº½ phÃ¹ há»£p cho gia Ä‘Ã¬nh cÃ³ tráº» em. CÃ¡c nhÃ¢n_viÃªn siÃªu thÃ¢n thiá»‡n. TÃ´i khuyÃªn báº¡n nÃªn cho Poshanu mÃ³n hotspot cho bá»¯a Äƒn trÆ°a hoáº·c Äƒn tá»‘i, nÃ³ khÃ¡ táº¡i Ä‘á»‹a phÆ°Æ¡ng vÃ  quan trá»ng Ä‘á»‘i vá»›i kinh nghiá»‡m cá»§a báº¡n."
True,322,Má»i thá»© Ä‘á»u ok ... sáº½ tuyá»‡t hÆ¡n náº¿u nhÆ° khÃ¡ch_sáº¡n trang biáº¿t thÃªm smart tivi
True,327,NÃªn chá»n hÃ£ng mÃ¡y bay khÃ¡c. VietJet ráº¥t tá»‡ (bá»‹ dá»i láº¡i ráº¥t nhiá»u trong 1 chuyáº¿n  bay).
True,331,PhoÌ€ng tuy beÌ nhÆ°ng saÌ£ch seÌƒ nhÃ¢n_viÃªn nhiÃªÌ£t tiÌ€nh giaÌ diÌ£ch vuÌ£ giÄƒÌ£t hÆ¡i cao
True,341,"CÆ¡ sá»Ÿ váº­t cháº¥t khÃ´ng á»•n láº¯m, phÃ²ng khÃ´ng cÃ³ mÃ¡y láº¡nh, quáº¡t má»Ÿ thÃ¬ cÃ³ tiáº¿ng á»“n lá»›n. CÃ¡c báº¡n tÆ° váº¥n tÃ´i 5 sao nhÆ°ng tÃ´i tháº¥y khÃ´ng tÆ°Æ¡ng xá»©ng"
True,346,Ráº¥t hÃ i lÃ²ng vá»›i dá»‹ch_vá»¥ chÄƒm sÃ³c khÃ¡ch hÃ ng cá»§a báº¡n nhÃ¢n_viÃªn Tráº§n TrÃ­ Tháº¿: Lá»‹ch sá»± - Chu ÄÃ¡o - Nhiá»‡t tÃ¬nh - ChuyÃªn nghiá»‡p. Hy vá»ng Ä‘Æ°á»£c lÃ m viá»‡c cÃ¹ng ivivu nhiá»u hÆ¡n ná»¯a trong cÃ¡c dá»‹p khÃ¡c.
True,347,"Khu nghá»‰ dÆ°á»¡ng yÃªn tÄ©nh, phá»¥c_vá»¥ á»•n"
True,355,"PhÃ²ng quÃ¡ cÅ©, khÃ´ng Ä‘Æ°á»£c nÃ¢ng cáº¥p"
True,361,gia dinh ráº¥t hÃ i lÃ²ng
True,370,"khÃ¡ch_sáº¡n tá»‘t, phá»¥c_vá»¥ cÅ©ng tá»‘t, nÃ³i chung lÃ  á»•n. HÃ´m tÃ´i Ä‘i cÃ³ 1 phÃ²ng mÃ¡y láº¡nh bá»‹ hÆ° nhÆ°ng hÃ´m sau khÃ¡ch_sáº¡n cÅ©ng táº¡o Ä‘iá»u kiá»‡n Ä‘á»ƒ tÃ´i Ä‘Æ°á»£c Ä‘á»•i phÃ²ng. TÃ´i tháº¥y ivivu hay Ä‘Æ°a ra giÃ¡ tá»‘t, hy vá»ng láº§n sau láº¡i Ä‘Æ°á»£c du lá»‹ch tiáº¿p tá»¥c cÃ¹ng ivivu"
True,372,"Cháº¯c do Ä‘Ã´ng khÃ¡ch hay sao thÃ¬ lá»… tÃ¢n nhá»¯ng bá»™ pháº­n khÃ¡c há»— trá»£ khÃ´ng tá»‘t: nhÆ° pháº§n Ä‘áº·t bá»¯a Äƒn,...PhÃ²ng thÃ¬ bÃ¬nh thÆ°á»ng, khÃ´ng Ä‘áº·c sáº¯c láº¯m"
True,386,"PhÃ²ng giÃ¡ tá»‘t ngay biá»ƒn, Ä‘á»§ tiá»‡n nghi"
True,401,"nhÃ¢n_viÃªn vui váº», phÃ²ng hÆ¡i nhá», vá»‹ trÃ­ khÃ³ tÃ¬m nhÆ°ng tháº¿ lÃ  tá»‘t rá»“i. Vá»›i giÃ¡ nhÆ° váº­y á»Ÿ tá»‘t rá»“i"
True,409,HÆ¡i xa thÃ nh phá»‘ Quy NhÆ¡n nÃªn ráº¥t biá»‡t láº­p. BÃ£i biá»ƒn khÃ¡ Ä‘áº¹p
True,410,"NhÃ¬n chung lÃ  Ä‘Ã¡p á»©ng cÃ¡c nhu cáº§u cÄƒn báº£n, thÃ¡i Ä‘á»™ tá»‘t, vá»‹ trÃ­ khÃ¡ á»•n, phong cÃ¡ch cá»• kÃ­nh, nÃ³i chung lÃ  tá»‘t."
True,416,"Má»i thá»© Ä‘iá»u tá»‘t. dá»‹ch_vá»¥ cá»§a ivivu ráº¥t ok, láº§n sau tÃ´i sáº½ tiáº¿p tá»¥c sá»­ dá»¥ng"
True,417,"Victoria Phan Thiáº¿t khÃ´ng cÃ³ váº¥n Ä‘á» gÃ¬, má»i thá»© Ä‘á»u tá»‘t. "
True,423,"ChÃ¡u VÃ²ng Má»· HÆ°Æ¡ng tÆ° váº¥n ráº¥t tá»‘t , vui váº» . Cho CÃ´ ,ChÃº chuyá»ƒn lá»i cáº£m Æ¡n . Sáº½ quay láº¡i ivivu ."
True,430,"nhÃ¢n_viÃªn tÆ° váº¥n táº­n tÃ¬nh, há»— trá»£ tá»‘t. MÃ¬nh tá»›i khu_nghá»‰_mÃ¡t khÃ´ng cÃ³ welcome drink, nhÃ¢n_viÃªn chÆ°a Ä‘Æ°á»£c nhiá»‡t tÃ¬nh vá»›i khÃ¡ch, phÃ²ng á»‘c cÅ©ng OK. Hy vá»ng láº§n sau mÃ¬nh Ä‘Æ°á»£c há»— trá»£ tá»‘t hÆ¡n. "
True,432,"TÃ´i Ä‘Æ°á»£c sáº¯p xáº¿p hÆ°á»›ng phÃ²ng khÃ¡c vá»›i láº§n trÆ°á»›c, nÃªn cÃ³ cáº£m giÃ¡c khÃ´ng bá»‹ trÃ¹ng láº·p, tÃ´i thÃ­ch láº¯m"
True,436,"khu_nghá»‰_mÃ¡t phá»¥c_vá»¥ tá»‘t. NhÆ°ng 1 giÆ°á»ng Ä‘Ã´i cá»§a tÃ´i lÃ  do 2 giÆ°á»ng nhá» ghÃ©p láº¡i. MÃ  nhÃ¬n chung chÃºng tÃ´i Ä‘Ã£ cÃ³ chuyáº¿n Ä‘i vui. App cá»§a ivivu khÃ¡ ok, nhÆ°ng khi vÃ o má»¥c chuyáº¿n Ä‘i cá»§a tÃ´i thÃ¬ cá»© bá»‹ quay hoÃ i nÃªn tÃ´i pháº£i thoÃ¡t ra. nhÃ¢n_viÃªn ivivu há»— trá»£ tá»‘t, háº¹n gáº·p cÃ¡c báº¡n láº§n sau"
True,437,phÃ²ng cÃ¡ch Ã¢m khÃ´ng Ä‘Æ°á»£c tá»‘t nÃªn 12 giá» Ä‘Ãªm váº«n nghe tiáº¿ng á»“n cá»§a nhá»¯ng phÃ²ng khÃ¡c
True,443,"nhÃ¢n_viÃªn lá»… tÃ¢n khÃ´ng Ä‘Æ°á»£c thÃ¢n thiá»‡n, cÃ³ sá»± phÃ¢n biá»‡t giá»¯a khÃ¡ch Viá»‡t vÃ  khÃ¡ch TÃ¢y. PhÃ²ng á»‘c táº¡m Ä‘Æ°á»£c chá»© khÃ´ng Ä‘Æ°á»£c 3 sao. "
True,450,"Khi Ä‘Æ°á»£c tÆ° váº¥n cÅ©ng nhÆ° Ä‘áº©ythÆ°gÃ³i combo cÃ³ dá»‹ch_vá»¥ Ä‘i kÃ¨m ""shuttle bus Ä‘Æ°a Ä‘Ã³n tá»« ga vá» khu_nghá»‰_mÃ¡t"" tuy nhiÃªn khi chá»‘t deal thanh toÃ¡n xong nhÃ¢n_viÃªn tÆ° váº¥n bÃ¡o khÃ´ng cÃ³ dá»‹ch_vá»¥ trÃªn. "
True,466,"Äáº¹p tá»«ng gÃ³c cáº¡nh, nhÃ¢n_viÃªn nÃªn tÆ° váº¥n ká»¹ hÆ¡n cÃ¡c dá»‹ch_vá»¥ tiá»‡n_Ã­ch cho khÃ¡ch hÃ ng nhÆ°: cÃ³ xe Ä‘Æ°a Ä‘Ã³n trong khu_nghá»‰_mÃ¡t theo yÃªu cáº§u, nhÆ° chá»Ÿ tá»« phÃ²ng ra sáº£nh tiáº¿p tÃ¢n hay nhÃ  hÃ ng....bla bla."
True,471,"HÃ i lÃ²ng nhÆ°ng dá»‹ch_vá»¥ massage 15 phÃºt chá»‰ massage Ä‘Æ°á»£c cÃ³ 10 phÃºt thÃ´i. nhÃ¢n_viÃªn tÆ° váº¥n cá»§a ivivu nhiá»‡t tÃ¬nh, chá»‹u khÃ³. "
True,475,"ÄÃ¡nh giÃ¡ cá»§a an ninh an toÃ n vÃ  cÃ¡ch khu nghá»‰ khÃ´ng thiáº¿t káº¿ khÃ³a tháº» phÃ²ng nhÆ° cÃ¡c chá»— khÃ¡c chÃ­nh lÃ  má»©c báº£o Ä‘áº£m tá»‘i Ä‘a nháº¥t. PhÃ²ng á»‘c sáº¡ch Ä‘áº¹p, Ä‘á»“ Äƒn khÃ´ng quÃ¡ nhiá»u nhÆ°ng Ä‘á»§ Ä‘á»ƒ láº¡i áº¥n tÆ°á»£ng cho du khÃ¡ch. nhÃ¢n_viÃªn nhiá»‡t tÃ¬nh vÃ  gáº§n gÅ©i."
True,487,"NgÃ y Ä‘áº§u mÃ¡y láº¡nh hÆ° nÃªn tÃ´i Ä‘Ã£ yÃªu cáº§u Ä‘á»•i phÃ²ng khÃ¡c, pháº£i Ä‘á»•i Ä‘áº¿n máº¥y phÃ²ng má»›i ok. VÃ¬ mÃ¡y láº¡nh dÆ°á»ng nhÆ° cÅ© rá»“i, khÃ´ng láº¡nh"
True,490,"HÃ i lÃ²ng vá» chuyáº¿n Ä‘i, chá»‰ buá»“n lÃ  Ä‘i mÃ¹a nÃ y táº¯m biá»ƒn bá»‹ sá»©a cáº¯n sÆ°ng háº¿t chÃ¢n"
True,492,"TÃ´i hÃ i lÃ²ng vá» chuyáº¿n Ä‘i, vá» nhÃ¢n_viÃªn tÆ° váº¥n cÅ©ng nhÆ° khÃ¡ch_sáº¡n, khung_cáº£nh Ä‘áº¹p vÃ  sáº¡ch_sáº½. "
True,494,PhÃ²ng mÃ¬nh nháº­n khÃ´ng giá»‘ng trong hÃ¬nh. Tháº¥y trÃªn hÃ¬nh cÃ³ khung_cáº£nh biá»ƒn mÃ  khi nháº­n láº¡i cho mÃ¬nh vÃ o chá»— xung quanh lÃ  tÆ°á»ng khÃ´ng. Cá»­a sá»• cháº³ng nhÃ¬n tháº¥y gÃ¬ ngoÃ i bá»©c tÆ°á»ng khu káº¿ bÃªn.
True,495,"PhÃ²ng khung_cáº£nh Ä‘áº¹p, dá»‹ch_vá»¥ tá»‘t, tuy nhiÃªn hÃ nh lang hÆ¡i nhá», cÃ¡ch Ã¢m khÃ´ng tá»‘t láº¯m. khÃ¡ch_sáº¡n Ä‘á»‘i diá»‡n biá»ƒn, nhÆ°ng muá»‘n sang biá»ƒn pháº£i Ä‘i vÃ²ng 1 Ä‘oáº¡n, nhÆ°ng nhÃ  mÃ¬nh khÃ´ng thÃ­ch táº¯m biá»ƒn nÃªn cÅ©ng khÃ´ng quan trá»ng"
True,500,"TÃ´i hÃ i lÃ²ng vá» cháº¥t lÆ°á»£ng dá»‹ch_vá»¥ cá»§a khÃ¡ch_sáº¡n. nhÃ¢n_viÃªn ivivu khÃ´ng tÆ° váº¥n cá»¥ thá»ƒ cho tÃ´i vá» thá»i gian nháº­n_phÃ²ng trÆ°á»›c giá» bay, nÃªn tÃ´i Ä‘áº¿n trá»… pháº£i Ä‘Ã³ng phÃ­ hÆ¡n 1 triá»‡u, tÃ´i cÃ³ liÃªn há»‡ vÃ o di Ä‘á»™ng cá»§a nhÃ¢n_viÃªn nhÆ°ng báº¡n áº¥y bÃ¡o Ä‘ang nghá»‰ phÃ©p, khÃ´ng há»— trá»£ Ä‘Æ°á»£c, tÃ´i tháº¥y ráº¥t bá»‹ Ä‘á»™ng."
True,504,"PhÃ²ng thoÃ¡ng mÃ¡t, sáº¡ch_sáº½, mÃ u sáº¯c hÃ i hÃ²a. Máº·c dÃ¹ bá»“n cáº§u bá»‹ rá»‰ nÆ°á»›c khi xáº£, mÃ¡y láº¡nh hÆ¡i cÅ©, remote tivi khÃ´ng báº¥m chuyá»ƒn kÃªnh Ä‘Æ°á»£c, nhÆ°ng cÃ²n láº¡i Ä‘á»u á»•n."
True,514,"khÃ¡ch_sáº¡n 5 sao mÃ  sÃ n gáº¡ch, khÃ´ng tháº£m, khÃ´ng sÃ n gá»—. dá»‹ch_vá»¥ Ã­t. Ä‚n uá»‘ng khÃ´ng Ä‘a dáº¡ng. nhÃ¢n_viÃªn khÃ´ng vui váº» niá»m ná»Ÿ. ÄÃ¡nh giÃ¡ chá»‰ cá»¡ 3 sao."
True,522,"tá»‘i cho viá»‡c thÆ°_giÃ£n, nghá»‰ ngÆ¡i!"
True,531,"dá»‹ch_vá»¥ tá»‘t, phÃ²ng khÃ¡ch Ä‘áº·t khung_cáº£nh hÆ°á»›ng biá»ƒn, nhÆ°ng nhÃ¬n ra bá»‹ vÆ°á»›ng táº§m nhÃ¬n nÃªn khÃ´ng hÃ i lÃ²ng láº¯m
nhÃ¢n_viÃªn nhiá»‡t tÃ¬nh, náº¯m rÃµ thÃ´ng tin sáº£n pháº©m."
True,532,viá»‡c nháº­n_phÃ²ng quÃ¡ cháº­m mÃ  khÃ´ng biáº¿t lá»—i tá»« trang máº¡ng hay tá»« khÃ¡ch_sáº¡n?
True,534,"Gáº§n khu phá»‘ cá»• nÃªn tiá»‡n Ä‘i láº¡i, khÃ´ng thÃ­ch Äƒn sÃ¡ng kiá»ƒu gá»i mÃ³n, nÆ°á»›c miá»…n_phÃ­ mÃ  chai nÆ°á»›c nhÃ£n hiá»‡u láº¡ khÃ´ng dÃ¡m uá»‘ng. GiÃ¡ phÃ²ng ráº», phÃ²ng hÆ¡i nhá» cho 3 ngÆ°á»i, nhÆ°ng nhÃ  táº¯m thÃ¬ tháº­t lÃ  to :))"
True,556,CÃ³ nhiá»u muá»—i trong khu vá»±c phÃ²ng Delux
True,566,"dá»‹ch_vá»¥ vÃ  phÃ²ng á»•n, nhÆ°ng chÆ°a tuyá»‡t Ä‘á»‘i"
True,571,Cháº¥t lÆ°á»£ng phÃ²ng á»‘c cá»§a khÃ¡ch_sáº¡n ráº¥t tá»‘t nhÆ°ng mÃ  vá»‹ trÃ­ thÃ¬ hÆ¡i xa trung tÃ¢m.
True,577,"KhÃ¡ á»•n, máº·c dÃ¹ khu nghá»‰ full phÃ²ng.. Ä‘á»£i xe hÆ¡i lÃ¢u chÃºt"
True,582,"khu_nghá»‰_mÃ¡t Ä‘áº¹p, nhÃ¢n_viÃªn thÃ¢n thiá»‡n, phá»¥c_vá»¥ tá»‘t... nhÆ°ng cÃ³ Ä‘iá»u vÃ¬ quÃ¡ váº¯ng khÃ¡ch mÃ  khÃ´ng cÃ³ buffet sÃ¡ng, Ä‘Æ°á»ng vá» thÃ¬ tá»‘i, khÃ´ng cÃ³ Ä‘Ã¨n Ä‘Æ°á»ng gáº§n chá»¥c km tÃ­nh tá»« trung tÃ¢m thÃ nh phá»‘, cháº¡y xe vá» mÃ  tháº¥y hÆ¡i sá»£.. nhÆ°ng nÃ³i chung cÅ©ng ok.."
True,584,"Vá»‹ trÃ­ náº±m trong háº»m nhÆ°ng váº«n á»Ÿ trung tÃ¢m thÃ nh phá»‘, dá»… di chuyá»ƒn tá»›i cÃ¡c Ä‘iá»ƒm thÄƒm quan."
True,585,"Ä‚n uá»‘ng vÃ   phÃ²ng á»‘c á»•n, nhÆ°ng khung_cáº£nh thÃ¬ chÆ°a Ä‘Æ°á»£c Ä‘áº¹p láº¯m. ivivu há»— trá»£ tá»‘t vÃ  uy tÃ­n"
True,588,"PhÃ²ng nhiá»u muá»—i vÃ  khÃ´ng cÃ³ cÃ¡ch Ã¢m, khÃ¡ch Ä‘oÃ n nhiá»u, ban ngÃ y cá»±c á»“n do Ä‘ang xÃ¢y dá»±ng káº¿ bÃªn, buffet sÃ¡ng thÃ¬ láº­p Ä‘i láº­p láº¡i, nhÃ¢n_viÃªn thiáº¿u chuyÃªn nghiá»‡p, 2h30 nháº­n phÃ²ng mÃ  Ä‘á»©ng Ä‘á»£i ná»­a tiáº¿ng Ä‘á»“ng há»“ trong khi trá»i nÃ³ng"
True,590,Team ivivu tÆ° váº¥n ráº¥t nhiá»‡t tÃ¬nh vÃ  nhanh
True,599,HÆ¡i cÃ³ sá»± lá»™n xá»™n trong viá»‡c kiá»ƒm soÃ¡t tháº» giá»¯ xe mÃ¡y vÃ  khÃ´ng cÃ³ nÆ°á»›c uá»‘ng miá»…n phÃ­
True,603,Má»i thá»© Ä‘á»u ráº¥t á»•n. Tiáº¿c lÃ  Ä‘i bá»™ ra bÃ£i táº¯m hÆ¡i xa
True,609,"Cháº¯c do khÃ¡ch Ä‘Ã´ng nÃªn nháº­n phÃ²ng trá»…, nÃªn cÃ³ chÃºt khÃ´ng hÃ i lÃ²ng"
True,622,"khÃ¡ch_sáº¡n cÃ³ cháº¥t lÆ°á»£ng ráº¥t tá»‘t, cáº£nh ráº¥t Ä‘áº¹p, giÃ¡ ráº¥t há»£p, nhÆ°ng nhÃ¢n_viÃªn phá»¥c_vá»¥ khÃ´ng thÃ¢n thiá»‡n, láº¡nh lÃ¹ng vá»›i khÃ¡ch, cháº¥t lÆ°á»£ng dá»‹ch_vá»¥ ivivu ráº¥t tá»‘t."
True,626,"khÃ¡ch_sáº¡n dá»‹ch_vá»¥ tá»‘t, nhÃ¢n_viÃªn há»— trá»£ nhiá»‡t tÃ¬nh, phÃ²ng tÃ´i xáº¿p trÃªn phÃ²ng há»™i nghá»‹ tá»‘i hÃ´m Ä‘Ã³ hÆ¡i á»“n ráº¥t khÃ³ ngá»§. khÃ¡ch_sáº¡n nÃªn  há»— trá»£ sáº¯p xáº¿p phÃ²ng cho ivivu vá» váº¥n Ä‘á» nÃ y. TÃ´i cáº£m Æ¡n ivivu Ä‘Ã£ há»— trá»£ nhiá»‡t tÃ¬nh."
True,628,khÃ¡ch_sáº¡n ngay trung tÃ¢m. KhÃ´ng cÃ³ mÃ¡y láº¡nh. PhÃ²ng cÅ©ng ok. Chá»§ khÃ¡ch_sáº¡n nháº­u 11 giá» trÆ°a tá»›i 14 giá» chiá»u á»“n Ã o khÃ´ng ngá»§ Ä‘Æ°á»£c. Xong 21 giá» tiáº¿p tá»¥c nháº­u. Pháº£i xuá»‘ng nÃ³i vá»›i lá»… tÃ¢n
True,644,"Má»™t khÃ¡ch_sáº¡n tuyá»‡t trong nhá»¯ng khÃ¡ch_sáº¡n táº¡i Huáº¿, bá»¯a sÃ¡ng tuyá»‡t vá»i, tuy khÃ¡ch_sáº¡n cÃ²n chÆ°a chuyÃªn nghiá»‡p khi giao tiáº¿p vá»›i khÃ¡ch"
True,652,"Sea Horse ráº¥t tá»‘t, trá»« 1 viá»‡c lÃ  cÃ³ hÆ¡i nhiá»u muá»—i. TÃ´i á»Ÿ táº§ng trá»‡t, room 123,125, tháº¥y nhÆ° váº­y!"
True,653,"PhÃ²ng khÃ¡ch_sáº¡n ok nhÆ°ng xa biá»ƒn, cÃ³ xe Ä‘iá»‡n Ä‘Æ°a Ä‘i táº¯m náº¿u muá»‘n. Há»“ bÆ¡i to nhÆ°ng khÃ´ng Ä‘áº¹p láº¯m so vá»›i cÃ¡c khu_nghá»‰_mÃ¡t khÃ¡c trong táº§m giÃ¡.
Buffet sÃ¡ng ok"
True,655,"HÃ i lÃ²ng vá» dá»‹ch_vá»¥, tuy nhiÃªn chÃºng tÃ´i xuá»‘ng há»“ bÆ¡i thÃ¬ bá»‹ nhÃ¢n_viÃªn Ä‘uá»•i lÃªn vÃ¬ khÃ´ng máº·c quáº§n bÆ¡i"
True,658,"khu_nghá»‰_mÃ¡t ráº¥t thoáº£i mÃ¡i, thoÃ¡ng mÃ¡t. TÃ´i vÃ  gia Ä‘Ã¬nh ráº¥t thÃ­ch, nhÆ°ng má»—i tá»™i lÃ  há»“ bÆ¡i Ä‘ang sá»­a chá»¯a nÃªn chÆ°a tráº£i nghiá»‡m háº¿t. ChÃºng tÃ´i sáº½ quay láº¡i khi há»“ bÆ¡i hoÃ n thiá»‡n"
True,668,"PhÃ²ng quÃ¡ á»“n vÃ¬ sá»­a chá»¯a, thang mÃ¡y cÅ©ng sá»­a."
True,686,"phá»¥c_vá»¥ á»•n, phÃ²ng á»‘c khÃ¡ch_sáº¡n ok"
True,692,"khÃ¡ch_sáº¡n ok nhÆ°ng bÃ¹ láº¡i nhÃ¢n_viÃªn chÃ¡n, gÃµ cá»­a lÃ m phiá»n khÃ¡ch ráº¥t nhiá»u láº§n, chÆ°a háº¿t giá» tráº£ phÃ²ng khÃ¡ch cÃ²n á»Ÿ bÃªn trong mÃ  Ä‘Ã²i vÃ o dá»n phÃ²ng. Ráº¥t giáº­n khi bá»‹ lÃ m phiá»n liÃªn tá»¥c."
True,701,"Lá»… tÃ¢n khÃ´ng thá»±c sá»± thÃ¢n thiá»‡n, khÃ´ng cÃ³ Ä‘á»“ uá»‘ng chÃ o Ä‘Ã³n (mÃ  chÃºng tÃ´i tháº¥y má»™t khÃ¡ch hÃ ng khÃ¡c nháº­n Ä‘Æ°á»£c), khÃ´ng cÃ³ ná»¥ cÆ°á»i vÃ  hÆ¡i khÃ´ng vui khi chÃºng tÃ´i há»i vá» dá»‹ch_vá»¥ mÃ¡t_xa vÃ  phÃ²ng táº¯m hÆ¡i (chá»“ng tÃ´i chá»‰ há»i cÃ³ bao gá»“m hay khÃ´ng) khÃ¡ch_sáº¡n ráº¥t Ä‘áº¹p Xem tá»« há»“ bÆ¡i lÃ  ráº¥t tá»‘t. ChÃºng tÃ´i ráº¥t vui khi ká»³ nghá»‰ cá»§a chÃºng tÃ´i, cho Ä‘áº¿n khi chÃºng tÃ´i trá»Ÿ láº¡i phÃ²ng Ä‘á»ƒ kiá»ƒm tra vÃ  chÃ¬a khÃ³a phÃ²ng Ä‘Ã£ bá»‹ vÃ´ hiá»‡u hÃ³a (chÆ°a Ä‘áº¿n giá» tráº£ phÃ²ng). ChÃºng tÃ´i gá»i nhÃ¢n_viÃªn, má»™t ngÆ°á»i Ä‘Ã n Ã´ng Ä‘áº¿n, há»i vÃ i ngÆ°á»i vÃ  má»Ÿ cá»­a mÃ  khÃ´ng giáº£i thÃ­ch hay xin lá»—i vá»  vÃ  quot;Táº¡i sao?! vÃ  quot; Cuá»‘i cÃ¹ng, khÃ¡ch_sáº¡n lÃ  tuyá»‡t vá»i. NhÆ°ng há» nÃªn chÃº Ã½ nhiá»u hÆ¡n Ä‘áº¿n Ä‘Ã o táº¡o nhÃ¢n_viÃªn."
True,704,"- Chuyáº¿n Ä‘i ok , cháº¥t lÆ°á»£ng khÃ¡ch_sáº¡n tá»‘t
- nhÃ¢n_viÃªn tÆ° váº¥n ok "
True,706,"PhÃ²ng khÃ¡ch_sáº¡n ok nhÆ°ng xa biá»ƒn, cÃ³ xe Ä‘iá»‡n Ä‘Æ°a Ä‘i táº¯m náº¿u muá»‘n. Há»“ bÆ¡i to nhÆ°ng khÃ´ng Ä‘áº¹p láº¯m so vá»›i cÃ¡c khu_nghá»‰_mÃ¡t khÃ¡c trong táº§m giÃ¡.
Buffet sÃ¡ng ok"
True,707,"PhÃ²ng á»‘c rá»™ng rÃ£i, tiá»‡n_Ã­ch thoáº£i mÃ¡i, nhÃ¢n_viÃªn dá»… thÆ°Æ¡ng vÃ  thÃ¢n thiá»‡n. Tuy nhiÃªn tá»‘i ngá»§ hÆ¡i nhiá»u muá»—i, cÃ³ láº½ khu_nghá»‰_mÃ¡t nÃªn chÃº Ã½ phun thuá»‘c muá»—i thÆ°á»ng xuyÃªn hÆ¡n. Trong thá»i gian lÆ°u trÃº Ä‘Æ°á»£c táº·ng kÃ¨m voucher Äƒn uá»‘ng, dÃ¹ng má»™t bá»¯a vá»«a vá»«a Ä‘Ã£ sáº¡ch sÃ nh sanh. :)) "
True,708,"Khi nháº­n phÃ²ng táº¡i Ä‘Ã¢y chÃºng tÃ´i pháº£i chuyá»ƒn phÃ²ng vÃ i láº§n, phÃ²ng thá»‹ cÃ³ mÃ¹i thuá»‘c lÃ¡ do khÃ´ng vá»‡ sinh ká»¹, phÃ²ng thÃ¬ bá»‹ hÃ´i cá»‘ng thoÃ¡t nÆ°á»›c... NÃ³i chung lÃ  khÃ´ng hÃ i lÃ²ng khi nghÄ© táº¡i Ä‘Ã¢y, vá» nhÃ¢n_viÃªn ivivu tÃ´i thÃ­ch nháº¥t khi Ä‘Æ°á»£c báº¡n Tháº£o há»— trá»£ vÃ¬ báº¡n ráº¥t nhiá»‡t tÃ¬nh cung cáº¥p thÃ´ng tin ráº¥t tá»‘t."
True,711,"TÃ´i Ä‘Ã£ cÃ³ má»™t ká»³ nghá»‰ tá»‘t Ä‘áº¹p á»Ÿ Ä‘Ã¢y. Chá»‰ cÃ³ má»™t Ä‘iá»u Ä‘Ã¡ng phÃ n nÃ n, khÃ´ng cÃ³ giÃ¡ hoáº·c mÃ³c trong phÃ²ng táº¯m Ä‘á»ƒ treo khÄƒn táº¯m. HÃ£y sá»­a nÃ³ vÃ  tÃ´i sáº½ quay láº¡i láº§n sau."
True,719,"TÃ´i tháº¥y phÃ²ng nÆ°á»›c cháº£y yáº¿u , buffet khÃ´ng cÃ²n Ä‘a dáº¡ng nhÆ° láº§n trÆ°á»›c tÃ´i Ä‘áº¿n . VÃ  má»‘t váº¥n Ä‘á» ná»¯a lÃ  cÅ©ng nhá» ivivu mÃ  tÃ´i biáº¿t lÃ  Ä‘Æ°á»£c thÃªm pháº§n Lunch Pot nÃªn cÃ³ há»i khÃ¡ch_sáº¡n thÃ¬ láº¡i nÃ³i ngay lÃ  trÆ°á»›c Ä‘Ã³ tÃ´i Ä‘Ã£ sá»­ dá»¥ng rá»“i nÃªn giá» khÃ´ng Ä‘Æ°á»£c ná»¯a thÃ¬ tÃ´i nÃ³i náº¿u Ä‘Ã£ sá»­ dá»¥ng thÃ¬ pháº£i quáº¹t tháº» chá»© , thÃ¬ khÃ¡ch_sáº¡n má»›i kiá»ƒm tra láº¡i .NÃ³i chung láº§n nÃ y tÃ´i Ä‘i chá»‰ hÃ i lÃ²ng vá» dá»‹ch_vá»¥ cá»§a ivivu thÃ´i  CÃ²n Website cá»§a ivivu cÅ©ng lÃ¢u rá»“i thÃ¬ theo tÃ´i ráº¥t khÃ³ tra cá»©u khÃ´ng biáº¿t tÃ¬m nhÆ° tháº¿ nÃ o nÃªn thÆ°á»ng gá»i trá»±c tiáº¿p nhÆ°ng bÃ¢y giá» nghe nÃ³i Ä‘Ã£ nÃ¢ng cáº¥p hÆ¡n thÃ¬ láº§n sau tÃ´i sáº½ vÃ o xem rá»“i sáº½ cho Ã½ kiáº¿n."
True,721,"Ráº¥t hÃ i lÃ²ng vá» dá»‹ch_vá»¥ cá»§a khÃ¡ch_sáº¡n. nhÃ¢n_viÃªn Ä‘á»u nhiá»‡t tÃ¬nh vÃ  chuyÃªn nghiá»‡p. PhÃ²ng nghá»‰ sáº¡ch_sáº½ thoÃ¡ng mÃ¡t. Bá»ƒ bÆ¡i sáº¡ch, Ä‘i bá»™ 100m ra biá»ƒn. SÃ¡ng dáº­y Ä‘áº¡p 1 vÃ²ng khÃ¡ch_sáº¡n cá»±c thÆ°_giÃ£n"
True,726,"PhÃ²ng á»‘c Ä‘áº¹p, thoÃ¡ng vÃ  yÃªn tÄ©nh. Kiáº¿n trÃºc vÃ  quang cáº£nh khu_nghá»‰_mÃ¡t mÃ¬nh ráº¥t thÃ­ch. Chá»‰ cÃ³ 1 Ä‘iá»ƒm trá»« lÃ  mÃ¹ng che muá»—i cÃ³ mÃ¹i má»‘c vÃ  dÃ¡n do cá»™t lÃ¢u ngÃ y khÃ´ng sá»­ dá»¥ng nÃªn cáº§n vá»‡ sinh thÆ°á»ng xuyÃªn hÆ¡n."
True,742,"dá»‹ch_vá»¥ dá»n phÃ²ng khÃ´ng há»£p lÃ½, dá»n phÃ²ng sá»›m quÃ¡. Khoáº£ng thá»i gian tÃ´i Ä‘i Äƒn thÃ¬ khÃ´ng dá»n phÃ²ng. KhÃ´ng cÃ³ welcome drink, Äƒn sÃ¡ng khÃ´ng thay Ä‘á»•i mÃ³n, chá»‰ cÃ³ thá»©c Äƒn nÆ°á»›c má»›i thay Ä‘á»•i thÃ´i. ivivu há»— trá»£ tÃ´i tá»‘t, tÃ´i hay Ä‘áº·t phÃ²ng qua ivivu"
True,747,"NhÃ¬n Hotel á»Ÿ ngoÃ i trÃ´ng nhá» vÃ  thang mÃ¡y sáº­p sá»‡, Ä‘i cháº­m, phÃ²ng hÆ¡i nhá» so vá»›i hÃ¬nh. NhÆ°ng trang trÃ­ phÃ²ng Ä‘áº¹p, nhÃ  vá»‡ sinh vÃ  phÃ²ng ngá»§ sáº¡ch_sáº½, sÃ¡ng sá»§a. CÃ³ tivi káº¿t ná»‘i wifi xem youtube Ä‘Æ°á»£c ráº¥t tiá»‡n. GiÃ¡ thÃ nh cÅ©ng ráº» ná»¯a."
True,753,"- PhÃ²ng thiáº¿u nÆ°á»›c, thiáº¿u giáº¥y vá»‡ sinh, gá»i lá»… tÃ¢n mÃ£i khÃ´ng Ä‘em lÃªn - PhÃ²ng khÃ´ng sáº¡ch_sáº½, chÄƒn ga hÃ´i - cháº¥t lÆ°á»£ng phÃ²ng cÅ©"
True,756,"CÃ³ báº¿p, chÃ©n, dao, thá»›t nhÆ°ng khÃ´ng cÃ³ ná»“i. TÃ´i tháº¥y vá» cÃ¡ch phá»¥c_vá»¥ thÃ¬ cÃ¡c báº¡n nhÃ¢n_viÃªn váº«n chÆ°a sáºµn sÃ ng há»— trá»£ khÃ¡ch hÃ ng láº¯m"
True,765,"PhÃ²ng khÃ¡ch_sáº¡n xuá»‘ng cáº¥p, vÃ²i táº¯m bá»‹ há»ng"
True,766,"PhÃ²ng á»‘c sáº¡ch_sáº½, nhÃ¢n_viÃªn phá»¥c_vá»¥ tá»‘t, vá»‹ trÃ­ gáº§n biá»ƒn. ThuÃª xe mÃ¡y 150k/ngÃ y, nhÆ°ng mÃ  cá»© ná»• mÃ¡y lÃ  tÃ­nh Ã­t nháº¥t 0.5 ngÃ y, cÃ¡i nÃ y cÃ³ váº» hÆ¡i khÃ´ng Ä‘Æ°á»£c happy láº¯m. CÃ²n láº¡i lÃ  ok."
True,767,ivivu thá»‰nh thoáº£ng update Ä‘áº·t phÃ²ng vá»›i Ä‘á»‘i tÃ¡c trá»… nÃªn khÃ¢u nháº­n phÃ²ng pháº£i chá» Ä‘á»£i lÃ¢u
True,774,PhÃ²ng Ä‘Æ°á»£c mÃ  mÃ¡y láº¡nh hÆ¡i cÃ¹i báº¯p
True,784,"khÃ¡ch_sáº¡n Ä‘áº¹p nhÆ°ng nhÃ¢n_viÃªn dá»n dáº¹p Ä‘á»ƒ ráº¥t báº©n nhÃ¢n_viÃªn Ã½ thá»©c ráº¥t kÃ©m, khÃ´ng cÃ³ cáº£ khÄƒn táº¯m, khÄƒn máº·t, gá»i phá»¥c_vá»¥ thÃ¬ thÃ¡i Ä‘á»™ kÃ©m"
True,786,"Thá»±c Ä‘Æ¡n buá»•i sÃ¡ng ráº¥t Ä‘Æ¡n Ä‘iá»‡u, phÃ²ng nhá», á»Ÿ 3 ngÃ y 2 Ä‘Ãªm mÃ  khÃ´ng há» dá»n dáº¹p vá»‡ sinh trong phÃ²ng"
True,788,"PhÃ²ng ráº¥t nhá», há»‡ thá»‘ng nÆ°á»›c nÃ³ng báº±ng nÄƒng lÆ°á»£ng máº·t trá»i nÃªn buá»•i tá»‘i thÆ°á»ng khÃ´ng cÃ³ nÆ°á»›c nÃ³ng, táº¯m nÆ°á»›c láº¡nh tÃª tÃ¡i"
True,799,Ráº¥t phÃ¹ há»£p vá»›i gia Ä‘Ã¬nh NhÆ°ng lÆ°u Ã½ cÄƒn 4 phÃ²ng chá»‰ cÃ³ 3 nhÃ _vá»‡_sinh nÃªn hÆ¡i báº¥t tiá»‡n 2 cÄƒn phÃ²ng trÃªn láº§u pháº£i share nhÃ _vá»‡_sinh nha
True,805,"Khi Ä‘áº·t phÃ²ng nhÃ¢n_viÃªn tÆ° váº¥n khÃ´ng nÃ³i rÃµ vá» viá»‡c khÃ¡ch_sáº¡n má»›i hoáº¡t Ä‘á»™ng nÃªn ráº¥t nhiá»u dá»‹ch_vá»¥ chÆ°a Ä‘i vÃ o hoáº¡t Ä‘á»™ng nhÆ° bá»ƒ bÆ¡i, phÃ²ng táº­p, khu vui chÆ¡i... Äáº¿n khÃ¡ch_sáº¡n 5 sao mÃ  chá»‰ Ä‘á»™c má»—i phÃ²ng ngá»§. khÃ¡ch_sáº¡n thÃ¬ xa. Tuy nhiÃªn nhÃ¢n_viÃªn khÃ¡ch_sáº¡n nhiá»‡t tÃ¬nh, khÃ¡ch_sáº¡n sáº¡ch_sáº½ vÃ  ráº¥t Ä‘áº¹p "
True,820,"khÃ¡ch_sáº¡n Ä‘áº¹p, sáº¡ch_sáº½, nhÆ°ng Äƒn sÃ¡ng quÃ¡ tá»‡. Xuá»‘ng 8 giá» Ä‘á»“ Äƒn khÃ´ng cÃ²n "
True,867,"Pandanus Ä‘Ã£ vÃ  Ä‘ang sá»­a chá»¯a nÃ¢ng cáº¥p phÃ²ng nÃªn thu hÃºt khÃ¡ch, máº·c dÃ¹ khÃ¡ch_sáº¡n á»Ÿ khÃ¡ xa "
True,1022,"Æ¯u Ä‘iá»ƒm: Vinpearl Disco ráº¥t 1 PhÃº Quá»‘c cÃ³ khÃ´ng gian ráº¥t Ä‘áº¹p, biá»‡t_thá»± Ä‘áº³ng cáº¥p sang trá»ng, Ä‘á»“ Äƒn sÃ¡ng ngon Ä‘a dáº¡ng, cháº¥t lÆ°á»£ng phá»¥c_vá»¥ tá»‘t, nháº­n_phÃ²ng - tráº£_phÃ²ng nhanh gá»n.
NhÆ°á»£c Ä‘iá»ƒm: KhÃ´ng Ä‘Æ°á»£c há»— trá»£ nháº­n phÃ²ng sá»›m, pháº£i chá» tá»« 12-14 giá» má»›i cÃ³ phÃ²ng, mÃ¡y láº¡nh trong biá»‡t_thá»± khÃ´ng chá»‰nh Ä‘Æ°á»£c nhiá»‡t Ä‘á»™ theo Ã½ mÃ¬nh."
True,1028,"Khu nghá»‰ dÆ°á»¡ng ok, táº¥t cáº£ Ä‘á»u ok. nhÃ¢n_viÃªn ivivu lÃ m tá»‘t nhÆ°ng chÆ°a nhiá»‡t tÃ¬nh láº¯m, cáº§n hiáº¿u khÃ¡ch hÆ¡n vÃ¬ cÃ¡c báº¡n Ä‘ang lÃ m vá» dá»‹ch_vá»¥"
True,1032,"khÃ¡ch_sáº¡n vÃ  dá»‹ch_vá»¥ Ä‘iá»u ok, ivivu há»— trá»£ tá»‘t"
True,1048,"Ok so vá»›i giÃ¡, lá»… tÃ¢n thÃ¢n thiá»‡n nhiá»‡t tÃ¬nh. Ai thÃ­ch nhá»™n nhá»‹p á»Ÿ Ä‘Ã¢y tá»‘i nghe nháº¡c nÃ¨"
True,1054,Vá»‹ trÃ­ thuáº­n tiá»‡n gáº§n chá»£ Báº¿n ThÃ nh. PhÃ²ng khÃ¡ sáº¡ch_sáº½.
True,1055,"khÃ¡ch_sáº¡n gáº§n phá»‘ cá»•, hÃ ng quÃ¡n Äƒn uá»‘ng, Ä‘i láº¡i thuáº­n tiá»‡n"
True,1058,"khÃ¡ tá»‘t, Ä‘á»‹a Ä‘iá»ƒm gáº§n vs nhiá»u Ä‘á»‹a Ä‘iá»ƒm thÄƒm quan, phÃ²ng sáº¡ch_sáº½, tuy nhiÃªn nÃªn sá»­a chá»¯a 1 vÃ i chá»— cho hoÃ n chá»‰nh(vÃ­ dá»¥ nhÆ° nhÃ _vá»‡_sinh khÃ´ng cÃ³ tay náº¯m, khÃ´ng khÃ³a Ä‘Æ°á»£c) , khÃ¡ch_sáº¡n hÆ¡i nhá», má»Ÿ rá»™ng Ä‘Æ°á»£c thÃ¬ tá»‘t"
True,1060,Chuyáº¿n Ä‘i vui váº»
True,1061,"PhÃ²ng rá»™ng rÃ£i, thoÃ¡ng mÃ¡t. Duy nháº¥t 1 Ä‘iá»u mÃ¬nh khÃ´ng thoáº£i mÃ¡i lÃ  Ä‘á»‡m khÃ´ng bá» bá»c nilon, Ä‘Ãªm trá»Ÿ mÃ¬nh lÃ  xoáº¡t xoáº¡t, nÃªn mÃ¬nh vÃ  con ngá»§ khÃ´ng Ä‘Æ°á»£c ngon, hÃ´m sau Ä‘i chÆ¡i khÃ¡ má»‡t."
True,1075,"Táº¥t cáº£ Ä‘á»u tuyá»‡t vá»i, ngoáº¡i trá»« bÃ£i biá»ƒn, lÃ  khÃ¡ háº¹p vÃ  ráº¥t nhiá»u Ä‘Ã¡"
True,1088,"Bá»ƒ bÆ¡i hÆ¡i bÃ©, cÃ²n vá» cÆ¡ báº£n thÃ¬ má»i viá»‡c ok"
True,1099,"nhÃ¢n_viÃªn cá»±c ká»³ thÃ¢n thiá»‡n vÃ  nhiá»‡t tÃ¬nh. Tuy nhiÃªn thá»©c Äƒn chÆ°a Ä‘Æ°á»£c phong phÃº vÃ  chÆ°a cÃ³ thá»©c Äƒn cho em bÃ© nhÆ° sÃºp, chÃ¡o, háº£i sáº£n,â€¦phÃ²ng á»‘c khÃ¡ tá»‘t vÃ  sáº¡ch_sáº½. Sáº½ tiáº¿p tá»¥c á»§ng há»™ cÃ¡c báº¡n"
True,1109,"Chá» Ä‘á»£i xe Ä‘iá»‡n ráº¥t lÃ¢u vÃ  má»‡t má»i, tÃ´i khÃ´ng thÃ­ch"
True,1119,"Bá»¯a sÃ¡ng Ã­t mÃ³n. BÃ¹ láº¡i cÃ¡c cÃ´ dá»n dáº¹p ráº¥t dá»… thÆ°Æ¡ng, lá»… tÃ¢n cÅ©ng Ä‘Æ°á»£c :)"
True,1120,Tuy hÃ i lÃ²ng nhÆ°ng giá»¯a ivivu vÃ  khÃ¡ch_sáº¡n nÃªn phá»‘i há»£p cáº­p Nháº­t thÃ´ng bÃ¡o vá» lá»‹ch trÃ¬nh xe bus táº¡i khÃ¡ch_sáº¡n. TÃ´i yÃªu cáº§u Ä‘áº·t xe bus nhÆ°ng khi Ä‘áº¿n khÃ¡ch_sáº¡n thÃ¬ do dá»‹ch nÃªn háº¡n cháº¿ sá»‘ chuyáº¿n xe lam áº£nh hÆ°á»Ÿng lá»‹ch trÃ¬nh cá»§a TÃ´i. Vá» phÃ­a khÃ¡ch_sáº¡n thÃ¬ ráº¥t OK chá»‰ tiáº¿c lÃ  khÃ¡ xa biá»ƒn nhÆ°ng Ä‘á»•i láº¡i cÃ³ khung_cáº£nh ngáº¯m sÃ´ng HÃ n Ä‘áº¹p
True,1123,"nhÃ¢n_viÃªn lá»… tÃ¢n vÃ  phá»¥c_vá»¥ táº¡i Ä‘Ã³ thÃ¬ dá»… thÆ°Æ¡ng. PhÃ²ng á»‘c to rá»™ng Ä‘áº­m cháº¥t cá»• cá»• kiá»ƒu PhÃ¡p. LÃ² sÆ°á»Ÿi trong phÃ²ng báº­t lÃªn cÅ©ng khÃ´ng tháº¥y khÃ¡c gÃ¬ khÃ´ng báº­t. Buá»•i sÃ¡ng Buffet Ã­t mÃ³n, khÃ´ng ngon láº¯m, Äƒn uá»‘ng thÃ¬ chÆ°a Ä‘áº¡t chuáº©n 5 sao nhÆ°ng tráº£i nghiá»‡m thÃ¬ khÃ¡ ok."
True,1135,"khÃ¡ch_sáº¡n tá»‘t. nhÃ¢n_viÃªn ivivu nhiá»‡t tÃ¬nh trong viá»‡c Ä‘á»•i vÃ  báº£o lÆ°u Ä‘áº·t phÃ²ng. KhÃ¡ch than phiá»n vá» team vÃ© mÃ¡y bay ( vá» quy Ä‘á»‹nh sau khi khÃ¡ch báº£o lÆ°u, team vÃ© bÃ¡o giÃ¡ trá»‹ cá»§a khÃ¡c khÃ´ng báº±ng 1/5 cá»§a vÃ© má»›i), khÃ¡ch sáº½ khÃ´ng quay láº¡i sá»­ dá»¥ng dá»‹ch_vá»¥ ná»¯a"
True,1142,PhÃ²ng ok. Má»—i cÃ¡i bá»ƒ bÆ¡i hÆ¡i bÃ©. Äá»“ Äƒn khÃ¡ch_sáº¡n cÃ¡c mÃ³n hay háº¿t sá»›m vÃ  khÃ´ng Ä‘Æ°á»£c phong phÃº láº¯m nÃªn bá»• sung
True,1160,"dá»‹ch_vá»¥ chu Ä‘Ã¡o, phÃ²ng Ä‘áº¹p vÃ  thoáº£i mÃ¡i nhÆ°ng bá»¯a sÃ¡ng chÆ°a ok láº¯m, khÃ´ng Ä‘Æ°á»£c ngon"
True,1162,Báº¡n báº£o vá»‡ ban Ä‘Ãªm nhÃ¬n máº·t ráº¥t khÃ³ chá»‹u. KhÃ¡ch Ä‘áº¿n nhá» há»— trá»£ check cÃ¡i Camera Ä‘á»ƒ xem khÃ¡ch Ä‘em vÃ­ vÃ o khÃ¡ch_sáº¡n hay Ä‘á»ƒ quÃªn á»Ÿ trÃªn xe Grab. NhÃ¬n cá»© nhÆ° giang há»“ hÆ¡n lÃ  an ninh. CÃ²n láº¡i má»i thá»© ok. Tá»« lá»… tÃ¢n Ä‘áº¿n chÃº Báº£o vá»‡ Ban NgÃ y.
True,1170,"Ráº¥t tá»‘t...! nhÃ¢n_viÃªn Báº£o vá»‡ quan sÃ¡t khi khÃ¡ch xuá»‘ng bÃ£i biá»ƒn lo quÃ¡...khÃ¡ch cÅ©ng ngáº¡i khÃ´ng muá»‘n Ä‘á»ƒ báº£o vá»‡ lo láº¯ng ,nÃªn táº¯m biá»ƒn khÃ´ng thoáº£i mÃ¡i , nÃ³i chung VÃ¬ an toÃ n ,sáº¡ch_sáº½ , Äƒn uá»‘ng ráº¥t vá»«a miá»‡ng ,ChÃºc khu_nghá»‰_mÃ¡t vÆ°á»£t qua mÃ¹a dá»‹ch Covid -19"
True,1174,"KhÃ´ng gian khu_nghá»‰_mÃ¡t ok, vá»‹ trÃ­ hÆ¡i xa so vá»›i cÃ¡c khu_nghá»‰_mÃ¡t khÃ¡c, nhÆ°ng gáº§n Ä‘á»“i há»“ng tÃ´i tháº¥y cÅ©ng tiá»‡n Ä‘i láº¡i vÃ  vui chÆ¡i, Äƒn sÃ¡ng thiÃªn vá» mÃ³n Äƒn phÆ°Æ¡ng TÃ¢y, tÃ´i Äƒn khÃ´ng quen nhÆ°ng tÃ´i tháº¥y thá»©c Äƒn cÅ©ng ngon. TÃ´i hÃ i lÃ²ng vá» khu_nghá»‰_mÃ¡t nÃ y."
True,1197,"Náº¿u khÃ´ng Ä‘á»ƒ Ã½ quÃ¡ tá»›i ná»™i tháº¥t trong phÃ²ng thÃ¬ khu_nghá»‰_mÃ¡t cÅ©ng thoáº£i mÃ¡i, cÃ³ há»“ bÆ¡i vÃ´ cá»±c á»Ÿ láº§u 8 chá»¥p hÃ¬nh ráº¥t Ä‘áº¹p. Buffet sÃ¡ng tÆ°Æ¡ng Ä‘á»‘i Ã­t mÃ³n nhÆ°ng Äƒn váº«n á»•n. Khi cáº§n gá»i Ä‘iá»‡n xuá»‘ng lá»… tÃ¢n thÃ¬ Ä‘Æ°á»£c phá»¥c_vá»¥ ráº¥t ok."
True,1208,"PhÃ²ng Ä‘áº¹p nhÆ°ng nhÃ _vá»‡_sinh xáº¥u quÃ¡, Ä‘Æ¡n Ä‘iá»‡u vÃ  khÃ´ng Ä‘Æ°á»£c sang trá»ng. PhÃ²ng gáº§n biá»ƒn nghe sÃ³ng biá»ƒn nghe áº§m áº§m. dá»‹ch_vá»¥ ok láº¯m"
True,1211,"CÅ©ng Ä‘Æ°á»£c nhÃ©, cÃ³ 2 Háº£i YÃªn, toÃ  mÃ u tráº¯ng cÃ³ bá»ƒ bÆ¡i nhÃ¬n ra biá»ƒn Ä‘áº¹p hÆ¡n áº¡, nÃªn giÃ¡ cháº¯c cÅ©ng máº¯c hÆ¡n. MÃ¬nh á»Ÿ toÃ  Ä‘á»‘i diá»‡n, cÅ©ng cÃ³ há»“ bÆ¡i nhÆ°ng khÃ´ng Ä‘áº¹p báº±ng ğŸ˜ nhÆ°ng váº«n sang bÃªn kia chá»¥p áº£nh vÃ  chÆ¡i Ä‘Æ°á»£c nha"
True,1220,"TÃ´i cáº£m tháº¥y ráº¥t hÃ i lÃ²ng vá» cháº¥t lÆ°á»£ng vÃ  dá»‹ch_vá»¥ cá»§a khÃ¡ch_sáº¡n, tuy nhiÃªn nÃ³ hÆ¡i xa cÃ¡c Ä‘á»‹a Ä‘iá»ƒm vui chÆ¡i khÃ¡c, dá»‹ch_vá»¥ ivivu tá»‘t (Hiáº¿u)"
True,1223,"HÃ´m Ä‘áº§u mÃ¬nh á»Ÿ thÃ¬ trá»i mÆ°a, phÃ²ng bá»‹ tháº¥m nÆ°á»›c, mÃ¬nh bÃ¡o bá»™ pháº­n lá»… tÃ¢n vÃ  Ä‘Æ°á»£c Ä‘á»•i phÃ²ng. MÃ¬nh khÃ¡ hÃ i lÃ²ng khi á»Ÿ Ä‘Ã¢y."
True,1228,"tiáº¿p tÃ¢n chÆ°a nhiá»‡t tÃ¬nh, cháº¥t lÆ°á»£ng phá»¥c_vá»¥ chÆ°a tá»‘t, phÃ²ng á»‘c sáº¡ch_sáº½, sang trá»ng"
True,1229,"PhÃ²ng á»‘c á»•n, Äƒn sÃ¡ng khÃ´ng ngon Ã­t Ä‘á»“"
True,1237,"TÃ´i tháº¥y khu nghá»‰ dÆ°á»¡ng xa trung tÃ¢m, má»i thá»© Ä‘á»u tá»‘t nhÆ°ng há»“ bÆ¡i Ä‘Ã´ng, nÆ°á»›c khÃ´ng Ä‘Æ°á»£c trong . So vá»›i sá»‘ tiá»n TÃ´i bá» ra thÃ¬ háº¡ng sao cÅ©ng khÃ¡ phÃ¹ há»£p . CÃ²n vá» ivivu, má»i thá»© Ä‘á»u ráº¥t tá»‘t 9/10"
True,1269,"khÃ¡ch_sáº¡n hÆ¡i cÅ©, giÃ¡ pháº£i chÄƒng, gáº§n biá»ƒn"
True,1273,"Vá»‹ trÃ­ cá»§a khÃ¡ch_sáº¡n náº±m ngay máº·t Ä‘Æ°á»ng khÃ¡ thuáº­n_lá»£i cho viá»‡c Ä‘i láº¡i, nhÆ°ng phá»¥c_vá»¥ phÃ²ng láº¡i khÃ´ng thÃ¢n cho thiá»‡n láº¯m, TÃ´i Ä‘áº·t phÃ²ng cho 2 ngÆ°á»i thÃ¬ diá»‡n tÃ­ch hÆ¡i cháº­t. Äá»“ Äƒn thÃ¬ Ä‘áº¯t láº¡i khÃ´ng Ä‘Æ°á»£c ngon. nhÃ¢n_viÃªn tÆ° váº¥n bÃªn ivivu thÃ¬ nhiá»‡t tÃ¬nh, nhanh chÃ³ng"
True,1274,Láº§n Ä‘áº§u tráº£i nghiá»‡m mÆ°a bÃ£o ÄÃ  Náºµng lÃ  tháº¿ nÃ o. MÃ¬nh nghÄ© cáº§n cáº£i thiá»‡n cÃ¡ch Ã¢m cá»§a cÄƒn phÃ²ng. CÃ²n láº¡i thÃ¬ OK
True,1275,"PhÃ²ng nhá» nhÆ°ng Ä‘á»§ dÃ¹ng cho 2 ngÆ°á»i, nhÃ¢n_viÃªn khÃ¡ch_sáº¡n nhiá»‡t tÃ¬nh. Vá»‹ trÃ­ khÃ¡ch_sáº¡n thuáº­n tiá»‡n di chuyá»ƒn cÃ¡c khu vá»±c vui chÆ¡i khÃ¡c. giÃ¡_cáº£ á»•n, há»£p lÃ½"
True,1284,Táº¥t cáº£ má»i thá»© Ä‘á»u á»•n. khÃ¡ch_sáº¡n cÅ©ng á»Ÿ vá»‹ trÃ­ khÃ¡ trung tÃ¢m.
True,1288,PhÃ²ng khÃ¡ch_sáº¡n khÃ¡ á»•n nhÆ°ng nhÃ  vá»‡ sinh thiáº¿t bá»‹ Ä‘Ã£ cÅ© vÃ  khÃ´ng Ä‘Æ°á»£c sáº¡ch_sáº½. Cá»­a sá»• bá»¥i báº©n vÃ´ cÃ¹ng. Äá»‡m vÃ  giÆ°á»ng rá»™ng vÃ  Ãªm.
True,1295,"NÃ³ tuyá»‡t vá»i vá»›i giÃ¡ tháº¥p. NÃ³ khÃ´ng cÃ³ thang mÃ¡y, cá»­a khÄƒn cÅ©. Äá»‘i vá»›i tÃ´i, Ä‘iá»u Ä‘Ã³ khÃ´ng thÃ nh váº¥n Ä‘á», vÃ¬ váº­y tÃ´i sáº½ trá»Ÿ láº¡i Ä‘Ã¢y má»™t láº§n ná»¯a."
True,1318,"dá»‹ch_vá»¥ tá»‘t, lÃ m rÆ¡i tiá»n nhÃ¢n_viÃªn nháº·t Ä‘Æ°á»£c tráº£ láº¡i, phÃ²ng hÆ¡i cÅ© hÆ¡i so vá»›i 5 sao. ivivu cÃ³ dá»‹ch_vá»¥ pháº£n há»“i tá»‘t "
True,1321,"khÃ¡ch_sáº¡n khÃ¡ má»›i vÃ  Ä‘áº¹p, hÆ¡i xa trung tÃ¢m nhÆ°ng á»Ÿ ok"
True,1326,"khÃ¡ch_sáº¡n khÃ´ng cÃ³ bá»“n táº¯m náº±m, cÃ²n phÃ²ng thÃ¬ sáº¡ch_sáº½ vÃ  dá»‹ch_vá»¥ cÅ©ng ok"
True,1335,"Ä‚n uá»‘ng vÃ   phÃ²ng á»‘c á»•n, nhÆ°ng khung_cáº£nh thÃ¬ chÆ°a Ä‘Æ°á»£c Ä‘áº¹p láº¯m. ivivu há»— trá»£ tá»‘t vÃ  uy tÃ­n"
True,1342,"NgÃ y thá»© 2 buffet sÃ¡ng Ä‘á»“ Äƒn háº¡n cháº¿. khung_cáº£nh nhÃ  hÃ ng ráº¥t Ä‘áº¹p, phÃ²ng vá»‡ sinh sáº¡ch, tiá»‡n nghi"
True,1347,"khÃ¡ch_sáº¡n cÃ³ nhiá»u khung_cáº£nh Ä‘áº¹p phá»¥c_vá»¥ chu Ä‘Ã¡o phÃ²ng khÃ´ng gian khÃ¡ tá»‘t,chá»‰ cÃ³ Ä‘iá»u mÃ³n Äƒn cho bá»¯a sÃ¡ng khÃ´ng hÃ i lÃ²ng chá»‰ cÃ³ mÃ³n nÆ°á»›c ngon vÃ  mÃ³n lagu ngon cÃ²n láº¡i thÃ¬ khÃ´ng, nhÆ°ng nhÆ° váº­y cÅ©ng á»•n khi Ä‘ang vÃ o mÃ¹a du lá»‹ch giÃ¡_cáº£ pháº£i chÄƒng ná»¯a vÃ¬ váº­y tÃ´i Ä‘Ã¡nh giÃ¡ 4 â­ï¸ ğŸ‘"
True,1350,"khÃ¡ch_sáº¡n á»•n. ivivu tá»‘t, hÃ i lÃ²ng"
True,1364,"phá»¥c_vá»¥ chÆ°a tá»‘t, khÃ¡ch_sáº¡n vá»‹ trÃ­ ok"
True,1376,"khu_nghá»‰_mÃ¡t cÃ²n Ä‘ang sá»­a chá»¯a hoÃ n thiá»‡n nÃªn dá»‹ch_vá»¥ cÃ²n háº¡n cháº¿. PhÃ²ng hÆ¡i cÅ© vÃ  giÆ°á»ng Ä‘Æ¡n hÆ¡i nhá», cÃ¡ch Ã¢m khÃ´ng tá»‘t. Ä‚n uá»‘ng thÃ¬ táº¡m Ä‘Æ°á»£c. nhÃ¢n_viÃªn tá»‘t lá»‹ch sá»± "
True,1391,Chá» há»— trá»£ ráº¥t lÃ¢u . ThÆ°á»ng pháº£i Ä‘á»©ng chá» báº¡n Ä‘ang báº­n gÃ¬ Ã loay hoay mÃ£i má»›i há»i láº¡i mÃ¬nh cáº§n gÃ¬ :/
True,1395,"Chuyáº¿n Ä‘i cá»§a chÃºng tÃ´i ráº¥t ok, má»i viá»‡c Ä‘á»u ok. ivivu Ä‘áº·t phÃ²ng nhanh"
True,1406,"VÃ´ cÃ¹ng tháº¥t vá»ng vá»›i 1 khu_nghá»‰_mÃ¡t 5 sao nhÆ° tháº¿ nÃ y. nháº­n_phÃ²ng cháº­m, sáº£nh chá» cá»±c ká»³ nÃ³ng, nhÃ¢n_viÃªn khÃ³ chá»‹u, khÃ´ng nhiá»‡t tÃ¬nh. KhÃ¡ch há»i má»›i tráº£ lá»i khÃ´ng chá»§ Ä‘á»™ng. Wifi ráº¥t yáº¿u. Chá»‰ báº¯t Ä‘Æ°á»£c á»Ÿ khu vá»±c lá»… tÃ¢n .Vá» phÃ²ng lÃ  máº¥t, Äƒn sÃ¡ng ráº¥t Ã­t mÃ³n. nhÃ¢n_viÃªn phá»¥c_vá»¥ cÅ©ng khÃ³ chá»‹u. tráº£_phÃ²ng gá»i ná»­a tiáº¿ng khÃ´ng tháº¥y ai. Xe Ä‘iá»‡n khÃ´ng chá»Ÿ khÃ¡ch Ä‘i."
True,1408,"Ná»™i tháº¥t phÃ²ng khÃ¡ cÅ©, giá»‘ng nhÆ° khÃ¡ch_sáº¡n 5 sao cá»§a tháº¿ ká»‰ trÆ°á»›c. Bá»¯a sÃ¡ng chá»§ yáº¿u lÃ  tinh bá»™t, thá»‹t thÃ¬ Ä‘a pháº§n lÃ  thá»‹t cháº¿ biáº¿n sáºµn (xÃºc xÃ­ch, giÄƒm bÃ´ng, thá»‹t xÃ´ng khÃ³iâ€¦). Náº¿u so vá»›i cÃ¡c khÃ¡ch_sáº¡n 5 sao khÃ¡c thÃ¬ khÃ´ng báº±ng. Tuy nhiÃªn phÃ²ng á»‘c sáº¡ch, khung_cáº£nh cÃ´ng viÃªn Sunworld ráº¥t Ä‘áº¹p, Ä‘i ra bÃ£i táº¯m háº¿t khoáº£ng 30k tiá»n taxi hoáº·c cÃ³ thá»ƒ chá»n Ä‘i xe Ä‘áº¡p cÅ©ng tiá»‡n. má»i ngÆ°á»i cÃ³ á»Ÿ MÆ°á»ng Thanh thÃ¬ nÃªn chá»n MÆ°á»ng Thanh Háº¡ Long bÃªn cáº¡nh vÃ¬ khÃ¡ch_sáº¡n má»›i vÃ  Ä‘áº¹p hÆ¡n"
True,1425,KhÃ¡ lÃ¢u rá»“i má»›i trá»Ÿ láº¡i Ä‘Ã¢y. khu_nghá»‰_mÃ¡t Ä‘Ã£ thay Ä‘á»•i Ä‘áº¹p hÆ¡n ráº¥t nhiá»u. Ä‚n sÃ¡ng lÃªn thá»©c Äƒn hÆ¡i cháº­m
True,1433,Chuyáº¿n Ä‘i cá»§a tÃ´i vÃ  gia Ä‘Ã¬nh ráº¥t ok
True,1447,"PhÃ²ng hÆ¡i nhá» nhÆ°ng sáº¡ch_sáº½. Äá»“ Äƒn Ã­t, khÃ´ng ngon."
True,1465,"Ãt hoáº¡t Ä‘á»™ng vui chÆ¡i khÃ´, chá»‰ cÃ³ hoáº¡t Ä‘á»™ng ngÃ¢m nÆ°á»›c lÃ  Ä‘a sá»‘ thÃ´i, cÃ´ng viÃªn khá»§ng long thÃ¬ ná»¯a vá»i, chÆ°a tá»›i. CÃ¡ch phá»¥c_vá»¥ vÃ  phÃ²ng á»‘c táº¡i khu nghá»‰ dÆ°á»¡ng thÃ¬ ráº¥t tá»‘t"
True,1467,"khu_nghá»‰_mÃ¡t ráº¥t Ä‘áº¹p vÃ  nhÃ¢n_viÃªn phá»¥c_vá»¥ ráº¥t chu Ä‘Ã¡o. Tuy nhiÃªn wifi tÃ²a A hÆ¡i cháº­p chá»n, cháº¡y khÃ´ng á»•n Ä‘á»‹nh"
True,1470,khu_nghá»‰_mÃ¡t khÃ¡ Ä‘áº¹p tuy nhiÃªn hÆ¡i xa trung tÃ¢m (35km) vÃ  buffet sÃ¡ng cáº§n cáº£i thiá»‡n
True,1473,"khÃ¡ch_sáº¡n Ä‘áº¹p, nhÃ¢n_viÃªn nhiá»‡t tÃ¬nh tuy nhiÃªn phÃ²ng gáº§n cáº¡nh lá»‘i xuá»‘ng biá»ƒn cá»§a ngÆ°á»i Ä‘á»‹a phÆ°Æ¡ng khÃ´ng Ä‘Æ°á»£c riÃªng tÆ°."
True,1476,"Sáº½ quay láº¡i vÃ o dá»‹p sau, tiáº¿c lÃ  chÆ°a Ä‘Æ°á»£c vÃ o phÃ²ng ghim xem nhÆ° tháº¿ nÃ o ğŸ˜Š"
True,1489,"dá»‹ch_vá»¥ nhÃ¬n chung ráº¥t tá»‘t, vá»‹ trÃ­ hÆ¡i xa, cháº¯c cháº¯n sáº½ quay láº¡i"
True,1496,"TÃ´i cáº£m tháº¥y ráº¥t hÃ i lÃ²ng vá» cháº¥t lÆ°á»£ng vÃ  dá»‹ch_vá»¥ cá»§a khÃ¡ch_sáº¡n, tuy nhiÃªn nÃ³ hÆ¡i xa cÃ¡c Ä‘á»‹a Ä‘iá»ƒm vui chÆ¡i khÃ¡c, dá»‹ch_vá»¥ ivivu tá»‘t (Hiáº¿u)"
True,1497,"Bá»¯a Äƒn bÃ¬nh thÆ°á»ng, vá»‹ trÃ­ hÆ¡i xa trung tÃ¢m"
True,1498,"TÃ´i tháº¥y khu nghá»‰ dÆ°á»¡ng xa trung tÃ¢m, má»i thá»© Ä‘á»u tá»‘t nhÆ°ng há»“ bÆ¡i Ä‘Ã´ng, nÆ°á»›c khÃ´ng Ä‘Æ°á»£c trong . So vá»›i sá»‘ tiá»n TÃ´i bá» ra thÃ¬ háº¡ng sao cÅ©ng khÃ¡ phÃ¹ há»£p"
True,1499,"TÃ´i Ä‘Ã£ cÃ³ má»™t chuyáº¿n Ä‘i tuyá»‡t vá»i á»Ÿ Ä‘Ã¢y á»Ÿ The Palmy - Ä‘áº¿n Ä‘Ã³ vÃ o khoáº£ng thá»i gian hoÃ ng hÃ´n vÃ  nhÃ¢n_viÃªn lá»… tÃ¢n ráº¥t thÃ¢n thiá»‡n, há»— trá»£ vÃ  tháº¥u hiá»ƒu. TÃ´i cÃ³ má»™t váº¥n Ä‘á» nhá» vá»›i Ä‘áº·t phÃ²ng cá»§a mÃ¬nh nhÆ°ng há» Ä‘Ã£ sáº¯p xáº¿p nÃ³ trong má»™t phÃºt vÃ  tháº­m chÃ­ nÃ¢ng cáº¥p phÃ²ng cá»§a tÃ´i mÃ  khÃ´ng pháº£i tráº£ thÃªm phÃ­. Há»“ bÆ¡i bÃªn bá» biá»ƒn tháº­t tuyá»‡t vá»i. TÃ´i Ä‘Ã£ Ä‘áº¿n Ä‘áº£o PQ vÃ i láº§n nhÆ°ng láº§n nÃ y tÃ´i thá»±c sá»± thÃº vá»‹. Cáº£m Æ¡n báº¡n ráº¥t nhiá»u The Palmy."
True,1504,"khÃ¡ch_sáº¡n ráº¥t tá»‘t, trang thiáº¿t bá»‹ hiá»‡n Ä‘áº¡i phÃ¹ há»£p vá»›i style cá»§a mÃ¬nh. CÃ¡c báº¡n phá»¥c_vá»¥ cÅ©ng ráº¥t tá»‘t. nhÃ¢n_viÃªn ivivu há»— trá»£ nhiá»‡t tÃ¬nh, Ä‘Ã´i lÃºc hÆ¡i cháº­m do pháº£i chá» kiá»ƒm tra phÃ²ng vá»›i khÃ¡ch_sáº¡n nÃªn cÃ³ thá»ƒ chÃ¢m chÆ°á»›c Ä‘Æ°á»£c. NÃ³i chung lÃ  dá»‹ch_vá»¥ tá»‘t, á»•n."
True,1516,"Cháº¥t lÆ°á»£ng phÃ²ng vÃ  dá»‹ch_vá»¥ á»•n, má»i viá»‡c bÃ¬nh thÆ°á»ng"
True,1530,"CÄƒn há»™ cá»§a Sea Links khÃ¡ lÃ  Ä‘áº¹p vá»›i Ä‘áº§y Ä‘á»§ tiá»‡n nghi nhÆ° á»Ÿ nhÃ  váº­y, chá»‰ cÃ³ Ä‘iá»u lÃ  xe Ä‘Æ°a Ä‘Ã³n trong khu Sea Links cháº¡y hÆ¡i cháº­m thÃ´i."
True,1532,"dá»‹ch_vá»¥ cá»§a khÃ¡ch_sáº¡n ráº¥t tá»‘t, nhÃ¢n_viÃªn ráº¥t á»•n. NhÆ°á»£c Ä‘iá»ƒm lÃ  hÆ¡i xa trung tÃ¢m thÃ nh phá»‘"
True,1533,"Xe Ä‘Ã³n tá»« biá»‡t_thá»± lÃªn sáº£nh hÆ¡i lÃ¢u, cháº¯c lÃ  do khÃ¡ch Ä‘Ã´ng. Nhá»¯ng dá»‹ch_vá»¥ khÃ¡c váº«n tá»‘t"
True,1542,"ChÆ°a Ä‘áº¡t 5 sao
"
True,1544,"khÃ¡ch_sáº¡n sáº¡ch_sáº½, nhÃ¢n_viÃªn thÃ¢n thiá»‡n, biá»ƒn táº¯m khÃ´ng Ä‘Æ°á»£c vÃ¬ cÃ³ Ä‘Ã¡"
True,1554,"khÃ¡ch_sáº¡n cÃ³ bÃ£i xe rá»™ng, giÃ¡ cáº£ vá»«a pháº£i, dá»‹ch_vá»¥ á»•n. PhÃ¹ há»£p vá»›i gia Ä‘Ã¬nh"
True,1556,"PhÃ²ng á»‘c, dá»‹ch_vá»¥ táº¡i khu nghá»‰ dÆ°á»¡ng khÃ¡ tá»‘t.ThÃ¡i Ä‘á»™ phá»¥c_vá»¥ thÃ¢n thiá»‡n , tuy nhiÃªn bÃ£i biá»ƒn hÆ¡i dÆ¡, khÃ´ng Ä‘Æ°á»£c dá»n sáº¡ch_sáº½. NgoÃ i ra chá»‹ ráº¥t hÃ i lÃ²ng vá» Khu nghá»‰ dÆ°á»¡ng nÃ y."
True,1571,"Vá»‹ trÃ­ khÃ¡ch_sáº¡n ngay chÃ¢n nÃºi Há»“ MÃ¢y, khÃ´ng gian yÃªn tÄ©nh, ráº¥t gáº§n biá»ƒn (khÃ´ng pháº£i bÃ£i táº¯m) khÃ´ng gian thoÃ¡ng mÃ¡t vÃ  bÃ¬nh yÃªn,
phÃ²ng cÃ³ cá»­a sá»• sÃ¡ng sá»§a, sáº¡ch_sáº½. ÄÃ¨n vÃ  Ã¡nh sÃ¡ng hÆ¡i vÃ ng, nháº¥t lÃ  Ã¡nh sÃ¡ng cá»§a cáº§u thang,
nhÃ  vá»‡ sinh cÅ© vÃ  nhiá»u váº¿t á»‘. "
True,1575,"khÃ¡ch_sáº¡n ok, phÃ²ng á»Ÿ thoáº£i mÃ¡i, nhÆ°ng cÃ¡c báº¡n nhÃ¢n_viÃªn cá»§a khÃ¡ch_sáº¡n chÆ°a nhiá»‡t tÃ¬nh trong viá»‡c phá»¥c_vá»¥ vÃ  chÆ°a niá»m ná»Ÿ vá»›i khÃ¡ch hÃ ng láº¯m."
True,1577,"PhÃ²ng sáº¡ch_sáº½, giÃ¡ ráº». Gáº§n biá»ƒn, há»“ bÆ¡i."
True,1581,"Äá»‹a Ä‘iá»ƒm lÃ  tá»‘t, tuy nhiÃªn khÃ´ng cÃ³ khu vá»±c Ä‘áº­u xe náº¿u báº¡n mang xe Ä‘áº¡p hoáº·c xe cá»§a báº¡n, cáº§n pháº£i Ä‘áº­u xe gáº§n cÃ´ng viÃªn. PhÃ²ng lÃ  rá»™ng rÃ£i vÃ  bá»‘ trÃ­ tá»‘t nhÆ°ng nÃ³ mÃ¹i thuá»‘c lÃ¡ xáº¥u Ä‘áº¿n ná»—i tÃ´i khÃ´ng thá»ƒ ngá»§ vÃ o ban Ä‘Ãªm, pháº£i má»Ÿ cá»­a sá»• vÃ  Ä‘á»ƒ AC vÃ o! nhÃ¢n_viÃªn thÃ¢n thiá»‡n vÃ  bá»¯a Äƒn sÃ¡ng trÃªn sÃ¢n thÆ°á»£ng lÃ  ok."
True,1584,"Äá»“ Äƒn khÃ´ng Ä‘Æ°á»£c ngon, theo kháº©u vá»‹ cá»§a tÃ´i lÃ  váº­y. PhÃ²ng á»‘c sáº¡ch_sáº½, nhÃ¢n_viÃªn nhiá»‡t tÃ¬nh"
True,1587,"khÃ¡ch_sáº¡n gáº§n trung tÃ¢m ráº¥t tiá»‡n Ä‘i láº¡i Äƒn uá»‘ng,bá»ƒ bÆ¡i táº§ng 10 á»•n.Náº¿u cÃ³ dá»‹p tÃ´i sáº½ quay láº¡i."
True,1588,PhÃ²ng vÃ  dá»‹ch_vá»¥ ok
True,1590,Khu nghá»‰ dÆ°á»¡ng phá»¥c_vá»¥ á»•n. TÃ´i khÃ´ng cÃ³ phÃ n nÃ n gÃ¬ vá» khu_nghá»‰_mÃ¡t vÃ  nhÃ¢n_viÃªn
True,1591,"HÃ i lÃ²ng, nhÆ°ng Ä‘Ã³n tiáº¿p nháº­n_phÃ²ng chÆ°a khoa há»c (cáº§n lá»‘i Ä‘i riÃªng cho khÃ¡ch Ä‘oÃ n), buá»•i tá»‘i khÃ¡ Ä‘Ã´ng, khÃ´ng cÃ³ bar hay quÃ¡n cafe Ä‘á»ƒ ngá»“i uá»‘ng sau khi Äƒn tá»‘i xong, tivi bá»‹ máº¥t sÃ³ng. ivivu khÃ´ng cÃ³ váº¥n Ä‘á» gÃ¬, tÆ° váº¥n nhiá»‡t tÃ¬nh, nháº¯c nhá»Ÿ khÃ¡ch trÆ°á»›c ngÃ y Ä‘i, ráº¥t cáº©n tháº­n"
True,1593,"khÃ¡ch_sáº¡n á»Ÿ ráº¥t tá»‘t. dá»‹ch_vá»¥ nhanh chÃ³ng vÃ  nhÃ¢n_viÃªn thÃ¢n thiá»‡n. Tuy nhiÃªn cÃ³ má»™t cÃ¡i báº¥t tiá»‡n lÃ  tháº» khÃ³a cá»­a vÃ  Ä‘i thang mÃ¡y má»—i phÃ²ng chá»‰ cÃ³ 1 cÃ¡i, nhÆ°ng gia Ä‘Ã¬nh tÃ´i láº¡i Ä‘Ã´ng ngÆ°á»i. TÃ´i nghÄ© gia Ä‘Ã¬nh Ä‘i Ä‘Ã´ng ngÆ°á»i nhÆ° chÃºng tÃ´i, khÃ¡ch_sáº¡n nÃªn cáº¥p thÃªm tháº» khÃ³a. ivivu thÃ¬ há»— trá»£ ráº¥t nhiá»‡t tÃ¬nh. Cáº£m Æ¡n ivivu!"
True,1595,"phá»¥c_vá»¥ á»•n, phÃ²ng khÃ¡ tiá»‡n nghi, á»Ÿ ráº¥t thoáº£i mÃ¡i"
True,1596,"Cháº¥t lÆ°á»£ng phá»¥c_vá»¥ ok, phÃ²ng á»‘c á»•n"
True,1607,"Má»i thá»© Ä‘á»u ok, tá»« tiáº¿p tÃ¢n, phá»¥c_vá»¥ Ä‘áº¿n phÃ²ng nghá»‰."
True,1609,PhÃ²ng á»Ÿ ráº¥t ok. CÃ³ Ä‘i Ä‘Ã¢u tÃ´i sáº½ gá»i ivivu
True,1625,"Ä‚n ngon, phÃ²ng hÆ¡i cÅ©, cÃ³ mÅ©i, há»“ bÆ¡i bÃ£i biá»ƒn Ä‘áº¹p"
True,1626,"khu_nghá»‰_mÃ¡t Ä‘áº¹p, phÃ²ng sáº¡ch vÃ  hiá»‡n Ä‘áº¡i, cÃ´ng viÃªn nÆ°á»›c cÅ©ng á»•n. nhÃ¢n_viÃªn nhiá»‡t tÃ¬nh vÃ  dá»… thÆ°Æ¡ng. Bá»¯a trÆ°a á»Ÿ nhÃ  hÃ ng Ä‘Ã´ng kinh khá»§ng khiáº¿p, Ä‘á»£i ráº¥t lÃ¢u vÃ  giÃ¡_cáº£ hÆ¡i overprice so vá»›i cháº¥t lÆ°á»£ng. VÃ¬ Ä‘Ã´ng quÃ¡ nÃªn buá»•i trÆ°a cÅ©ng chá»‰ bÃ¡n set lunch chá»© khÃ´ng cho gá»i mÃ³n. Ä‚n buá»•i tá»‘i hÃ i lÃ²ng hÆ¡n. Äáº·t xe grab sáº½ nhanh hÆ¡n ráº¥t nhiá»u so vá»›i nhá» khÃ¡ch_sáº¡n gá»i taxi tá»›i."
True,1630,"khÃ¡ch_sáº¡n rá»™ng rÃ£i, Ä‘áº¹p, bá»ƒ bÆ¡i trong nhÃ  ngoÃ i trá»i Ä‘á»u tuyá»‡t vá»i! Ä‚n sÃ¡ng ngon! Sá»©c chá»©a lá»›n nÃªn lÃºc nháº­n_phÃ²ng tráº£_phÃ²ng, Äƒn sÃ¡ng, bÆ¡i khÃ¡ Ä‘Ã´ng. khÃ¡ch_sáº¡n hÆ¡i xa biá»ƒn, pháº£i Ä‘i Ã´ tÃ´ Ä‘á»ƒ ra biá»ƒn BÃ£i ChÃ¡y."
True,1636,"khÃ¡ch_sáº¡n gáº§n trung tÃ¢m, phÃ²ng á»‘c cÃ³ váº» má»›i, tá»‘t so vá»›i má»©c giÃ¡ nÃ y!"
True,1639,"giÃ¡_cáº£ há»£p lÃ½, tuy nhiÃªn bá»¯a Äƒn sÃ¡ng chÆ°a ngon láº¯m. PhÃ²ng khÃ´ng cáº¥p nÆ°á»›c uá»‘ng cho khÃ¡ch nhÆ° má»™t sá»‘ khÃ¡ch_sáº¡n khÃ¡c. "
True,1640,"Vinpearl thÃ¬ 5 sao thÃ¬ tÃ´i tháº¥y quÃ¡ tá»‘t rá»“i, tuy nhiÃªn tÃ´i tháº¥y Vinpearl á»Ÿ PhÃº Quá»‘c thÃ¬ khÃ´ng Ä‘Æ°á»£c Ä‘áº¹p NhÆ° á»Ÿ Nha Trang. Má»i thá»© á»Ÿ Ä‘Ã¢y tÃ´i tháº¥y khÃ¡ ok. Khi tÃ´i Ä‘áº¿n nÆ¡i thÃ¬ tÃ´i má»›i Ä‘áº·t phÃ²ng nhÆ°ng cÃ¡c báº¡n tÆ° váº¥n bÃªn ivivu há»— trá»£ cho tÃ´i ráº¥t nhanh chÃ³ng, nhiá»‡t tÃ¬nh. Láº§n sau tÃ´i cÃ³ Ä‘i Ä‘Ã¢u tÃ´i sáº½ tiáº¿p tá»¥c liÃªn há»‡ qua ivivu vÃ¬ tÃ´i tháº¥y giÃ¡ phÃ²ng bÃªn cÃ¡c báº¡n khÃ¡ tá»‘t. "
True,1644,"KhÃ³a phÃ²ng bá»‹ hÆ°, quÃ¡ cÅ© Ga ná»‡m báº©n Tiá»n sáº£nh lá»™n xá»™n nhÃ¢n_viÃªn nhiá»‡t tÃ¬nh, thÃ¢n thiá»‡n."
True,1665,"Chá»‰ cÃ³ má»™t chÃºt thiáº¿u sÃ³t lÃ  Ä‘áº·t phÃ²ng 3 ngÆ°á»i nhÆ°ng tiá»‡n nghi nhÆ° dÃ©p, khÄƒn thÃ¬ chá»‰ dÃ nh cho 2 ngÆ°á»i nÃªn cÃ³ 1 ngÆ°á»i khÃ´ng Ä‘á»§ tiá»‡n nghi."
True,1666,khÃ¡ch_sáº¡n ok. ivivu Ä‘áº·t phÃ²ng tiá»‡n
True,1671,"TÃ´i tháº¥y khÃ¡ch_sáº¡n thÃ¬ ok, cÃ¡c báº¡n nhÃ¢n_viÃªn thÃ¬ cÅ©ng khÃ´ng váº¥n Ä‘á» gÃ¬. NhÆ°ng phÃ²ng tÃ´i sÃ¡t bÃªn khu Ä‘ang xÃ¢y dá»±ng nÃªn ráº¥t á»“n, tÃ´i khÃ´ng thá»ƒ ngá»§ Ä‘Æ°á»£c. TÃ´i nghÄ© khÃ¡ch_sáº¡n cÃ³ thá»ƒ tinh Ã½ hÆ¡n vÃ  chá»§ Ä‘á»™ng trong viá»‡c trÃ¡nh xáº¿p phÃ²ng khÃ¡ch á»Ÿ khu Ä‘ang xÃ¢y dá»±ng."
True,1676,má»i thá»© ráº¥t ok
True,1677,GiÃ¡ ráº¥t cao mÃ  dá»‹ch_vá»¥ Äƒn uá»‘ng khÃ´ng Ä‘a dáº¡ng mÃ³n. PhÃ²ng thÃ¬ ok.
True,1678,"PhÃ¹ há»£p vá»›i ká»³ nghá»‰ cá»§a 2 máº¹ con mÃ¬nh, PhÃ²ng sáº¡ch_sáº½. Tuy nhiÃªn xa biá»ƒn."
True,1682,"MÃ¬nh vÃ  em mÃ¬nh Ä‘i chung, em mÃ¬nh thÃ¬ Ä‘Æ°á»£c phÃ²ng Ä‘áº¹p vÃ  tá»‘t, cÃ²n mÃ¬nh thÃ¬ Ä‘Æ°á»£c nháº­n phÃ²ng cÅ© vÃ  Ä‘á»“ Ä‘áº¡c trong phÃ²ng thÃ¬ ráº¥t cÅ©. MÃ¬nh tháº¥y khÃ¡ch_sáº¡n cÅ©ng khÃ¡ lÃ  váº¯ng Ä‘Ã¡ng láº½ pháº£i nÃ¢ng cáº¥p cho mÃ¬nh háº¡ng phÃ²ng cao hÆ¡n 1 xÃ­u Ä‘á»ƒ sau nÃ y khÃ¡ch cÃ²n quay láº¡i ná»¯a. 
nhÃ¢n_viÃªn phá»¥c_vá»¥ chu Ä‘Ã¡o, tá»‘t vÃ  Äƒn uá»‘ng ngon. "
True,1690,"Má»i thá»© ok, náº¿u cÃ³ dá»‹p sáº½ quay láº¡i khÃ¡ch_sáº¡n."
True,1692,"PhÃ²ng á»‘c rá»™ng rÃ£i, nhiá»u sÃ¢n chÆ¡i, phÃ¹ há»£p nghá»‰ dÆ°á»¡ng nhÆ°ng thá»©c Äƒn thÃ¬ khÃ´ng Ä‘Æ°á»£c ngon."
True,1695,"Kiáº¿n trÃºc tá»•ng thá»ƒ hÃ i hÃ²a há»£p lÃ½, ná»™i tháº¥t trong phÃ²ng cÅ© vÃ  há»ng, Ä‘á»“ Äƒn thÃ¬ bÃ¬nh thÆ°á»ng, nhÃ¢n_viÃªn khÃ¡ch_sáº¡n ok, báº¡n tÆ° váº¥n ivivu mÃ¬nh hÃ i lÃ²ng"
True,1696,"MÃ¬nh á»Ÿ cÃ³ 1 Ä‘Ãªm vÃ  trong thá»i gian dá»‹ch nÃªn khÃ¡ch_sáº¡n váº¯ng váº». PhÃ²ng á»‘c ok, sáº¡ch_sáº½. nhÃ¢n_viÃªn thÃ¢n thiá»‡n. khung_cáº£nh Ä‘áº¹p. cÃ³ 1 Ä‘iá»ƒm khÃ´ng hiá»ƒu sao hÃ nh lang táº§ng 20 mÃ¬nh á»Ÿ cÃ³ 2 cÃ¡i bÃ n, cháº­t lá»‘i Ä‘i vÃ  cáº£m giÃ¡c khÃ´ng gá»n_gÃ ng. Äƒn sÃ¡ng theo set thá»±c_Ä‘Æ¡n, cÅ©ng ok."
True,1699,Bá»¯a sÃ¡ng nhiá»u mÃ³n nhÆ°ng khÃ´ng ngon láº¯m
True,1701,"khÃ¡ch_sáº¡n sáº¡ch, nhÃ¢n_viÃªn báº£o vá»‡ tráº» ráº¥t nhiá»‡t tÃ¬nh, tuy nhiÃªn giÆ°á»ng hÆ¡i kÃªu, náº±m khÃ´ng thoáº£i mÃ¡i láº¯m"
True,1707,ÄÃ³ gáº§n nhÆ° lÃ  mÃ³n khoÃ¡i kháº©u nháº¥t trong cáº£ chuyáº¿n Ä‘i cá»§a tÃ´i. Ngoáº¡i trá»« dÃ©p lÃª ğŸ˜­ TÃ´i ghÃ©t mang dÃ©p lÃª!
True,1717,"PhÃ²ng sáº¡ch_sáº½. nhÃ¢n_viÃªn tá»‘t. Ä‚n sÃ¡ng khÃ´ng phong phÃº láº¯m. NgÅ© cá»‘c, nÆ°á»›c uá»‘ng vÃ  sá»¯a chua tá»‡. Wifi chÆ°a á»•n Ä‘á»‹nh."
True,1719,VÃ¬ mÃ¬nh Ä‘áº·t phÃ²ng family nÃªn phÃ²ng khÃ¡ rá»™ng rÃ£i nhÆ°ng khÃ¢u vá»‡ sinh phÃ²ng chÆ°a Ä‘Æ°á»£c sáº¡ch_sáº½.
True,1726,"khÃ¡ch_sáº¡n gáº§n trung tÃ¢m, phong cÃ¡ch cá»• Ä‘iá»ƒn, phÃ²ng Ä‘áº§y Ä‘á»§ tiá»‡n nghi, ná»‡m Ãªm Tiáº¿p tÃ¢n niá»m ná»Ÿ, chuyÃªn nghiá»‡p. nhÃ¢n_viÃªn xe Ä‘iá»‡n vÃ  báº£o vá»‡ chÆ°a tá»‘t. KhÃ¡ch Ä‘áº¿n báº£o vá»‡ khÃ´ng chÃ o, há»i chá»— Ä‘á»ƒ xe, háº¥t máº·t chá»‰ chá»— Ä‘áº­u, ngá»“i báº¥m Ä‘iá»‡n thoáº¡i. nhÃ¢n_viÃªn xe Ä‘iá»‡n khÃ´ng tÃ´n trá»ng khÃ¡ch, nÃ³i chuyá»‡n vá»›i nhau kÃªu khÃ¡ch lÃ  Ä‘Ã¡m nÃ y Ä‘Ã¡m ná». CÃ³ thá»ƒ do quen miá»‡ng nhÆ°ng khÃ´ng nÃªn nÃ³i váº­y trÆ°á»›c máº·t khÃ¡ch, sáº½ thiáº¿u táº¿ nhá»‹ Ä‚n sÃ¡ng Ã­t mÃ³n, cÃ³ mÃ³n phá»Ÿ ngon. KhÃ´ng gian nhÃ  hÃ ng ráº¥t Ä‘áº¹p"
True,1733,"xe Ä‘áº¡p cá»§a khÃ¡ch_sáº¡n cáº§n pháº£i thay bá»c tay ghi Ä‘Ã´ng.
Bá»c tay Ä‘Ã£ bá»‹ cÅ©, tay ghi Ä‘Ã´ng lÃ²i Ä‘áº§u sáº¯t ra, cháº¡y xe bá»‹ tÃ©, tay ghi Ä‘Ã´ng cáº¯m vÃ o chÃ¢n, nguy hiá»ƒm."
True,1734,"PhÃ²ng trang trÃ­ theo phong cÃ¡ch ÄÃ´ng DÆ°Æ¡ng, khÃ¡ Ä‘áº¹p. nhÃ¢n_viÃªn lá»‹ch sá»±. Há»“ bÆ¡i Ä‘áº¹p, bÃ£i biá»ƒn nhá». Äá»“ Äƒn sÃ¡ng khÃ´ng phong phÃº, mÃ³n nÆ°á»›c náº¥u cho cÃ³."
True,1741,"Vá» tá»•ng thá»ƒ khu nghá»‰ dÆ°á»¡ng thÃ¬ tÃ´i khÃ´ng áº¥n tÆ°á»£ng láº¯m, vÃ¬ ráº¥t Ä‘Ã´ng ngÆ°á»i, buá»•i sÃ¡ng cÃ³ ráº¥t nhiá»u khÃ¡ch tá»« ngoÃ i vÃ  nhá»¯ng khu nghá»‰ lÃ¢n cáº­n, chá»‰ cáº§n táº§m 1 triá»‡u lÃ  cÃ³ thá»ƒ vÃ o Äƒn sÃ¡ng vÃ  bÆ¡i rá»“i. TÃ´i tháº¥y khÃ´ng cÃ²n sá»± riÃªng tÆ° nhÆ° lÃºc má»›i ná»¯a"
True,1751,"PhÃ²ng á»‘c khÃ´ng Ä‘Ã¡p á»©ng Ä‘á»§ nhu cáº§u sá»­ dá»¥ng. Äáº·c biá»‡t lÃ  nhÃ  vá»‡ sinh khÃ´ng cÃ³ vÃ²i nÆ°á»›c á»Ÿ lavabo, chá»‰ sá»­ dá»¥ng Ä‘Æ°á»£c duy nháº¥t vÃ²i sen. Äiá»u hÃ²a báº­t ráº¥t lÃ¢u má»›i mÃ¡t"
True,1753,"khÃ¡ch_sáº¡n sáº¡ch_sáº½, phÃ²ng Ä‘áº¹p, tiá»‡n nghi, trang thiáº¿t bá»‹ hiá»‡n Ä‘áº¡i. Tuy nhiÃªn nháº­n_phÃ²ng quÃ¡ máº¥t nhiá»u thá»i gian, tÃ´i Ä‘áº¿n khÃ¡ch_sáº¡n lÃºc 13 giá» nhÆ°ng pháº£i Ä‘áº¿n gáº§n 15h30 má»›i nháº­n Ä‘Æ°á»£c phÃ²ng. ChÆ°a tháº¥y khÃ¡ch_sáº¡n nÃ o quÃ¡ trÃ¬nh nháº­n phÃ²ng láº¡i máº¥t thá»i gian nhÆ° váº­y."
True,1809,"Vá»‹ trÃ­ phÃ¹ há»£p chuyáº¿n Ä‘i cá»§a chá»‹, 4 phÃ²ng chá»‹ Ä‘áº·t xa nhau, Ä‘á»‘i diá»‡n nhÃ _vá»‡_sinh, há»“ bÆ¡i Ä‘ang sá»­a chá»¯a, nhÃ¢n_viÃªn ráº¥t nhiá»‡t tÃ¬nh."
True,1824,Ok
True,1851,"dá»‹ch_vá»¥ khÃ´ng tá»‘t, vá»‡ sinh kÃ©m"
True,1889,"khÃ¡ch_sáº¡n sáº¡ch_sáº½, tuy nhiÃªn hÃ´m mÃ¬nh nháº­n phÃ²ng cÃ³ 1 báº¡n lá»… tÃ¢n cáº£m giÃ¡c hÆ¡i khÃ³ chá»‹u vÃ¬ hÃ´m Ä‘Ã³ khÃ¡ch Ä‘Ã´ng. NhÆ°ng thÃ´i khÃ¡ch_sáº¡n á»Ÿ cÅ©ng thoáº£i mÃ¡i"
True,1903,PhÃ²ng á»‘c vÃ  nhÃ¢n_viÃªn á»•n
True,1946,"cáº£m Æ¡n ivivu Ä‘Ã£ cho gia Ä‘Ã¬nh mÃ¬nh ká»³ nghá»‰ tháº­t thÃº vá»‹. khÃ¡ch_sáº¡n Äƒn uá»‘ng táº¥t cáº£ tá»‘t. CÃ³ 1 Ä‘iá»u duy nháº¥t lÃ  biá»ƒn khÃ´ng Ä‘Æ°á»£c Ä‘áº¹p thÃ´i. BÃ£i biá»ƒn nhiá»u sÃ² á»‘c, nÆ°á»›c Ä‘en."
True,2015,"Tá»‘t nhÆ°ng muá»—i khÃ¡ nhiá»u , Ä‘á» nghá»‹ phun thuá»‘c trá»« muá»—i nhiá»u hÆ¡n "
True,2060,phÃ²ng quÃ¡ nhá» - hÆ¡i cháº­t chá»™i - nhÆ°ng giÃ¡_cáº£ thÃ¬ cÅ©ng Ä‘Æ°á»£c so vá»›i máº·t báº±ng chung
True,2065,"NhÃ  hÃ ng Ä‘áº¹p nhÆ°ng phá»¥c_vá»¥ hÆ¡i kÃ©m, khÃ¡ch Ä‘Ã´ng Ä‘á»“ Äƒn ra khÃ´ng ká»‹p, phá»¥c_vá»¥ cháº­m. nháº­n_phÃ²ng khi tÃ´i Ä‘áº¿n lÃ  14h30, Ä‘áº¿n 15 giá» má»›i cÃ³ phÃ²ng"
True,2076,Táº¥t cáº£ cÃ¡c dá»‹ch_vá»¥ cÆ¡ báº£n Ä‘á»u OK! Má»—i cÃ¡i thang mÃ¡y hÆ¡i phiá»n phá»©c
True,2079,"KhÃ´ng gian rá»™ng rÃ£i, biá»ƒn sáº¡ch nhÆ°ng sÃ³ng hÆ¡i to, buffet sÃ¡ng ngon, nháº­n_phÃ²ng cháº­m. NhÃ¬n chung á»•n"
True,2083,"khÃ¡ch_sáº¡n xuá»‘ng cáº¥p, há»“ bÆ¡i dÆ¡, mÃ¹a láº¡nh khÃ´ng táº¯m biá»ƒn Ä‘Æ°á»£c"
True,2084,"khÃ¡ch_sáº¡n gáº§n biá»ƒn, sáº¡ch_sáº½. phÃ²ng hÆ¡i nhá» Ä‘á»“ Äƒn sÃ¡ng thá»±c Ä‘Æ¡n khÃ´ng phong phÃº. nhÃ¢n_viÃªn nhiá»‡t tÃ¬nh, niá»m ná»Ÿ"
True,2090,"ivivu nÃªn sáº¯p xáº¿p thá»i bay thÃ­ch há»£p vá»›i thá»i gian tráº£_phÃ²ng cá»§a khÃ¡ch_sáº¡n. VÃ¬ chuyáº¿n bay cá»§a tÃ´i lÃ  20 giá» nhÆ°ng 12 giá» Ä‘Ã£ pháº£i tráº£_phÃ²ng rá»“i, pháº£i ngÆ°á»i lá»›n thÃ´i thÃ¬ khÃ´ng nÃ³i, cÃ²n cÃ³ tráº» em sáº½ ráº¥t má»‡t cho cÃ¡c bÃ©. Hoáº·c cÃ³ thá»ƒ bÃ¡o trÆ°á»›c vá»›i chÃºng tÃ´i Ä‘á»ƒ cÃ²n cÃ¢n nháº¯c lá»±a chá»n giá» bay khÃ¡c. "
True,2102,"khÃ¡ch_sáº¡n tuy cÅ© nhÆ°ng sáº¡ch_sáº½, nhÃ¢n_viÃªn thÃ¢n thiá»‡n, nhiá»‡t tÃ¬nh. Thá»©c Äƒn tuy phong phÃº, nhÆ°ng thiáº¿u mÃ³n Ä‘áº·c trÆ°ng Phan Thiáº¿t. Khu vui chÆ¡i thiáº¿u nhi chÆ°a hiá»‡n Ä‘áº¡i"
True,2105,"nhÃ¢n_viÃªn khÃ¡ch_sáº¡n thÃ¢n thiá»‡n. PhÃ²ng cÃ¡ch Ã¢m khÃ´ng thá»±c sá»± tá»‘t, nghe rÃµ tiáº¿ng nÃ³i chuyá»‡n bÃªn ngoÃ i. Äáº¶C BIá»†T, Ä‘ang trong phÃ²ng bá»—ng dÆ°ng cÃ³ ngÆ°á»i váº·n á»• Ä‘Ã³ng cá»­a lÃ m mÃ¬nh thá»±c sá»± khÃ´ng hÃ i lÃ²ng"
True,2114,khÃ¡ch_sáº¡n xuá»‘ng cáº¥p khÃ´ng tÆ°Æ¡ng xá»©ng 4 sao. TrÃªn áº£nh lung linh nhÆ°ng cÆ¡ sá»Ÿ váº­t cháº¥t khÃ´ng cÃ²n tá»‘t. Viá»‡c sá»­a chá»¯a lÃ m áº£nh hÆ°á»Ÿng Ä‘áº¿n khÃ´ng gian nghá»‰ ngÆ¡i. Há»— trá»£ cá»§a nhÃ¢n_viÃªn cÅ©ng khÃ´ng nhiá»‡t tÃ¬nh.
True,2128,"nhÃ¢n_viÃªn cá»§a khu_nghá»‰_mÃ¡t thÃ¢n thiá»‡n, phá»¥c_vá»¥ nÃ³i chung á»•n, nhÆ°ng khu_nghá»‰_mÃ¡t váº«n Ä‘ang trong thá»i gian hoÃ n thiá»‡n má»™t sá»‘ háº¡ng má»¥c, hy vá»ng láº§n sau mÃ¬nh Ä‘áº¿n khu_nghá»‰_mÃ¡t sáº½ Ä‘áº¹p hÆ¡n ná»¯a"
True,2131,"nhÃ¢n_viÃªn tÆ° váº¥n: há»— trá»£. 

dá»‹ch_vá»¥ khÃ¡ch_sáº¡n: khung_cáº£nh thÃ¬ chÆ°a hÃ i lÃ²ng láº¯m, ban Ä‘áº§u khÃ¡ch_sáº¡n xáº¿p táº§ng 3 nhÆ°ng sau Ä‘Ã³ mÃ¬nh bÃ¡o khÃ¡ch_sáº¡n xáº¿p láº¡i táº§ng 7, mÃ¬nh tháº¥y mÃ¬nh Ä‘áº·t phÃ²ng trá»±c tiáº¿p thÃ¬ tháº¥y há» Æ°u tiÃªn táº§ng cao, nhÆ°ng tuy nhiÃªn khi mÃ¬nh Ä‘áº·t phÃ²ng qua ivivu thÃ¬ chá»‰ Ä‘Æ°á»£c xáº¿p tá»« táº§ng trung bÃ¬nh thÃ´i. CÃ¡c dá»‹ch_vá»¥ khÃ¡c cÅ©ng nhÆ° nhÃ¢n_viÃªn ok. 
"
True,2155,"TÃ´i Ä‘Ã£ cÃ³ ká»³ nghá»‰ lÃ£ng man tuyá»‡t vá»i á»Ÿ Ä‘Ã¢y. Tuy nhiÃªn, cÃ¡c chÆ°Æ¡ng trÃ¬nh khuyáº¿n mÃ£i cáº­p nháº­t vÃ o thÃ´ng tin khÃ¡ch chÆ°a hoÃ n thiá»‡n nÃªn tÃ´i khÃ´ng thá»ƒ tham dá»± dá»‹ch_vá»¥ Safari."
True,2157,"Biáº¿t Pandanus hÆ¡n mÆ°á»i nÄƒm nay, Ä‘a pháº§n Ä‘á»u chá»n Pan khi Ä‘áº¿n phan thiáº¿t. KhÃ´ng quÃ¡ xuáº¥t sáº¯c nhÆ°ng xá»©ng Ä‘Ã¡ng Ä‘Æ°á»£c tráº£i nghiá»‡m cho ká»³ nghá»‰ cá»§a gia Ä‘Ã¬nh"
True,2179,"Chuyáº¿n Ä‘i cá»§a tÃ´i ok, cáº£m Æ¡n ivivu Ä‘Ã£ há»— trá»£"
True,2180,"TÃ´i tháº¥y chuyáº¿n Ä‘i ok, khÃ´ng cÃ³ gÃ¬ pháº£i phÃ n nÃ n"
True,2203,Trang thiáº¿t bá»‹ cÅ© ká»¹. PhÃ²ng áº©m.
True,2211,"dá»‹ch_vá»¥ khÃ¡ch_sáº¡n tá»‘t, tÃ´i hoÃ n toÃ n khÃ´ng phÃ n nÃ n Ä‘iá»u gÃ¬! Cháº¥t lÆ°á»£ng hoÃ n toÃ n há»£p lÃ½ vá»›i giÃ¡_cáº£. TÆ° váº¥n viÃªn ivivu nhanh chÃ³ng, chu Ä‘Ã¡o tÃ´i ráº¥t hÃ i lÃ²ng."
True,2212,"PhÃ²ng vÃ  dá»‹ch_vá»¥ ráº¥t tá»‘t, tuy nhiÃªn buffet sÃ¡ng khÃ´ng ngon"
