Infrastructure,Index,Comment
True,4,"Victoria Phan Thiáº¿t ráº¥t tá»‘t, tÃ´i khÃ´ng cÃ³ gÃ¬ phÃ n nÃ n háº¿t. ÄÃ¡p á»©ng Ä‘Ãºng yÃªu cáº§u cá»§a tÃ´i. "
True,13,khÃ¡ch_sáº¡n má»›i xÃ¢y nÃªn bÃªn ngoÃ i Ä‘ang lÃ m cÃ´ng trÃ¬nh hÆ¡i dÆ¡ bá»¥i
True,19,"TÃ´i cáº£m tháº¥y ráº¥t hÃ i lÃ²ng vá» khu nghá»‰ dÆ°á»¡ng nÃ y . Má»i thá»© á»Ÿ khu_nghá»‰_mÃ¡t Ä‘á»u ráº¥t thoáº£i mÃ¡i , khung cáº£nh ráº¥t Ä‘áº¹p vÃ  yÃªn tÄ©nh ."
True,22,"HÃ¬nh áº£nh phÃ²ng trÃªn web chá»‰ mang tÃ­nh cháº¥t minh hoáº¡, ná»¯ lá»… tÃ¢n á»Ÿ Ä‘Ã³ khÃ¡ khÃ³ tÃ­nh. Nháº­n phÃ²ng tá»« 2 giá» chiá»u mÃ  4-5 giá» chiá»u chÆ°a cÃ³ Ä‘á»§ phÃ²ng"
True,23,"PhÃ²ng á»‘c sáº¡ch_sáº½, cÃ³ thang mÃ¡y Ä‘i ráº¥t tiá»‡n. NÆ¡i á»Ÿ cÅ©ng ráº¥t dá»… tÃ¬m dá»… dÃ ng di chuyá»ƒn"
True,24,"khÃ¡ch_sáº¡n sáº¡ch_sáº½, Ä‘á»“ Äƒn ngon, nhÃ¢n_viÃªn chu Ä‘Ã¡o! "
True,26,"Chuyáº¿n Ä‘i ráº¥t tá»‘t, tÃ´i ráº¥t hÃ i lÃ²ng vá» khÃ¡ch_sáº¡n, má»i thá»© tuyá»‡t vá»i. nhÃ¢n_viÃªn ivivu lÃ m viá»‡c ráº¥t chu Ä‘Ã¡o vÃ  táº­n tÃ¢m, cáº£m Æ¡n ivivu Ä‘Ã£ há»— trá»£ ráº¥t nhiá»‡t tÃ¬nh cho chuyáº¿n Ä‘i cá»§a tÃ´i."
True,28,"Nháº­n phÃ²ng giá»‘ng trong hÃ¬nh, nhÃ¢n_viÃªn ráº¥t nhiá»‡t tÃ¬nh, chu Ä‘Ã¡o vÃ  dá»… thÆ°Æ¡ng"
True,29,Khi TÃ´i Ä‘i TÃ´i cÃ³ phÃ¡t sinh 2 bÃ© dÆ°á»›i 5 tuá»•i vÃ  TÃ´i Ä‘Ã£ pháº£i thanh toÃ¡n thÃªm tiá»n 1 bÃ©. TÃ´i cáº£m tháº¥y ráº¥t khÃ´ng há»£p lÃ½ vá»›i chÃ­nh sÃ¡ch Ä‘Ã³ trong khi TÃ´i á»Ÿ biá»‡t_thá»± 3 phÃ²ng ngá»§. CÃ¡c khÃ¡ch_sáº¡n khÃ¡c TÃ´i á»Ÿ Ä‘Ã¢u cÃ³ phá»¥ thu kiá»ƒu nhÆ° tháº¿ vÃ  khu_nghá»‰_mÃ¡t cÅ©ng khÃ¡ cÅ© rá»“i.Cháº¯c cháº¯n TÃ´i sáº½ khÃ´ng quay láº¡i. BÃªn ivivu TÃ´i váº«n ráº¥t hÃ i lÃ²ng
True,32,Tá»‘t. KhÃ´ng cÃ³ gÃ¬ phÃ n nÃ n
True,33,Báº¡n tÆ° váº¥n cho TÃ´i khÃ¡ dá»… thÆ°Æ¡ng vÃ  nhiá»‡t tÃ¬nh . khÃ¡ch_sáº¡n tá»‘t . TÃ´i sáº½ Ä‘á»“ng hÃ nh cÃ¹ng ivivu trong cÃ¡c chuyáº¿n Ä‘i sáº¯p tá»›i
True,35,"khÃ¡ch_sáº¡n khÃ´ng phá»¥c_vá»¥ buffet Äƒn, mÃ  chá»‰ cÃ³ cÆ¡m rang vÃ  1 Ã­t hoa quáº£. PhÃ²ng Äƒn nÃ³ng, PhÃ²ng to nhÆ°ng dá»‹ch_vá»¥ khÃ´ng á»•n. nhÃ¢n_viÃªn trá»±c khÃ´ng Ä‘áº§y Ä‘á»§; pháº£i gá»i má»›i Ä‘Æ°á»£c. khung_cáº£nh bá»‹ cháº¯n nhÃ  trÆ°á»›c nÃªn khÃ´ng thoÃ¡ng"
True,37,"Khu nghá»‰ dÆ°á»¡ng tuyá»‡t vá»i, cáº£nh Ä‘áº¹p, chá»¥p hÃ¬nh sá»‘ng áº£o Ä‘áº¹p khÃ´ng tÆ°á»Ÿng, Äƒn ngon. CÃ¡c em nhÃ¢n_viÃªn háº¿t sá»©c nhiá»‡t tÃ¬nh, thÃ¢n thiá»‡n vÃ  chu Ä‘Ã¡o. "
True,41,"PhÃ²ng sáº¡ch_sáº½, tinh táº¿ tá»« nhá»¯ng chi tiáº¿t nhá». dá»‹ch_vá»¥ tá»‘t vÃ  cÃ³ hidden bar ngay dÆ°á»›i háº§m. Tá»« khÃ¡ch_sáº¡n Ä‘i vÃ i bÆ°á»›c lÃ  ra há»“ GÆ°Æ¡m vÃ  tiá»‡n_Ã­ch xung quanh cÃ³ Ä‘á»§. Má»™t nÆ¡i xá»©ng Ä‘Ã¡ng Ä‘á»ƒ quay láº¡i nhiá»u láº§n."
True,49,"dá»‹ch_vá»¥ tá»‘t, do Ä‘ang sá»­a chá»¯a nÃªn hÆ¡i á»“n, nhÃ¢n_viÃªn tÆ° váº¥n nhiá»‡t tÃ¬nh, mÃ¬nh hay Ä‘i cá»§a ivivu."
True,52,tuyá»‡t vá»i
True,56,"khÃ¡ch_sáº¡n cÃ³ khuÃ´n viÃªn rá»™ng, sáº¡ch_sáº½ vÃ  nhiá»u cÃ¢y thoÃ¡ng mÃ¡t."
True,62,Má»i thá»© tÃ´i tháº¥y háº§u  nhÆ° Ä‘á»u tá»‘t. Chuyáº¿n Ä‘i tháº­t sá»± thoáº£i mÃ¡i vÃ  hÃ i lÃ²ng
True,66,"khÃ¡ch_sáº¡n sáº¡ch_sáº½, nhÃ¢n_viÃªn dá»… thÆ°Æ¡ng, vá»‹ trÃ­ trung tÃ¢m ráº¥t tiá»‡n cho viá»‡c Ä‘i chÆ¡i. Sáº½ cÃ²n quay láº¡i Ä‘áº·t phÃ²ng."
True,67,"Ráº¥t áº¥n tÆ°á»£ng,  sáº½ sá»­ dá»¥ng thÆ°á»ng xuyÃªn vÃ  giá»›i thiá»‡u báº¡n bÃ¨ sp nÃ y "
True,68,Má»i thá»© Ä‘iá»u ok. Äá»§ Ä‘á»ƒ cho ai thÃ­ch á»Ÿ lÃ¢u ngÃ y Ä‘áº¥y.â¤ï¸â¤ï¸
True,69,"TrÆ°á»›c khi nháº­n phÃ²ng: khÃ¡ch_sáº¡n báº£o khÃ´ng cÃ³ dá»‹ch_vá»¥ Ä‘Æ°a Ä‘Ã³n sÃ¢n bay miá»…n_phÃ­ nhÆ° liá»‡t kÃª trong mÃ´ táº£ Ä‘áº·t phÃ²ng â€” gá»i yÃªu cáº§u app â€” Ä‘áº·t phÃ²ng taxi xong rá»“i khÃ¡ch_sáº¡n má»›i giáº£i quyáº¿t. LÃºc vá» gá»i bÃ¡o khÃ¡ch_sáº¡n cÃ³ Ä‘Æ°a Ä‘Ã³n sÃ¢n bay, khÃ¡ch_sáº¡n láº¡i chá»‘i, láº¡i pháº£i báº£o app bÃ¡o cÃ³ mÃ , rá»“i láº¡i bÃ¡o cÃ³. ChÃ¡n! PhÃ²ng nháº­n Ä‘Æ°á»£c sÃ n dÆ¡, nhá» lau thÃ¬ nÃ³i 15ph xuá»‘ng thÃ¬ 1 giá» sau pháº£i gá»i giá»¥c rá»“i má»›i xuá»‘ng. NgÃ y hai yÃªu cáº§u dá»n phÃ²ng buá»•i sÃ¡ng mÃ¬nh ra ngoÃ i nÃªn nhá» tranh thá»§, lÃºc vá» trÆ°a tháº¥y cÃ²n nguyÃªn, chÃ¬u mÃ¬nh nhá» dá»n láº¡i. Tháº­t sá»± sÃ n lau khÃ´ng sáº¡ch. Ä‚n sÃ¡ng khá»i nÃ³i, Ä‘á»“ Äƒn vá»«a Ã­t vá»«a khÃ´ng tÆ°Æ¡i vá»«a kiá»ƒu á»‰u á»‰u nhÆ° Ä‘á»ƒ lÃ¢u. NÃ³i chung mÃ¬nh khÃ´ng chá»n khÃ¡ch_sáº¡n nÃ y láº§n hai!"
True,70,Tuyá»‡t vá»i náº¿u cÃ³ láº§n sau nháº¥t Ä‘á»‹nh quay láº¡i.
True,74,Ok
True,81,"TÃ´i tháº¥y khÃ¡ch_sáº¡n cÃ³ cháº¥t lÆ°á»£ng tÆ°Æ¡ng xá»©ng vá»›i giÃ¡_cáº£, cáº£m Æ¡n ivivu Ä‘Ã£ há»— trá»£."
True,89,"KhÃ´ng cÃ³ trÃ¡i cÃ¢y chÃ o má»«ng, nÃªn hÆ¡i buá»“n xÃ­u. ÄÆ°á»ng xuá»‘ng bÃ£i biá»ƒn cÃ¡t khÃ´ng má»‹n. Cháº¥t lÆ°á»£ng phÃ²ng tá»‘t"
True,92,Tá»‘t . KhÃ´ng cÃ³ gÃ¬ phÃ n nÃ n !
True,93,"TÃ´i ráº¥t thÃ­ch nÃªn tÃ´i Ä‘Ã£ Ä‘áº¿n Ä‘Ã¢y nhiá»u láº§n, má»i viá»‡c Ä‘á»u tá»‘t cho chuyáº¿n Ä‘i"
True,98,"khÃ¡ch_sáº¡n Ä‘áº¹p, sáº¡ch_sáº½, nhÃ¢n_viÃªn thÃ¢n thiá»‡n. Tuy nhiÃªn, dá»‹ch_vá»¥ xe Ä‘iá»‡n hÆ¡i cháº­m do cÃ³ 1 nhÃ¢n_viÃªn. 
khÃ¡ch_sáº¡n tá»‘t cÃ³ dá»‹p sáº½ ghÃ© láº¡i"
True,101,"NhÃ  vá»‡ sinh vá»«a báº©n vá»«a hÃ´i cÃ²n cÃ³ giÃ¡n, chÄƒn ga thÃ¬ khÃ´ng biáº¿t giáº·t chÆ°a váº«n cÃ²n tÃ³c cá»§a ngÆ°á»i ta, chÄƒn ga loang á»‘ mÃ u! Báº©n"
True,108,"khÃ¡ch_sáº¡n khÃ¡ á»•n so vá»›i má»©c giÃ¡, vá»‹ trÃ­ thuáº­n tiá»‡n Ä‘i láº¡i cÃ³ Ä‘iá»u nhÃ¢n_viÃªn lá»… tÃ¢n khÃ´ng Ä‘Æ°á»£c thoáº£i mÃ¡i cho láº¯m"
True,114,"Lá»… tÃ¢n nhiá»‡t tÃ¬nh! khÃ¡ch_sáº¡n ngay trung tÃ¢m Huáº¿! Gáº§n phá»‘ TÃ¢y, Phá»‘ Ä‘i bá»™, SÃ´ng HÆ°Æ¡ng... Tuy nhiÃªn phÃ²ng cÅ©, nÃ³ng! MÃ¡y láº¡nh bá»‹ hÆ° nÃªn cáº§n thiáº¿t thay! MÃ¬nh khÃ´ng tháº¥y khÃ¡ch Ä‘Ã´ng nhÆ°ng yÃªu cáº§u Ä‘á»•i phÃ²ng thÃ¬ Ä‘Æ°á»£c bÃ¡o háº¿t phÃ²ng KhÃ´ng cÃ³ thang mÃ¡y nÃªn leo 4 táº§ng láº§u hÆ¡i phÃª :(((( hy vá»ng khÃ¡ch_sáº¡n kháº¯c phá»¥c"
True,115,TÃ´i tháº¥y chuyáº¿n Ä‘i Ä‘Æ°á»£c phá»¥c_vá»¥ vÃ  á»Ÿ chá»— ráº¥t tá»‘t vÃ  Ä‘áº¹p.
True,119,"dá»‹ch_vá»¥ ráº¥t tá»‘t. Gia Ä‘Ã¬nh tÃ´i Ä‘Ã£ tá»«ng á»Ÿ Ä‘Ã¢y rá»“i, má»i viá»‡c váº«n hÃ i lÃ²ng"
True,122,Báº£o vá»‡ ráº¥t khÃ³ chá»‹u. PhÃ²ng cÃ¡ch ly kÃ©m nÃªn ráº¥t á»“n. PhÃ²ng sáº¡ch. Lá»… tÃ¢n dá»… thÆ°Æ¡ng.
True,124,"khÃ¡ch_sáº¡n sáº¡ch_sáº½, khung_cáº£nh Ä‘áº¹p, nhÃ¢n_viÃªn nhiá»‡t tÃ¬nh, bá»¯a sÃ¡ng ngon, Ä‘iá»ƒm trá»« thang mÃ¡y hÆ¡i cháº­m, bÃ£i táº¯m hÆ¡i xa khÃ¡ch_sáº¡n. In general, tá»‘t value for money"
True,125,MÃ¬nh hÃ i lÃ²ng vá» chuyáº¿n Ä‘i vÃ  cÅ©ng khÃ´ng cÃ³ phÃ n nÃ n gÃ¬ cáº£. táº¥t cáº£ cÃ¡c dá»‹ch_vá»¥ mÃ¬nh Ä‘á»u hÃ i lÃ²ng. nhÃ¢n_viÃªn khÃ¡ch_sáº¡n cÅ©ng nhÆ° ivivu quan tÃ¢m vÃ  chu Ä‘Ã¡o.
True,127,"Pandanus Ä‘Ã£ vÃ  Ä‘ang sá»­a chá»¯a nÃ¢ng cáº¥p phÃ²ng nÃªn thu hÃºt khÃ¡ch, máº·c dÃ¹ khÃ¡ch_sáº¡n á»Ÿ khÃ¡ xa "
True,130,"nhÃ¢n_viÃªn lÃ m viá»‡c tá»‘t, chu Ä‘Ã¡o. phÃ²ng á»‘c sáº¡ch_sáº½ vÃ  thoáº£i mÃ¡i"
True,132,"Tá»‘t láº¯m, chá»‰ cÃ³ mÃ¡y bay bá»‹ dá»i láº¡i thÃ´i, cÃ²n láº¡i ráº¥t hÃ i lÃ²ng."
True,136,ThÃ¡i Ä‘á»™ cá»§a lá»… tÃ¢n khÃ´ng tá»‘t. Wifi ráº¥t yáº¿u dÆ°á»ng nhÆ° khÃ´ng xÃ i Ä‘Æ°á»£c. PhÃ²ng khung_cáº£nh biá»ƒn cÅ©ng chá»‰ nhÃ¬n Ä‘Æ°á»£c biá»ƒn láº¥p lÃ³ qua máº¥y toÃ  nhÃ .
True,141,"Victoria Phan Thiáº¿t ráº¥t tá»‘t, tÃ´i khÃ´ng cÃ³ gÃ¬ phÃ n nÃ n háº¿t. ÄÃ¡p á»©ng Ä‘Ãºng yÃªu cáº§u cá»§a tÃ´i. "
True,144,"nhÃ¢n_viÃªn ivivu nháº¹ nhÃ ng, nhiá»‡t tÃ¬nh. khÃ¡ch_sáº¡n Ä‘áº¹p cháº¥t lÆ°á»£ng, Äƒn ngon, khÃ´ng gian Ä‘áº¹p. "
True,145,"Bá»¯a sÃ¡ng chÆ°a tháº­t sá»± ngon vÃ  phong phÃº, cÃ²n láº¡i má»i thá»© Ä‘á»u ráº¥t tuyá»‡t!"
True,149,"khÃ¡ch_sáº¡n nÃ y má»i thá»© Ä‘á»u ráº¥t tá»‘t khÃ´ng cÃ³ gÃ¬ pháº£i phÃ n nÃ n cáº£, chá»‰ cÃ³ Ä‘iá»u báº¥t tiá»‡n duy nháº¥t khi á»Ÿ Ä‘Ã¢y lÃ  bÃ£i biá»ƒn khÃ´ng táº¯m Ä‘Æ°á»£c vÃ¬ nhiá»u Ä‘Ã¡. VÃ  dá»‹ch_vá»¥ Ä‘áº·t phÃ²ng cá»§a ivivu lÃ m tÃ´i ráº¥t hÃ i lÃ²ng"
True,151,"sáº¡ch_sáº½, an uong tot , Æ¡Ì‰ biá»‡t_thá»± hÆ¡i bÃ¢Ìt tiÃªÌ£n viÃªÌ£c di chuyen"
True,155,"Khu nghá»‰ dÆ°á»¡ng phá»¥c_vá»¥ tÃ´i khÃ´ng phÃ n nÃ n gÃ¬, tháº¥y ráº¥t thÃ­ch luÃ´n"
True,165,"Má»i thá»© ráº¥t lÃ  hoÃ n háº£o, tÃ´i hÃ i lÃ²ng vá» khÃ¡ch_sáº¡n vÃ  nhÃ¢n_viÃªn ivivu. Náº¿u cÃ³ cÆ¡ há»™i tÃ´i sáº½ tiáº¿p tá»¥c á»§ng há»™ cÃ´ng ty. Cáº£m Æ¡n cÃ´ng ty nhiá»u"
True,174,"khu_nghá»‰_mÃ¡t khÃ¡ Ä‘áº¹p , nhÃ¢n_viÃªn chu Ä‘Ã¡o tuy nhiÃªn hÆ¡i xa trung tÃ¢m (35km) vÃ  buffet sÃ¡ng cáº§n cáº£i thiá»‡n"
True,175,"khu_nghá»‰_mÃ¡t tÃ´i Æ°ng láº¯m, gia Ä‘Ã¬nh tÃ´i hÃ i lÃ²ng chuyáº¿n Ä‘i nÃ y. Báº¡n PhÆ°Æ¡ng Thanh Ä‘áº¿n ngÃ y Ä‘i cÃ²n nháº¯c láº¡i tÃ´i ná»¯a, cÃ³ tháº¯c máº¯c gÃ¬ thÃ¬ báº¡n giáº£i Ä‘Ã¡p háº¿t. "
True,176,"nhÃ¢n_viÃªn há»— trá»£ nhiá»‡t tÃ¬nh, linh Ä‘á»™ng giáº£i quyáº¿t nhá»¯ng phÃ¡t sinh. Cháº¥t lÆ°á»£ng khÃ¡ch_sáº¡n tá»‘t"
True,180,"Tuyá»‡t vá»i vÃ  tháº­t sá»± háº¡nh phÃºc khi á»Ÿ Ä‘Ã¢y
"
True,191,"dá»‹ch_vá»¥ khÃ¡ch_sáº¡n ok, mÃ¬nh cáº£m tháº¥y hÃ i lÃ²ng, khung_cáº£nh Ä‘áº¹p, nhÃ¢n_viÃªn phá»¥c_vá»¥ chu Ä‘Ã¡o. 
nhÃ¢n_viÃªn tÆ° váº¥n: nhanh nháº¹n vÃ  chuyÃªn nghiá»‡p. "
True,199,"Máº¥t Ä‘iá»‡n, máº¥t nÆ°á»›c Ä‘Ãºng hÃ´m mÃ¬nh á»Ÿ nÃªn khÃ´ng buá»“n vá» phÃ²ng"
True,200,"Báº¡n Huá»‡ há»— trá»£ mÃ¬nh ráº¥t tá»‘t. Vá» Vinpearl thÃ¬ mÃ¬nh tháº¥y ráº¥t tá»‘t, má»i dá»‹ch_vá»¥, phÃ²ng á»‘c hay Äƒn uá»‘ng mÃ¬nh Ä‘á»u ráº¥t thÃ­ch hÃ i lÃ²ng"
True,207,"1. PhÃ²ng Ä‘áº¹p, giÃ¡ tá»‘t, gáº§n bá» biá»ƒn (Ä‘i bá»™ chá»‰ tá»‘n 5p). Xung quanh trá»‘ng nÃªn cÃ³ nhiá»u chá»— Ä‘áº­u xe 2. nhÃ¢n_viÃªn nhiá»‡t tÃ¬nh vÃ  thÃ¢n thiá»‡n. MÃ¬nh Ä‘áº¿n khÃ¡ sá»›m, nhÆ°ng cÃ²n phÃ²ng trá»‘ng thÃ¬ báº¡n há»— trá»£ cho nháº­n phÃ²ng luÃ´n (sá»›m 3 tiáº¿ng) mÃ  khÃ´ng tá»‘n phÃ­. 3. Äiá»ƒm trá»« lÃ  tá»§ láº¡nh nhá» trong phÃ²ng khÃ´ng láº¡nh."
True,225,"Äáº¹p, nhÆ°ng nÃªn má»Ÿ bá»ƒ bÆ¡i vÃ o sÃ¡ng sá»›m thay vÃ¬ 8 giá» sÃ¡ng nhÆ° hiá»‡n táº¡i."
True,231,khÃ¡ch_sáº¡n cÃ³ vá»‹ trÃ­ tá»‘t nhÆ°ng phÃ²ng bá»‹ hÆ° dá»™t nÃªn pháº£i chuyá»ƒn sang khÃ¡ch_sáº¡n khÃ¡c.
True,237,"nhÃ¢n_viÃªn á»Ÿ Ä‘Ã¢y ráº¥t xem thÆ°á»ng khÃ¡ch, nhÃ¬n máº·t khÃ¡ch mÃ  trá» mÃ´i khinh khi. tiá»n thá»©c Äƒn gá»i lÃªn phÃ²ng Ä‘Ã£ tÃ­nh 15% mÃ  váº«n Ä‘Ã²i thÃªm 25% trÃªn tá»•ng hoÃ¡ Ä‘Æ¡n váº­y nghÄ©a lÃ  khÃ¡ch_sáº¡n láº¥y 40% trÃªn hoÃ¡ Ä‘Æ¡n thá»©c Äƒn. Ä‘áº·t phÃ²ng 40 mÃ©t_vuÃ´ng (Ä‘Ã£ thanh toÃ¡n) thÃ¬ Ä‘Æ°a khÃ¡ch phÃ²ng 30 mÃ©t_vuÃ´ng. hÃ nh lÃ½ tá»± xÃ¡ch. á»Ÿ Ä‘Ã¢y khÃ´ng cÃ³ gÃ¬ tham quan ngoáº¡i trá»« nguá»“n nÆ°á»›c nÃ³ng tá»± nhiÃªn. cáº£m tháº¥y phÃ²ng khÃ´ng sáº¡ch_sáº½ vÃ  phÃ­ tiá»n khi chá»n nÆ¡i nÃ y. tá»‘n tiá»n cÃ²n gáº·p thÃ¡i Ä‘á»™ nhÃ¢n_viÃªn khinh khá»‰nh"
True,238,"phÃ²ng sáº¡ch_sáº½, nhÃ¢n_viÃªn nhiá»‡t tÃ¬nh, tÃ´i Ä‘Ã£ á»Ÿ máº¥y láº§n Ä‘á»u tháº¥y thoáº£i mÃ¡i"
True,240,QuÃ¡ Ä‘áº¹p
True,241,Bungalow rá»™ng vÃ  thiáº¿t káº¿ nhÃ¬n áº¥n tÆ°á»£ng. HÃ i lÃ²ng khi á»Ÿ Victoria Phan Thiáº¿t
True,248,Gia Ä‘Ã¬nh tÃ´i hÃ i lÃ²ng vá»›i dá»‹ch_vá»¥ cá»§a ivivu vÃ  khu nghá»‰ dÆ°á»¡ng
True,249,dá»‹ch_vá»¥ tá»‘t. ChÃºng tÃ´i hÃ i lÃ²ng vá» ivivu vÃ  khÃ¡ch_sáº¡n
True,250,"nhÃ¢n_viÃªn ivivu há»— trá»£ tÃ´i chu Ä‘Ã¡o vÃ  nhanh chÃ³ng. TÃ´i ráº¥t thÃ­ch khÃ¡ch_sáº¡n nÃ y, dá»‹ch_vá»¥ chu Ä‘Ã¡o. "
True,252,"Gia Ä‘Ã¬nh mÃ¬nh nghá»‰ 1 Ä‘Ãªm táº¡i Ä‘Ã¢y vÃ  láº§n Ä‘áº§u tráº£i nghiá»‡m khÃ´ng khÃ­ mÃ¡t máº» trong lÃ nh, phong cáº£nh Ä‘áº¹p, khÃ¡ch_sáº¡n sáº¡ch, nhÃ¢n_viÃªn chu Ä‘Ã¡o vÃ  mÃ¬nh cÃ³ mÃ£ coupon nÃªn hÃ i lÃ²ng cho chuyáº¿n Ä‘iğŸ‘sáº½ cÃ³ dá»‹p quay láº¡i Ä‘Ã¢yğŸ¥°"
True,254,NÃ³i chung nÃ³ khÃ¡ tá»‘t. nhÃ¢n_viÃªn cáº§n chuyÃªn nghiá»‡p hÆ¡n. Tá»‘t hÆ¡n nhiá»u náº¿u phÃ²ng lÃ  tiáº¿ng á»“n báº±ng chá»©ng
True,258,NÆ°á»›c nÃ³ng khÃ´ng nÃ³ng láº¯m vÃ  lÃ¢u láº¯m má»›i cÃ³ nÆ°á»›c nÃ³ng ra ngoÃ i. Cá»­a cáº£n tiáº¿ng á»“n tá»« bÃªn ngoÃ i kÃ©m
True,260,"nhÃ¢n_viÃªn ráº¥t thÃ¢n thiá»‡n, thÃ¡i Ä‘á»™ phá»¥c_vá»¥ chu Ä‘Ã¡o, nhÃ  hÃ ng náº¥u Äƒn ngon vÃ  sáº¡ch_sáº½. Khung cáº£nh yÃªn tÄ©nh, phÃ¹ há»£p vá»›i nghá»‰ dÆ°á»¡ng."
True,266,"TÃ´i tháº¥y khÃ¡ch_sáº¡n  ok.dá»‹ch_vá»¥ tÆ° váº¥n bÃªn ivivu ráº¥t tá»‘t.tÃ´i thÃ­ch cÃ¡ch lÃ m viá»‡c,cÃ¡ch tÆ° váº¥n nhiá»‡t tÃ¬nh bÃªn ivivu hÆ¡n cÃ¡c trang du lá»‹ch trá»±c tuyáº¿n khÃ¡c."
True,268,ÄÃ³ lÃ  khÃ¡ch_sáº¡n ráº¥t tá»‘t. PhÃ²ng táº¯m sáº¡ch_sáº½
True,270,"khÃ¡ch_sáº¡n ráº¥t ok, chu Ä‘Ã¡o
nhÃ¢n_viÃªn nhiá»‡t tÃ¬nh, dá»… thÆ°Æ¡ng"
True,274,"khÃ¡ch_sáº¡n á»Ÿ tá»‘t,tÃ´i hÃ i lÃ²ng vá» cÃ¡ch tÆ° váº¥n cá»§a nhÃ¢n_viÃªn ivivu vÃ  cáº£ nhÃ¢n_viÃªn phá»¥c vá»¥"
True,276,"Bá»‘ máº¹ tÃ´i Ä‘i vá» ráº¥t hÃ i lÃ²ng,khen ráº¥t nhiá»u. khÃ¡ch_sáº¡n ráº¥t Ä‘áº¹p vÃ  máº¥y báº¡n phá»¥c_vá»¥ ráº¥t nhiá»‡t tÃ¬nh."
True,281,Ráº¥t cáº£m Æ¡n ivivu Ä‘Ã£ ráº¥t nhiá»‡t tÃ¬nh tÆ° váº¥n. Khu nghá»‰ dÆ°á»¡ng ráº¥t Ä‘áº¹p. Buffet sÃ¡ng ngon. Tuy nhiÃªn ká»³ nghá»‰ sáº½ tuyá»‡t vá»i hÆ¡n náº¿u dá»‹ch_vá»¥ xe Ä‘iá»‡n phá»¥c_vá»¥ tá»‘t hÆ¡n. Má»—i láº§n gá»i xe Ä‘iá»‡n pháº£i Ä‘á»£i ráº¥t lÃ¢u. Nhiá»u láº§n pháº£i Ä‘i bá»™ vÃ¬ Ä‘á»£i khÃ´ng ná»—i
True,283,TÃ´i cáº£m tháº¥y hÃ i lÃ²ng vá» khÃ¡ch_sáº¡n. Lá»… tÃ¢n nhiá»‡t tÃ¬nh vÃ  dá»‹ch_vá»¥ tá»‘t! Cáº£m Æ¡n sá»± Ä‘Ã³n tiáº¿p cá»§a quÃ½ khÃ¡ch_sáº¡n!
True,286,Ä‘i nháº­n phÃ²ng vÃ o ngÃ y trá»i khÃ´ng náº¯ng láº¯m nÃªn tá»‘i Ä‘Ã³ khÃ´ng cÃ³ nÆ°á»›c nÃ³ng..nhÆ°ng ngay hÃ´m sau cÃ³ náº¯ng vÃ  Ä‘Ã£ cÃ³ nÆ°á»›c nÃ³ng. má»i thá»© táº¡m á»•n
True,292,"Tá»‘t nhÆ°ng muá»—i khÃ¡ nhiá»u , Ä‘á» nghá»‹ phun thuá»‘c trá»« muá»—i nhiá»u hÆ¡n "
True,293,"KhÃ¡ch_sáº¡n khÃ¡ Ä‘Ã´ng, phá»¥c_vá»¥ hÆ¡i cháº­m, Ä‘á»“ Äƒn Ä‘Æ°á»£c nhÆ°ng hÆ¡i máº·n, phÃ²ng á»Ÿ ban Ä‘áº§u mÃ¬nh cÃ³ lÆ°u Ã½ vá»›i sale @trÃ¢m tuy nhiÃªn, khi ra ngoÃ i Ä‘áº¥y thÃ¬ Ä‘áº·t phÃ²ng gia Ä‘Ã¬nh mÃ¬nh khÃ´ng Ä‘Æ°á»£c khÃ¡ch_sáº¡n lÆ°u Ã½ phÃ²ng gáº§n khu vá»±c nhÃ  hÃ ng vÃ¬ gia Ä‘Ã¬nh cÃ³ ngÆ°á»i lá»›n tuá»•i nÃªn chÃ¢n yáº¿u. MÃ¬nh Ä‘Ã£ cÃ³ nÃ³i chuyá»‡n vá»›i @trÃ¢m vÃ¬ sao láº¡i khÃ´ng thÃ´ng bÃ¡o cho mÃ¬nh trÆ°á»›c Ä‘á»ƒ mÃ¬nh Ä‘á»•i khÃ¡ch_sáº¡n khÃ¡c. "
True,295,"KhÃ´ng gian khu_nghá»‰_mÃ¡t ok, vá»‹ trÃ­ hÆ¡i xa so vá»›i cÃ¡c khu_nghá»‰_mÃ¡t khÃ¡c, nhÆ°ng gáº§n Ä‘á»“i há»“ng tÃ´i tháº¥y cÅ©ng tiá»‡n Ä‘i láº¡i vÃ  vui chÆ¡i, Äƒn sÃ¡ng thiÃªn vá» mÃ³n Äƒn phÆ°Æ¡ng TÃ¢y, tÃ´i Äƒn khÃ´ng quen nhÆ°ng tÃ´i tháº¥y thá»©c Äƒn cÅ©ng ngon. TÃ´i hÃ i lÃ²ng vá» khu_nghá»‰_mÃ¡t nÃ y."
True,298,Ráº¥t tá»‘t
True,304,"Má»i thá»© tÃ´i tháº¥y bÃ¬nh thÆ°á»ng, "
True,306,khu_nghá»‰_mÃ¡t Ä‘áº¹p. nhÃ¢n_viÃªn phá»¥c_vá»¥ chu Ä‘Ã¡o. nhÆ°ng hÆ¡i nhiá»u cÃ´n trÃ¹ng.TÃ´i hÃ i lÃ²ng vá» cÃ¡ch phá»¥c_vá»¥ cá»§a khu_nghá»‰_mÃ¡t
True,310,"Má»i viá»‡c tá»‘t Ä‘áº¹p, gia Ä‘Ã¬nh tÃ´i hÃ i lÃ²ng"
True,312,Vá»›i táº§m giÃ¡ 1 triá»‡u cho 3 Ä‘Ãªm vá»›i phÃ²ng nhÆ° váº­y lÃ  quÃ¡ chuáº©n. Lá»… tÃ¢n khÃ¡ nhiá»‡t tÃ¬nh.
True,313,"khÃ¡ch_sáº¡n cÅ©ng á»•n, hÆ¡i xa trung tÃ¢m"
True,321,"PhÃ²ng áº©m má»‘c, bá»¥i nhÆ° 1 thÃ¡ng khÃ´ng cÃ³ ai á»Ÿ qua. MÆ°á»£n bÃ n á»§i hay gÃ¬ cÅ©ng dáº¡ mÃ  im re. Tiáº¿p Ä‘Ã³n nhÆ° khÃ¡ch_sáº¡n 1 sao, Äƒn uá»‘ng thÃ¬ quÃ¡ bÃ¨o thua khÃ¡ch_sáº¡n bÃ¬nh dÃ¢n, háº¿t thá»©c Äƒn khÃ´ng ai mang ra phá»¥c_vá»¥ ... má»i thá»© pháº£i chen chÃºc, chá» Ä‘á»£i. Äi láº§n Ä‘áº§u ok láº§n thá»© hai thÃ¬ chia tay mÃ£i mÃ£i. Ã‚m Ä‘iá»ƒm"
True,335,"Má»i thá»© á»Ÿ khu nghá»‰ dÆ°á»¡ng Ä‘á»u ráº¥t tá»‘t, tÃ´i khÃ´ng cÃ³ gÃ¬ pháº£i phiá»n lÃ²ng cáº£. CÃ¡c báº¡n nhÃ¢n_viÃªn tÆ° váº¥n bÃªn ivivu há»— trá»£ tÃ´i nhiá»‡t tÃ¬nh, nhanh chÃ³ng."
True,349,TÃ´i ráº¥t hÃ i lÃ²ng vá»›i dá»‹ch_vá»¥ .NÃ³i chung má»i sá»± Ä‘á»u tuyá»‡t vá»iğŸ‘â¤ï¸ğŸ‘â¤ï¸ğŸ‘
True,351,"PhÃ¹ há»£p vá»›i giÃ¡ tiá»n. KhÃ´ng gian rá»™ng Ä‘áº¹p, há»“ bÆ¡i Ä‘áº¹p, cÃ³ sÃ¢n tennis miá»…n phÃ­. HÃ i lÃ²ng vÃ  sáº½ Ä‘áº¿n khi cÃ³ Ä‘iá»u kiá»‡n."
True,352,"Cháº¥t lÆ°á»£ng phÃ²ng á»‘c ráº¥t á»•n, khÃ´ng gian rá»™ng rÃ£i ráº¥t thÃ­ch há»£p cho viá»‡c nghá»‰ dÆ°á»¡ng"
True,363,dá»‹ch_vá»¥ khÃ¡ch_sáº¡n tá»‘t . Má»i thá»© TÃ´i Ä‘á»u hÃ i lÃ²ng .
True,364,"Báº¡n Tháº£o ivivu há»— trá»£ mÃ¬nh ráº¥t tá»‘t vÃ  nhiá»‡t tÃ¬nh, vá» khÃ¡ch_sáº¡n thÃ¬ mÃ¬nh ráº¥t Æ°ng Ã½ vÃ¬ tháº­t sá»± ráº¥t Ä‘áº¹p vÃ  thoáº£i mÃ¡i, tiá»‡n nghi"
True,368,"Cáº£m Æ¡n ivivu Ä‘Ã£ cung cáº¥p cho chÃºng tÃ´i má»™t ká»³ nghá»‰ trÃªn cáº£ tuyá»‡t vá»i. Má»i ngÆ°á»i trong nhÃ³m ai cÅ©ng hoan há»· vÃ¬ sá»± nhiá»‡t tÃ¬nh tÆ° Váº¥n, giÃºp Ä‘á»¡ cá»§a cÃ´ TrÃ¢m, cÅ©ng nhÆ° sá»± hoÃ n háº£o tá»« cÆ¡ sá»Ÿ váº­t cháº¥t cÅ©ng nhÆ° thÃ¡i Ä‘á»™ phá»¥c_vá»¥ chuyÃªn nghiá»‡p , Ä‘áº³ng cáº¥p cá»§a khu_nghá»‰_mÃ¡t Inter Continental ÄÃ  náºµng. Ráº¥t mong Sáº½ gáº·p láº¡i ivivu trong nhá»¯ng Chuyáº¿n Ä‘i tiáº¿p theo khi cÃ³ Ä‘iá»u kiá»‡n"
True,372,"Cháº¯c do Ä‘Ã´ng khÃ¡ch hay sao thÃ¬ lá»… tÃ¢n nhá»¯ng bá»™ pháº­n khÃ¡c há»— trá»£ khÃ´ng tá»‘t: nhÆ° pháº§n Ä‘áº·t bá»¯a Äƒn,...PhÃ²ng thÃ¬ bÃ¬nh thÆ°á»ng, khÃ´ng Ä‘áº·c sáº¯c láº¯m"
True,378,"NÃ³ náº±m á»Ÿ trung tÃ¢m cá»§a Old Town. Má»i thá»© Ä‘á»u ráº¥t sáº¡ch_sáº½, há» dá»n nhÃ  hÃ ng ngÃ y. KÃ­ch thÆ°á»›c phÃ²ng khÃ¡ nhá» hÆ¡n tÃ´i nghÄ© vÃ  ban cÃ´ng lÃ  vÃ´ dá»¥ng, nhÆ°ng nhÃ¬n chung lÃ  á»•n. TÃ´i cháº¯c cháº¯n sáº½ trá»Ÿ láº¡i Ä‘Ã¢y vÃ o láº§n sau"
True,381,Tuyá»‡t vá»i. MÃ¬nh ráº¥t thÃ­ch nhá»¯ng chá»— nghá»‰ cá»§a vinpearl
True,384,"khu_nghá»‰_mÃ¡t Ä‘áº¹p, yÃªn tÄ©nh, sáº¡ch_sáº½.nhÃ¢n_viÃªn lá»‹ch sá»±, dá»… chá»‹u. nhÆ°ng náº±m á»Ÿ vá»‹ trÃ­ hÆ¡i xa nÃªn tÃ¬m taxi khÃ³, nÃªn Ä‘i xe nhÃ ."
True,385,"TÃ´i hÃ i lÃ²ng, khu_nghá»‰_mÃ¡t á»Ÿ ráº¥t thoáº£i mÃ¡i, gia Ä‘Ã¬nh sáº½ quay láº¡i"
True,386,"PhÃ²ng giÃ¡ tá»‘t ngay biá»ƒn, Ä‘á»§ tiá»‡n nghi"
True,394,"Vá»‹ trÃ­ tá»‘t vÃ  phÃ²ng Ä‘Æ°á»£c sáº¡ch_sáº½ vÃ  thoáº£i mÃ¡i. ThÃ¢n thiá»‡n, nhÃ¢n_viÃªn nÃ³i tiáº¿ng Anh."
True,400,khÃ¡ch_sáº¡n mang Ä‘áº¿n cho gia Ä‘Ã¬nh mÃ¬nh 1 tráº£i nghiá»‡m tá»‘t. Chá»‰ tiáº¿c lÃ  do váº¯ng khÃ¡ch vÃ¬ thá»i Ä‘iá»ƒm dá»‹ch cÅ©ng nhÆ° khÃ´ng pháº£i mÃ¹a cao Ä‘iá»ƒm nÃªn bá»¯a sÃ¡ng thÃ nh chá»n mÃ³n. Tuy nhiÃªn Ä‘á»“ Äƒn bá»¯a sÃ¡ng cÅ©ng khÃ¡ ngon.
True,402,"PhÃ²ng sáº¡ch_sáº½, ngay trung tÃ¢m, tiá»‡n Ä‘i láº¡i"
True,412,"TÃ´i tháº¥y khÃ¡ch_sáº¡n cÅ©ng Ä‘Æ°á»£c, á»Ÿ cÅ©ng bÃ¬nh thÆ°á»ng, nhÃ¢n_viÃªn ok."
True,413,chá»— á»Ÿ ráº¥t tuyá»‡t vá»i
True,416,"Má»i thá»© Ä‘iá»u tá»‘t. dá»‹ch_vá»¥ cá»§a ivivu ráº¥t ok, láº§n sau tÃ´i sáº½ tiáº¿p tá»¥c sá»­ dá»¥ng"
True,417,"Victoria Phan Thiáº¿t khÃ´ng cÃ³ váº¥n Ä‘á» gÃ¬, má»i thá»© Ä‘á»u tá»‘t. "
True,422,"khÃ¡ch_sáº¡n nÃ y tá»‘t, tÃ´i tháº¥y hÃ i lÃ²ng vá» chuyáº¿n Ä‘i nÃ y. nhÃ¢n_viÃªn ivivu tá»‘t. Sáº½ quay láº¡i Ä‘áº·t bÃªn ivivu"
True,429,"nhÃ¢n_viÃªn thÃ¢n thiá»‡n. nhiá»‡t tÃ¬nh, phÃ²ng cháº¥t lÆ°á»£ng"
True,434,"nhÃ¢n_viÃªn dá»n phÃ²ng Ä‘á»ƒ khÄƒn báº©n trÃªn bá»“n rá»­a máº·t, khÃ¡ch khÃ´ng muá»‘n pháº£n Ã¡nh lÃªn khÃ¡ch_sáº¡n vÃ¬ cÅ©ng khÃ´ng sá»­ dá»¥ng tá»›i. Äáº¿n khi tráº£ tiá»n thÃ¬ báº¯t Ä‘á»n khÃ¡ch máº·c dÃ¹ khÃ¡ch khÃ´ng sá»­ dá»¥ng Ä‘áº¿n khÄƒn Ä‘Ã³ nÃªn khÃ´ng thá»ƒ do khÃ¡ch lÃ m báº©n Ä‘Æ°á»£c"
True,435,"khÃ¡ch_sáº¡n cÃ³ cháº¥t lÆ°á»£ng ráº¥t tá»‘t, cáº£nh ráº¥t Ä‘áº¹p, giÃ¡ ráº¥t há»£p, nhÆ°ng nhÃ¢n_viÃªn phá»¥c_vá»¥ khÃ´ng thÃ¢n thiá»‡n, láº¡nh lÃ¹ng vá»›i khÃ¡ch, cháº¥t lÆ°á»£ng dá»‹ch_vá»¥ ivivu ráº¥t tá»‘t."
True,436,"khu_nghá»‰_mÃ¡t phá»¥c_vá»¥ tá»‘t. NhÆ°ng 1 giÆ°á»ng Ä‘Ã´i cá»§a tÃ´i lÃ  do 2 giÆ°á»ng nhá» ghÃ©p láº¡i. MÃ  nhÃ¬n chung chÃºng tÃ´i Ä‘Ã£ cÃ³ chuyáº¿n Ä‘i vui. App cá»§a ivivu khÃ¡ ok, nhÆ°ng khi vÃ o má»¥c chuyáº¿n Ä‘i cá»§a tÃ´i thÃ¬ cá»© bá»‹ quay hoÃ i nÃªn tÃ´i pháº£i thoÃ¡t ra. nhÃ¢n_viÃªn ivivu há»— trá»£ tá»‘t, háº¹n gáº·p cÃ¡c báº¡n láº§n sau"
True,442,"Má»i thá»© ok cáº£, chuyáº¿n Ä‘i tá»‘t"
True,445,"dá»‹ch_vá»¥ khÃ¡ch_sáº¡n hÃ i lÃ²ng, má»i thá»© Ä‘á»u tá»‘t. dá»‹ch_vá»¥ ivivu tá»‘t, nhÃ¢n_viÃªn tÆ° váº¥n tá»‘t, má»i thá»© Ä‘á»u tá»‘t háº¿t"
True,447,khÃ¡ch_sáº¡n Ä‘áº¹p. PhÃ²ng y hÃ¬nh nhÃ¢n_viÃªn dá»… thÆ°Æ¡ng. Sáº½ quay láº¡i láº§n sau
True,449,"PhÃ²ng sáº¡ch_sáº½, thoÃ¡ng mÃ¡t. ivivu há»— trá»£ ok, pháº£n á»©ng nhanh nháº¡y, tÃ´i hÃ i lÃ²ng"
True,451,"khu_nghá»‰_mÃ¡t cáº£nh quan Ä‘áº¹p, dá»‹ch_vá»¥ tá»‘t, thá»©c Äƒn nhÃ  hÃ ng Viá»‡t ngon, mÃ¬nh chÆ°a Äƒn nhÃ  hÃ ng TÃ¢y nÃªn khÃ´ng nháº­n xÃ©t. 
MÃ¬nh Ä‘áº·t Ä‘áº·t phÃ²ng vÃ o 29 AL nÃªn sá»£ khÃ´ng Ä‘Æ°á»£c xÃ¡c nháº­n Ä‘áº·t phÃ²ng, nhÆ°ng ivivu Ä‘Ã£ xá»­ lÃ½ tá»‘t"
True,452,"khu_nghá»‰_mÃ¡t ráº¥t Ä‘áº¹p, khÃ¡ Ä‘áº§y Ä‘á»§ tiá»‡n nghi. Ä‘á»“ Äƒn há»£p vá»›i kháº©u vá»‹ cá»§a vá»£ chá»“ng mÃ¬nh. cÃ³ Ä‘iá»u buffet sÃ¡ng chÆ°a Ä‘a dáº¡ng láº¯m hÆ¡i ngÃ¡n. "
True,454,"khu_nghá»‰_mÃ¡t Ä‘áº¹p, nhÃ¢n_viÃªn dá»… thÆ°Æ¡ng, gia Ä‘Ã¬nh mÃ¬nh ráº¥t thÃ­ch. "
True,462,"- vá»‹ trÃ­: khÃ¡ xa Thá»‹ tráº¥n ÄÃ´ng DÆ°Æ¡ng, sÃ¢n bay... nhÆ°ng thÃ­ch há»£p nghá»‰ dÆ°á»¡ng.. - phÃ²ng háº§u nhÆ° giá»‘ng vá»›i há»‡ thá»‘ng Vinpearl khÃ¡c. sáº¡ch_sáº½, Ä‘áº§y Ä‘á»§ tiá»‡n nghi... - Ä‘áº·c biá»‡t cÃ³ ho boi Ä‘áº¹p vÃ  cÃ´ng viÃªn nÆ°á»›c tráº» em bÃªn trong khu_nghá»‰_mÃ¡t. - buffet sÃ¡ng cÅ©ng khÃ¡ nhiá»u mÃ³n."
True,463,"khÃ¡ch_sáº¡n sáº¡ch_sáº½, giÃ¡ ráº». Ä‘iá»u hÃ²a mÃ¡t. láº§n sau sáº½ Ä‘áº·t phÃ²ng phÃ²ng cÃ³ khung_cáº£nh ban cÃ´ng thÃ¬ thoáº£i mÃ¡i hÆ¡n"
True,465,"khÃ¡ch_sáº¡n VinOasis cÃ³ dá»‹ch_vá»¥ Ä‘Æ°a vÃ  Ä‘Ã³n khÃ¡ch táº¡i SÃ¢n bay PhÃº Quá»‘c ráº¥t tá»‘t. nhÃ¢n_viÃªn lá»‹ch sá»±, nhÃ£ nháº·n vÃ  thanh lá»‹ch. Tuy nhiÃªn, thá»i gian nháº­n_phÃ²ng cho khÃ¡ch nháº­n phÃ²ng khÃ¡ lÃ  cháº­m do tÃ¡c phong vÃ  váº­n hÃ nh cÃ²n khÃ¡ Ä‘Æ¡n giáº£n, thiáº¿u sá»± chuyÃªn nghiá»‡p. CÅ©ng may lÃ  trong lÃºc khÃ¡ch lÃ¢y láº¥t chá» Ä‘á»£i Ä‘Æ°á»£c nháº­n phÃ²ng thÃ¬ khÃ¡ch_sáº¡n cÃ³ cung cáº¥p nÆ°á»›c uá»‘ng chÃ o má»«ng Ä‘Æ°á»£c miá»…n phÃ­. PhÃ²ng Ä‘áº¹p, sáº¡ch, yÃªn tÄ©nh. Ä‚n sÃ¡ng náº¥u ngon, mÃ³n Äƒn phong phÃº cáº£ Ã‚u vÃ  Ã nÃªn ráº¥t phÃ¹ há»£p cho cÃ¡c loáº¡i khÃ¡ch. KhÃ´ng cÃ³ dá»¥ng cá»¥ cáº¡o rÃ¢u cung cáº¥p sáºµn trong phÃ²ng nhÆ° cÃ¡c khÃ¡ch_sáº¡n bÃ¬nh thÆ°á»ng khÃ¡c. NÃªn cáº£i thiá»‡n Ä‘iá»u nÃ y"
True,473,"nhÃ¢n_viÃªn tÆ° váº¥n: nhiá»‡t tÃ¬nh vÃ  há»— trá»£ ráº¥t nhiá»u. 
dá»‹ch_vá»¥ khÃ¡ch_sáº¡n: nÃ³i chung vá»«a Ä‘áº¿n khu_nghá»‰_mÃ¡t tÃ´i vÃ  gia Ä‘Ã¬nh Ä‘Ã£ Ä‘Æ°á»£c Ä‘Ã³n chÃ o ná»“ng nhiá»‡t, phÃ²ng á»Ÿ thÃ¬ cÅ©ng Ä‘Æ°á»£c dá»n sáº¡ch_sáº½, nÃ³i chung lÃ  á»Ÿ ráº¥t tháº¥y thoáº£i mÃ¡i, Ä‘Æ°á»£c sá»­ dá»¥ng cÃ¡c dá»‹ch_vá»¥ trong gÃ³i. "
True,474,"Má»i viá»‡c tá»‘t, tá»« phÃ²ng Ä‘áº¿n dá»‹ch_vá»¥ tÃ´i Ä‘á»u hÃ i lÃ²ng. TÃ´i sáº½ liÃªn há»‡ ivivu cho nhá»¯ng chuyáº¿n Ä‘i tá»›i"
True,479,"khÃ¡ch_sáº¡n ráº¥t ok, dá»‹ch_vá»¥ giá»‘ng vá»›i nhá»¯ng Vinpearl khÃ¡c tÃ´i Ä‘Ã£ Ä‘i"
True,480,"CÅ©ng ráº¥t ok vá» má»i máº·t, Cháº¯c láº§n sau sáº½ quay láº¡i."
True,481,"khÃ¡ch_sáº¡n Ä‘áº¹p, Ä‘á»“ Äƒn ngon nhÃ¢n_viÃªn tuyá»‡t vá»i nháº¥t lÃ  báº¡n Linh á»Ÿ nhÃ  hÃ ng"
True,482,PhÃ²ng vÃ  dá»‹ch_vá»¥ cá»§a khu_nghá»‰_mÃ¡t Ä‘á»u tá»‘t.
True,484,"khÃ¡ch_sáº¡n cÅ©ng Ä‘Æ°á»£c, tÃ´i khÃ´ng cÃ³ gÃ¬ phÃ n nÃ n."
True,485,"TÃ´i ráº¥t hÃ i lÃ²ng. Sau 1 nÄƒm trá»Ÿ láº¡i, dá»‹ch_vá»¥ vÃ  phÃ²ng váº«n ráº¥t tá»‘t. "
True,493,"ga tráº£i giÆ°á»ng, khÄƒn lau khÃ´ng Ä‘Æ°á»£c thay trong 3 ngÃ y chÃºng tÃ´i á»Ÿ. Há»“ bÆ¡i khÃ´ng Ä‘Æ°á»£c thay rá»­a, bÃ£i biá»ƒn cÃ³ rÃ¡c nhÆ°ng Ã­t."
True,494,PhÃ²ng mÃ¬nh nháº­n khÃ´ng giá»‘ng trong hÃ¬nh. Tháº¥y trÃªn hÃ¬nh cÃ³ khung_cáº£nh biá»ƒn mÃ  khi nháº­n láº¡i cho mÃ¬nh vÃ o chá»— xung quanh lÃ  tÆ°á»ng khÃ´ng. Cá»­a sá»• cháº³ng nhÃ¬n tháº¥y gÃ¬ ngoÃ i bá»©c tÆ°á»ng khu káº¿ bÃªn.
True,499,"Chuyáº¿n Ä‘i ráº¥t ok, tÃ´i hÃ i lÃ²ng vá» phÃ²ng vÃ  dá»‹ch_vá»¥ cá»§a khu_nghá»‰_mÃ¡t láº¯m. Má»i viá»‡c tá»‘t vÃ  vui váº» "
True,511,"PhÃ²ng Victoria Phan Thiáº¿t cÃ³ mÃ¹i thÆ¡m thoang thoáº£ng ráº¥t dá»… chá»‹u. 
MÃ¬nh sáº½ quay láº¡i"
True,512,"Gia Ä‘Ã¬nh tÃ´i Ä‘Ã£ nhiá»u láº§n á»Ÿ Ä‘Ã¢y vÃ  sá»­ dá»¥ng dá»‹ch_vá»¥ ivivu nhiá»u láº§n, tÃ´i ráº¥t thÃ­ch sá»± chu Ä‘Ã¡o cá»§a cÃ¡c báº¡n nhÃ¢n_viÃªn vÃ  sá»± thoáº£i mÃ¡i khi á»Ÿ khÃ¡ch_sáº¡n"
True,521,"PhÃ²ng á»‘c sáº¡ch_sáº½ Ä‘áº¹p Ä‘áº½ phÃ¹ há»£p vá»›i giÃ¡ tiá»n nhÃ© cÃ¡c báº¡n Æ¡i, ngay gáº§n sunworld Ä‘i bá»™ táº§m 50-100m lÃ  tá»›i rá»“i. ÄÆ°á»£c cÃ¡i chá»‹ chá»§ vÃ´ cÃ¹ng nhiá»‡t tÃ¬nh, há»— trá»£ háº¿t mÃ¬nh nÃªn má»i ngÆ°á»i khÃ´ng pháº£i lo nhÃ©"
True,529,"khÃ¡ch_sáº¡n ráº¥t xá»©ng Ä‘Ã¡ng dá»‹ch_vá»¥ 5 sao. khÃ´ng cÃ³ gÃ¬ pháº£i phÃ n nÃ n, biá»ƒn Ä‘áº¹p, khu trÃ² chÆ¡i ráº¥t nhiá»u trÃ², bao Äƒn 3 bá»¯a trong ngÃ y. TÃ´i ráº¥t hÃ i lÃ²ng vá» dá»‹ch_vá»¥ cá»§a ivivu"
True,530,"khÃ¡ch_sáº¡n sáº¡ch_sáº½, nhÃ¢n_viÃªn ráº¥t dá»… thÆ°Æ¡ng. khu_nghá»‰_mÃ¡t ráº¥t rá»™ng dÆ°á»ng nhÆ° chÆ°a hoÃ n thiá»‡n nÃªn hoang sÆ¡. NhÆ°ng mÃ¬nh thÃ­ch Ä‘iá»u nÃ y."
True,531,"dá»‹ch_vá»¥ tá»‘t, phÃ²ng khÃ¡ch Ä‘áº·t khung_cáº£nh hÆ°á»›ng biá»ƒn, nhÆ°ng nhÃ¬n ra bá»‹ vÆ°á»›ng táº§m nhÃ¬n nÃªn khÃ´ng hÃ i lÃ²ng láº¯m
nhÃ¢n_viÃªn nhiá»‡t tÃ¬nh, náº¯m rÃµ thÃ´ng tin sáº£n pháº©m."
True,534,"Gáº§n khu phá»‘ cá»• nÃªn tiá»‡n Ä‘i láº¡i, khÃ´ng thÃ­ch Äƒn sÃ¡ng kiá»ƒu gá»i mÃ³n, nÆ°á»›c miá»…n_phÃ­ mÃ  chai nÆ°á»›c nhÃ£n hiá»‡u láº¡ khÃ´ng dÃ¡m uá»‘ng. GiÃ¡ phÃ²ng ráº», phÃ²ng hÆ¡i nhá» cho 3 ngÆ°á»i, nhÆ°ng nhÃ  táº¯m thÃ¬ tháº­t lÃ  to :))"
True,541,KhÃ¡ lÃ¢u rá»“i má»›i trá»Ÿ láº¡i Ä‘Ã¢y. khu_nghá»‰_mÃ¡t Ä‘Ã£ thay Ä‘á»•i Ä‘áº¹p hÆ¡n ráº¥t nhiá»u. Ä‚n sÃ¡ng khÃ¡ ngon tuy lÃªn thá»©c Äƒn hÆ¡i cháº­m
True,546,"KhÃ´ng gian ráº¥t thoÃ¡ng mÃ¡t, nhÃ¢n_viÃªn vÃ´ cÃ¹ng thÃ¢n thiá»‡n ğŸ‘ğŸ‘ğŸ‘"
True,552,Má»i thá»© ráº¥t tá»‘t
True,553,"dá»‹ch_vá»¥ khÃ¡ch_sáº¡n ráº¥t tá»‘t. Tuy nhiÃªn nhÃ  vá»‡ sinh khi táº¯m dá»… bá»‹ trÃ n nÆ°á»›c ra sÃ n, ráº¥t tiáº¿c vÃ¬ Ä‘iá»u nÃ y, má»i thá»© Ä‘á»u phá» phá»‡ch trá»« cÃ¡i nhÃ _vá»‡_sinh nÃ y"
True,558,"Äáº·t phÃ²ng nhanh, nhÃ¢n_viÃªn há»— trá»£ chu Ä‘Ã¡o. khu_nghá»‰_mÃ¡t á»Ÿ ráº¥t ok"
True,559,"PhÃ²ng sáº¡ch_sáº½, nhÃ¢n_viÃªn thÃ¢n thiá»‡n, há»— trá»£ khÃ¡ch táº­n tÃ¬nh. Chá»‰ á»Ÿ 1 Ä‘Ãªm nhÆ°ng mÃ¬nh ráº¥t thÃ­ch cÃ¡ch phá»¥c_vá»¥ cá»§a nhÃ¢n_viÃªn á»Ÿ Ä‘Ã¢y. Cháº¯c cháº¯n láº§n sau cÃ³ dá»‹p Ä‘áº¿n HÃ  Ná»™i sáº½ quay láº¡i khÃ¡ch_sáº¡n."
True,566,"dá»‹ch_vá»¥ vÃ  phÃ²ng á»•n, nhÆ°ng chÆ°a tuyá»‡t Ä‘á»‘i"
True,568,PhÃ²ng sáº¡ch Ä‘áº¹p. Ä‚n sÃ¡ng ngon. Sáº½ quay láº¡i
True,578,dá»‹ch_vá»¥ khÃ¡ch_sáº¡n vÃ  ivivu Ä‘á»u ok
True,599,HÆ¡i cÃ³ sá»± lá»™n xá»™n trong viá»‡c kiá»ƒm soÃ¡t tháº» giá»¯ xe mÃ¡y vÃ  khÃ´ng cÃ³ nÆ°á»›c uá»‘ng miá»…n phÃ­
True,603,Má»i thá»© Ä‘á»u ráº¥t á»•n. Tiáº¿c lÃ  Ä‘i bá»™ ra bÃ£i táº¯m hÆ¡i xa
True,605,"khÃ¡ch_sáº¡n cÃ³ dá»‹ch_vá»¥ tá»‘t, thá»§ tá»¥c nhanh gá»n, nhÃ¢n_viÃªn nhiá»‡t tÃ¬nh vui váº». Khi tÃ´i tráº£ phÃ²ng trá»…, khÃ¡ch_sáº¡n cÃ²n cho tÃ´i má»™t phÃ²ng khÃ¡c Ä‘á»ƒ nghá»‰ khi phÃ²ng tÃ´i Ä‘ang á»Ÿ cÃ³ ngÆ°á»i thuÃª . nhÃ¢n_viÃªn ivivu tÆ° váº¥n cho tÃ´i nhiá»‡t tÃ¬nh."
True,615,"Chuyáº¿n Ä‘i cá»§a chÃºng tÃ´i á»•n, má»i viá»‡c Ä‘á»u hÃ i lÃ²ng"
True,621,"Phong hÃ´i, báº©n. Äá»•i phÃ²ng khÃ¡c váº«n váº­y."
True,623,"nhÃ¢n_viÃªn thÃ¢n thiá»‡n vÃ  dá»… máº¿n, há» Ä‘Æ°a hÃ nh lÃ½ cá»§a chÃºng tÃ´i tá»« taxi Ä‘áº¿n phÃ²ng, cho chÃºng tÃ´i má»™t chai nÆ°á»›c miá»…n phÃ­ sau khi chÃºng tÃ´i tráº£ phÃ²ng."
True,624,TÃ´i hÃ i lÃ²ng vá» phá»¥c_vá»¥ cá»§a khÃ¡ch_sáº¡n
True,626,"khÃ¡ch_sáº¡n dá»‹ch_vá»¥ tá»‘t, nhÃ¢n_viÃªn há»— trá»£ nhiá»‡t tÃ¬nh, phÃ²ng tÃ´i xáº¿p trÃªn phÃ²ng há»™i nghá»‹ tá»‘i hÃ´m Ä‘Ã³ hÆ¡i á»“n ráº¥t khÃ³ ngá»§. khÃ¡ch_sáº¡n nÃªn  há»— trá»£ sáº¯p xáº¿p phÃ²ng cho ivivu vá» váº¥n Ä‘á» nÃ y. TÃ´i cáº£m Æ¡n ivivu Ä‘Ã£ há»— trá»£ nhiá»‡t tÃ¬nh."
True,630,"á» khÃ¡ch_sáº¡n thÃ¬ Ä‘áº¹p nhÆ°ng gia Ä‘Ã¬nh tÃ´i bá»‹ cÃ´n trÃ¹ng cáº¯n nhiá»u, cÃ³ bÃ¡o bá»™ pháº­n lá»… tÃ¢n vÃ  cÅ©ng Ä‘Æ°á»£c xá»‹t cÃ´n trÃ¹ng. nhÃ¢n_viÃªn ráº¥t táº­n tÃ¬nh."
True,637,"Tuyá»‡t vá»i, nhÃ¢n_viÃªn thÃ¢n thiá»‡n nhiá»‡t tÃ¬nh, bÃ£i biá»ƒn vÃ´ cÃ¹ng Ä‘áº¹p. Äá»“ Äƒn sÃ¡ng ráº¥t ngon "
True,640,Ráº¥t yÃªn tÄ©nh vÃ  nhÃ¢n_viÃªn ráº¥t thÃ¢n thiá»‡n. Äá»“ Äƒn Ä‘Æ¡n giáº£n nhÆ°ng ngon ! KhÃ¡ch nÆ°á»›c ngoÃ i á»Ÿ ráº¥t nhiá»u Ä‘á»§ Ä‘á»ƒ tháº¥y cháº¥t lÆ°á»£ng rá»“i. Khu nghá»‰ dÆ°á»¡ng tuy cÃ³ hÆ¡i nhá» nhÆ°ng cáº£nh cá»±c ká»³ Ä‘áº¹p !
True,641,"nhÃ¢n_viÃªn cá»§a ivivu tÆ° váº¥n nhiá»‡t tÃ¬nh vÃ  nhanh nháº¹n. TÃ´i hÃ i lÃ²ng vá»›i khu nghá»‰ dÆ°á»¡ng, tá»« phÃ²ng Ä‘áº¿n dá»‹ch_vá»¥"
True,642,"TÃ´i ráº¥t thÃ­ch nÃªn tÃ´i Ä‘Ã£ Ä‘áº¿n Ä‘Ã¢y nhiá»u láº§n, má»i viá»‡c Ä‘á»u tá»‘t cho chuyáº¿n Ä‘i"
True,643,"khÃ¡ch_sáº¡n khÃ¡ Ä‘Ã´ng, phá»¥c_vá»¥ hÆ¡i cháº­m, Ä‘á»“ Äƒn Ä‘Æ°á»£c nhÆ°ng hÆ¡i máº·n, phÃ²ng á»Ÿ ban Ä‘áº§u mÃ¬nh cÃ³ lÆ°u Ã½ vá»›i sale @trÃ¢m tuy nhiÃªn, khi ra ngoÃ i Ä‘áº¥y thÃ¬ Ä‘áº·t phÃ²ng gia Ä‘Ã¬nh mÃ¬nh khÃ´ng Ä‘Æ°á»£c khÃ¡ch_sáº¡n lÆ°u Ã½ phÃ²ng gáº§n khu vá»±c nhÃ  hÃ ng vÃ¬ gia Ä‘Ã¬nh cÃ³ ngÆ°á»i lá»›n tuá»•i nÃªn chÃ¢n yáº¿u. MÃ¬nh Ä‘Ã£ cÃ³ nÃ³i chuyá»‡n vá»›i @trÃ¢m vÃ¬ sao láº¡i khÃ´ng thÃ´ng bÃ¡o cho mÃ¬nh trÆ°á»›c Ä‘á»ƒ mÃ¬nh Ä‘á»•i khÃ¡ch_sáº¡n khÃ¡c. "
True,644,"Má»™t khÃ¡ch_sáº¡n tuyá»‡t trong nhá»¯ng khÃ¡ch_sáº¡n táº¡i Huáº¿, bá»¯a sÃ¡ng tuyá»‡t vá»i, tuy khÃ¡ch_sáº¡n cÃ²n chÆ°a chuyÃªn nghiá»‡p khi giao tiáº¿p vá»›i khÃ¡ch"
True,647,"PhÃ²ng vÃ  dá»‹ch_vá»¥ ok láº¯m, chá»‰ má»—i tá»™i tÃ´i cÃ³ ghi chÃº thÃ´ng tin phÃ²ng tÃ´i á»Ÿ táº§ng cao vÃ  khung_cáº£nh Ä‘áº¹p, nhÆ°ng cÃ¡c báº¡n láº¡i sáº¯p xáº¿p cho tÃ´i phÃ²ng á»Ÿ táº§ng 1 vÃ  khÃ´ng cÃ³ khung_cáº£nh"
True,652,"Sea Horse ráº¥t tá»‘t, trá»« 1 viá»‡c lÃ  cÃ³ hÆ¡i nhiá»u muá»—i. TÃ´i á»Ÿ táº§ng trá»‡t, room 123,125, tháº¥y nhÆ° váº­y!"
True,658,"khu_nghá»‰_mÃ¡t ráº¥t thoáº£i mÃ¡i, thoÃ¡ng mÃ¡t. TÃ´i vÃ  gia Ä‘Ã¬nh ráº¥t thÃ­ch, nhÆ°ng má»—i tá»™i lÃ  há»“ bÆ¡i Ä‘ang sá»­a chá»¯a nÃªn chÆ°a tráº£i nghiá»‡m háº¿t. ChÃºng tÃ´i sáº½ quay láº¡i khi há»“ bÆ¡i hoÃ n thiá»‡n"
True,659,"Khu nghá»‰ dÆ°á»¡ng ráº¥t Ä‘áº¹p, phá»¥c_vá»¥ chu Ä‘Ã¡o. ChÃºng tÃ´i ráº¥t thÃ­ch chuyáº¿n Ä‘i"
True,660,"khÃ¡ch_sáº¡n sáº¡ch_sáº½, nhÃ¢n_viÃªn thÃ¢n thiá»‡n, biá»ƒn táº¯m khÃ´ng Ä‘Æ°á»£c vÃ¬ cÃ³ Ä‘Ã¡"
True,663,khÃ¡ch_sáº¡n tuyá»‡t vá»i!!! CÃ¡c báº¡n nhÃ¢n_viÃªn dá»… thÆ°Æ¡ng!
True,666,"Láº§n Ä‘áº§u mÃ¬nh Ä‘áº·t phÃ²ng qua ivivu, tÃ´i Ä‘Æ°á»£c há»— trá»£ ráº¥t nhiá»‡t tÃ¬nh vÃ  tháº­t sá»± hÃ i lÃ²ng. Vá» khÃ¡ch_sáº¡n thÃ¬ tÃ´i tháº¥t ráº¥t chuyÃªn nghiá»‡p vÃ  tá»‘t."
True,667,"ráº¥t sáº¡ch, Ä‘i nhÃ _vá»‡_sinh táº¡i khÃ¡ch_sáº¡n ráº¥t thoáº£i mÃ¡i."
True,679,"Chuyáº¿n Ä‘i tá»‘t, má»i viá»‡c ok"
True,682,CÃ³ nhiá»u muá»—i trong khu vá»±c phÃ²ng Delux
True,736,"dá»‹ch_vá»¥ tá»‘t, khÃ¡ch_sáº¡n khung_cáº£nh Ä‘áº¹p, vá»‹ trÃ­ thuáº­n tiá»‡n."
True,748,"khÃ¡ch_sáº¡n sáº¡ch_sáº½, nhÃ¢n_viÃªn chu Ä‘Ã¡o, nhiá»‡t tÃ¬nh"
True,754,"TÃ´i Ä‘Ã£ cÃ³ má»™t ká»³ nghá»‰ tháº­t tá»‘t, nhÃ¢n_viÃªn á»Ÿ Ä‘Ã¢y ráº¥t thÃ¢n thiá»‡n, há» giÃºp chÃºng tÃ´i ráº¥t nhiá»u, tÃ´i sáº½ quay láº¡i Ä‘Ã¢y"
True,755,"Viá»‡c Ä‘áº·t khÃ¡ch_sáº¡n ráº¥t dá»… dÃ ng, cÃ¡c báº¡n ivivu há»— trá»£ mÃ¬nh ráº¥t nhanh vÃ  táº­n tÃ¬nh, vá» khÃ¡ch_sáº¡n thÃ¬ khÃ´ng cÃ³ gÃ¬ phÃ n nÃ n, má»i thá»© ráº¥t Ä‘áº¹p vÃ  tá»‘t,"
True,760,"gháº¿ ngá»“i trÃªn xe bá»‹ hÆ° nÃªn khi dá»±a vÃ o nÃ³ cá»© náº±m ngáº£ ra sau vÃ  khÃ´ng Ä‘á»©ng yÃªn giá»‘ng ngá»“i báº­p bÃªnh , gÃ¢y tiáº¿ng á»“n nhá»©c Ä‘áº§u.tÃ i xáº¿ tá»›i Ä‘Ã³n khÃ¡ch trá»… 15 phÃºt , miá»…n cÆ°á»¡ng khÃ¡ch vÃ o khu mua sáº¯m Tre Viá»‡t vá»›i lÃ½ do cho khÃ¡ch Ä‘i tiá»ƒu tiá»‡n, máº·c dÃ¹ khÃ¡ch khÃ´ng cÃ³ nhu cáº§u.Táº¯c mÃ¡y xe gÃ¢y nÃ³ng Ä‘á»ƒ muá»‘n táº¥t cáº£ khÃ¡ch vÃ o khu mua sáº¯m."
True,763,"khÃ¡ch_sáº¡n á»Ÿ thoáº£i mÃ¡i, nhÃ¢n_viÃªn phá»¥c_vá»¥ cÅ©ng ráº¥t nhiá»‡t tÃ¬nh."
True,766,"PhÃ²ng á»‘c sáº¡ch_sáº½, nhÃ¢n_viÃªn phá»¥c_vá»¥ tá»‘t, vá»‹ trÃ­ gáº§n biá»ƒn. ThuÃª xe mÃ¡y 150k/ngÃ y, nhÆ°ng mÃ  cá»© ná»• mÃ¡y lÃ  tÃ­nh Ã­t nháº¥t 0.5 ngÃ y, cÃ¡i nÃ y cÃ³ váº» hÆ¡i khÃ´ng Ä‘Æ°á»£c happy láº¯m. CÃ²n láº¡i lÃ  ok."
True,768,"ChÃºng tÃ´i hÃ i lÃ²ng vá» khÃ¡ch_sáº¡n, cháº¥t lÆ°á»£ng phá»¥c_vá»¥ tá»‘t"
True,770,Tá»‘t . KhÃ´ng cÃ³ váº¥n Ä‘á» gÃ¬ .
True,772,khÃ¡ch_sáº¡n lÃ m tÃ´i hÃ i lÃ²ng vá»›i nhá»¯ng nhÃ¢n_viÃªn thÃ¢n thiá»‡n. há»— trá»£ khÃ¡ch hÃ ng háº¿t mÃ¬nh..thank you khÃ¡ch_sáº¡n
True,773,CÃ¡ch phá»¥c_vá»¥ vÃ  cháº¥t lÆ°á»£ng phÃ²ng cá»§a khu_nghá»‰_mÃ¡t tÃ´i Ä‘á»u Æ°ng Ã½
True,776,"Chuyáº¿n Ä‘i mÃ¬nh cáº£m tháº¥y hÃ i lÃ²ng, nhÃ¢n_viÃªn chu Ä‘Ã¡o, chÄƒm sÃ³c táº­n tÃ¬nh, tÆ° váº¥n ká»¹ gia Ä‘Ã¬nh. 
cáº£m Æ¡n ivivu. "
True,777,khÃ¡ch_sáº¡n má»›i xÃ¢y dá»±ng vÃ  Ä‘i vÃ o hoáº¡t Ä‘á»™ng ráº¥t sáº¡ch_sáº½ vá»‹ trÃ­ cÅ©ng thuáº­n_lá»£i giÃ¡_cáº£ há»£p lÃ½
True,779,"MÃ¬nh vÃ  gia Ä‘Ã¬nh Ä‘Ã£ cÃ³ 1 chuyáº¿n Ä‘i thuáº­n_lá»£i vÃ  hÃ i lÃ²ng cáº£m Æ¡n dá»‹ch_vá»¥ cá»§a ivivu   khu_nghá»‰_mÃ¡t tÆ°Æ¡ng Ä‘á»‘i Ä‘áº¹p, khung cáº£nh thanh bÃ¬nh, Ä‘á»“ Äƒn nhÃ  hÃ ng phá»¥c_vá»¥ tÆ°Æ¡ng Ä‘á»‘i ngon. nhÃ¢n_viÃªn thÃ¡i Ä‘á»™ phá»¥c_vá»¥ nhiá»‡t tÃ¬nh, lá»‹ch sá»±, luÃ´n táº­n tÃ¬nh giÃºp Ä‘á»¡. Chá»‰ cÃ³ 1 Ä‘iá»ƒm trá»« duy nháº¥t lÃ  mÃ¹a nÃ y biá»ƒn á»Ÿ Ä‘Ã¢y khÃ´ng thá»ƒ táº¯m Ä‘Æ°á»£c, Ä‘Ã nh pháº£i ra bá»ƒ bÆ¡i khu_nghá»‰_mÃ¡t bÆ¡i táº¡m. "
True,780,"KhÃ´ng trá»n váº¹n vÃ¬ khÃ´ng Ä‘Æ°á»£c vÃ o khu vá»±c Vin WÆ¡nder, cÃ²n má»i thá»© Ä‘á»u hÃ i lÃ²ng."
True,783,"Má»i thá»© Ä‘á»u tá»‘t nhÆ°ng ngÃ y lá»… nháº­n_phÃ²ng quÃ¡ trá»…, khiáº¿n má»i ngÆ°á»i bá»±c ğŸ˜­"
True,785,"Tá»‘t, cÃ¡c dá»‹ch_vá»¥ khÃ¡ch_sáº¡n tá»‘t, nhÃ¢n_viÃªn cÅ©ng vui váº», nhiá»‡t tÃ¬nh. "
True,786,"Thá»±c Ä‘Æ¡n buá»•i sÃ¡ng ráº¥t Ä‘Æ¡n Ä‘iá»‡u, phÃ²ng nhá», á»Ÿ 3 ngÃ y 2 Ä‘Ãªm mÃ  khÃ´ng há» dá»n dáº¹p vá»‡ sinh trong phÃ²ng"
True,787,"khÃ¡ch_sáº¡n Ä‘áº¹p, vá»‹ trÃ­ trung tÃ¢m thuáº­n tiá»‡n cho du khÃ¡ch Ä‘i chÆ¡i mua sáº¯m, nhÃ¢n_viÃªn phá»¥c_vá»¥ vui váº», buffet sÃ¡ng ngon, Ä‘á»“ Äƒn phong phÃº"
True,791,Tá»‘t láº¯m. KhÃ´ng cÃ³ gÃ¬ nÃ³i thÃªm.
True,793,Tiá»‡c buffet chÆ°a Ä‘Æ°á»£c ngon cho láº¯m cáº§n kháº¯c phá»¥c nhá»¯ng Ä‘iá»ƒm Ä‘Ã³ cÃ²n ngoÃ i ra thÃ¬ Ä‘á»u okay!
True,796,ÄÃºng cháº¥t nghá»‰ dÆ°á»¡ng! Gia Ä‘Ã¬nh Ä‘Ã£ cÃ³ chuyáº¿n Ä‘i vui vÃ  hÃ i lÃ²ng.
True,800,"TÃ´i Ä‘Ã£ Ä‘áº·t sai ngÃ y, tuy nhiÃªn báº¡n lá»… tÃ¢n tÃªn HÃ  vÃ  báº¡n tÆ° váº¥n tÃªn TÃ¢m Ä‘Ã£ há»— trá»£ ráº¥t tá»‘t, khu nghá»‰ dÆ°á»¡ng rá»™ng, Ä‘áº¹p, nhÃ¢n_viÃªn dá»… thÆ°Æ¡ng, nhiá»‡t tÃ¬nh, chÃºng tÃ´i ráº¥t hÃ i lÃ²ng."
True,802,"Tá»‘t. nhÃ¢n_viÃªn nhiá»‡t tÃ¬nh. PhÃ²ng sáº¡ch_sáº½, gáº§n trung tÃ¢m Ä‘i láº¡i thuáº­n tiá»‡nâ€¦."
True,804,"nhÃ¢n_viÃªn nhiá»‡t tÃ¬nh, giÃ¡_cáº£ há»£p lÃ½, cháº¯c cháº¯n tÃ´i sáº½ lá»±a chá»n ivivu cho nhá»¯ng chuyáº¿n Ä‘i káº¿ tiáº¿p. Khu nghá»‰ dÆ°á»¡ng á»Ÿ thoáº£i mÃ¡i"
True,805,"Khi Ä‘áº·t phÃ²ng nhÃ¢n_viÃªn tÆ° váº¥n khÃ´ng nÃ³i rÃµ vá» viá»‡c khÃ¡ch_sáº¡n má»›i hoáº¡t Ä‘á»™ng nÃªn ráº¥t nhiá»u dá»‹ch_vá»¥ chÆ°a Ä‘i vÃ o hoáº¡t Ä‘á»™ng nhÆ° bá»ƒ bÆ¡i, phÃ²ng táº­p, khu vui chÆ¡i... Äáº¿n khÃ¡ch_sáº¡n 5 sao mÃ  chá»‰ Ä‘á»™c má»—i phÃ²ng ngá»§. khÃ¡ch_sáº¡n thÃ¬ xa. Tuy nhiÃªn nhÃ¢n_viÃªn khÃ¡ch_sáº¡n nhiá»‡t tÃ¬nh, khÃ¡ch_sáº¡n sáº¡ch_sáº½ vÃ  ráº¥t Ä‘áº¹p "
True,808,"TÃ´i tháº¥y dá»‹ch_vá»¥ vÃ  phÃ²ng á»•n, chuyáº¿n Ä‘i tá»‘t Ä‘áº¹p"
True,812,Chuyáº¿n Ä‘i má»i viá»‡c Ä‘á»u á»•n. ChÃºng tÃ´i khÃ´ng cÃ³ gÃ¬ pháº£i phÃ n nÃ n vá» chuyáº¿n Ä‘i
True,822,Gia Ä‘Ã¬nh vÃ  tÃ´i Ä‘Ã¡nh giÃ¡ tá»‘t vá» vinpearl. Má»i dá»‹ch_vá»¥ vÃ  nhÃ¢n_viÃªn ráº¥t chu Ä‘Ã¡o vÃ  chuyÃªn nghiá»‡p.
True,825,"MÃ¬nh hÃ i lÃ²ng vá» má»i thá»© nhÃ©, mÃ¬nh Ä‘i chÆ¡i vui. CÃ´n Äáº£o Ä‘áº¹p. "
True,830,TÃ´i cáº£m tháº¥y hÃ i lÃ²ng vá» cháº¥t lÆ°á»£ng vÃ  dá»‹ch_vá»¥ cá»§a khÃ¡ch_sáº¡n. dá»‹ch_vá»¥ ivivu tá»‘t.
True,1025,"khÃ¡ch_sáº¡n Ä‘áº¹p, dá»‹ch_vá»¥ vÃ  nhÃ¢n_viÃªn tÃ´i tháº¥y ráº¥t Æ°ng Ã½"
True,1032,"khÃ¡ch_sáº¡n vÃ  dá»‹ch_vá»¥ Ä‘iá»u ok, ivivu há»— trá»£ tá»‘t"
True,1041,"Chuyáº¿n Ä‘i ráº¥t tá»‘t, tÃ´i ráº¥t hÃ i lÃ²ng, khÃ´ng cÃ³ báº¥t cá»© phÃ n nÃ n nÃ o vá» khÃ¡ch_sáº¡n hay ivivu cáº£, cháº¯c cháº¯n sáº½ gá»i láº¡i vÃ o láº§n sau."
True,1045,"MÃ¬nh tháº¥y chuyáº¿n Ä‘i vui vÃ  má»i thá»© ráº¥t tá»‘t, khÃ´ng cÃ³ gÃ¬ Ä‘á»ƒ phÃ n nÃ n"
True,1047,"Cháº¥t lÆ°á»£ng tuyá»‡t , Ä‘Ã¡ng Ä‘á»ƒ tráº£i nghiá»‡m, lá»… tÃ¢n hoÃ  Ä‘á»“ng niá»m ná»Ÿ ğŸ¤©"
True,1058,"khÃ¡ tá»‘t, Ä‘á»‹a Ä‘iá»ƒm gáº§n vs nhiá»u Ä‘á»‹a Ä‘iá»ƒm thÄƒm quan, phÃ²ng sáº¡ch_sáº½, tuy nhiÃªn nÃªn sá»­a chá»¯a 1 vÃ i chá»— cho hoÃ n chá»‰nh(vÃ­ dá»¥ nhÆ° nhÃ _vá»‡_sinh khÃ´ng cÃ³ tay náº¯m, khÃ´ng khÃ³a Ä‘Æ°á»£c) , khÃ¡ch_sáº¡n hÆ¡i nhá», má»Ÿ rá»™ng Ä‘Æ°á»£c thÃ¬ tá»‘t"
True,1067,"dá»‹ch_vá»¥ á»•n, mÃ¬nh á»Ÿ khÃ¡ch_sáº¡n cÅ©ng tháº¥y hÃ i lÃ²ng, nhÃ¢n_viÃªn cÅ©ng nhiá»‡t tÃ¬nh phá»¥c_vá»¥. cáº£m Æ¡n ivivu. "
True,1082,"khÃ¡ch_sáº¡n phá»¥c_vá»¥ vá»›i cháº¥t lÆ°á»£ng tá»‘t, nhÃ¢n_viÃªn chÄƒm sÃ³c khÃ¡ch hÃ ng nhiá»‡t tÃ¬nh, vá»‹ trÃ­ cá»§a khÃ¡ch_sáº¡n cÅ©ng ráº¥t lÃ  thuáº­n tiá»‡n. ÄÃ¡ng giÃ¡ tiá»n."
True,1121,TÃ´i hÃ i lÃ²ng vá» chuyáº¿n Ä‘i vÃ  cÃ¡ch phá»¥c_vá»¥ cá»§a khu_nghá»‰_mÃ¡t
True,1131,"cáº£m Æ¡n Melissa Ä‘Ã£ cho tÃ´i ká»³ nghá»‰ tuyá»‡t vá»i. Vá»‹ trÃ­ thuáº­n_lá»£i di chuyá»ƒn. Má»i thá»© chuáº©n bá»‹ ráº¥t chu Ä‘Ã¡o, sáº¡ch_sáº½."
True,1132,"khu_nghá»‰_mÃ¡t quÃ¡ Ä‘áº¹p, vá»‹ trÃ­ thuáº­n tiá»‡n, dá»‹ch_vá»¥ quÃ¡ lÃ  ok, Ä‘iá»ƒm Ä‘Ã¡ng tiáº¿c duy nháº¥t lÃ  hÃ¬nh nhÆ° khÃ´ng cÃ³ dá»‹ch_vá»¥ spa"
True,1146,"khÃ¡ch_sáº¡n khung_cáº£nh cá»±c Ä‘áº¹p, vá»‹ trÃ­ thuáº­n tiá»‡n, Ä‘áº§y Ä‘á»§ cÃ¡c tiá»‡n_Ã­ch. Náº¿u cÃ³ xe chá»Ÿ khÃ¡ch xuá»‘ng cÃ¡p treo Ä‘á»ƒ qua vinpearland sáº½ tá»‘t hÆ¡n. "
True,1150,"Báº¡n Äá»©c ivivu tÆ° váº¥n nhiá»‡t tÃ¬nh vÃ  há»— trá»£ ráº¥t tá»‘t. khÃ¡ch_sáº¡n Ä‘áº¹p, nhÃ¢n_viÃªn thÃ¢n thiá»‡n, Ä‘áº·c biá»‡t lÃ  báº¡n TrÃ¢n FO Sup ráº¥t dá»… thÆ°Æ¡ng nhÆ°ng Äƒn sÃ¡ng tá»‡, Ã­t lá»±a chá»n láº¡i khÃ´ng ngon"
True,1154,"Thá»§ tá»¥c nhanh, gá»n. PhÃ²ng sáº¡ch vÃ  thoáº£i mÃ¡i"
True,1159,"Ráº¥t Æ°ng Ã½. Cháº¯c mÃ¬nh Ä‘i vÃ o thá»i gian khÃ´ng Ä‘Ã´ng nÃªn khÃ¡ch_sáº¡n sáº¡ch_sáº½, thoÃ¡ng mÃ¡t"
True,1171,"khu_nghá»‰_mÃ¡t Ä‘áº¹p, dá»‹ch_vá»¥ tá»‘t, nhÃ¢n_viÃªn ok"
True,1172,KhuÃ´n viÃªn rá»™ng nÃªn gá»i xe di chuyá»ƒn hÆ¡i lÃ¢u. nháº­n_phÃ²ng/tráº£_phÃ²ng máº¥t thá»i gian cháº¯c do Ä‘Ã´ng khÃ¡ch. Äá»“ Äƒn gá»i ráº¥t nhanh
True,1177,"KhÃ´ng gian Ä‘áº¹p, sáº¡ch_sáº½, nhÃ¢n_viÃªn nhiá»‡t tÃ¬nh."
True,1192,"Tráº£i nghiá»‡m nhÆ° cÃ¡c Ä‘á» xuáº¥t trÆ°á»›c. PhÃ²ng báº©n, dÆ°á»›i gáº§m giÆ°á»ng nguyÃªn rÃ¡c, bÃ n báº©n. nhÃ¢n_viÃªn khÃ´ng nhiá»‡t tÃ¬nh vui váº». Tráº£i nghiá»‡m chÃ¡n."
True,1206,"PhÃ²ng Ä‘áº¹p sáº¡ch_sáº½, á»Ÿ Ä‘Ã¢y cÃ³ cho thuÃª luÃ´n cáº£ xe mÃ¡y nÃªn tiá»‡n lÃ©m. Anh chá»‹ chá»§ cÅ©ng dá»… thÆ°Æ¡ng vÃ  thÃ¢n thiá»‡n ná»¯a. ÄÃ¡nh giÃ¡ cao ğŸ‘ğŸ»"
True,1229,"PhÃ²ng á»‘c á»•n, Äƒn sÃ¡ng khÃ´ng ngon Ã­t Ä‘á»“"
True,1238,mÃ¬nh hÃ i lÃ²ng vÃ¬ vinpearl ráº¥t cháº¥t lÆ°á»£ng
True,1255,"PhÃ²ng sáº¡ch Ä‘áº¹p, vá»‹ trÃ­ trung tÃ¢m phá»‘ cá»•, nhÃ¢n_viÃªn thÃ¢n thiá»‡n."
True,1257,"TÃ´i á»Ÿ sea links ráº¥t thÃ­ch, cáº£nh xung quanh cÅ©ng Ä‘áº¹p, há»“ bÆ¡i ráº¥t ok. nhÃ¢n_viÃªn cÅ©ng nhiá»‡t tÃ¬nh chu Ä‘Ã¡o láº¯m."
True,1261,khu_nghá»‰_mÃ¡t Ä‘áº¹p. nhÃ¢n_viÃªn phá»¥c_vá»¥ chu Ä‘Ã¡o. nhÆ°ng hÆ¡i nhiá»u cÃ´n trÃ¹ng.TÃ´i hÃ i lÃ²ng vá» cÃ¡ch phá»¥c_vá»¥ cá»§a khu_nghá»‰_mÃ¡t
True,1263,"Chá»‹ Liá»…u nhÃ¢n_viÃªn bÃªn ivivu há»—_trá»£ ráº¥t nhiá»‡t tÃ¬nh trong quÃ¡ trÃ¬nh Ä‘áº·t phÃ²ng (Ä‘á»•i phÃ²ng, hoÃ n phÃ­)., nÃªn ráº¥t yÃªn tÃ¢m. khu_nghá»‰_mÃ¡t ráº¥t Ä‘áº¹p, biá»ƒn trong cÃ¡t má»‹n. Há»“ bÆ¡i sáº¡ch vÃ  Äƒn sÃ¡ng ráº¥t nhiá»u chá»§ng loáº¡i tá»« Ã‚u tá»›i Ã. CÃ¡c anh chá»‹ nhÃ¢n_viÃªn nhiá»‡t tÃ¬nh, dá»… thÆ°Æ¡ng. tráº£_phÃ²ng cÃ³ thá»ƒ hÆ¡i lÃ¢u tÃ¹y vÃ o tÃ¬nh hÃ¬nh khÃ¡ch_sáº¡n."
True,1272,"PhÃ²ng sáº¡ch_sáº½ áº¥m cÃºng, dá»‹ch_vá»¥ tá»‘t"
True,1273,"Vá»‹ trÃ­ cá»§a khÃ¡ch_sáº¡n náº±m ngay máº·t Ä‘Æ°á»ng khÃ¡ thuáº­n_lá»£i cho viá»‡c Ä‘i láº¡i, nhÆ°ng phá»¥c_vá»¥ phÃ²ng láº¡i khÃ´ng thÃ¢n cho thiá»‡n láº¯m, TÃ´i Ä‘áº·t phÃ²ng cho 2 ngÆ°á»i thÃ¬ diá»‡n tÃ­ch hÆ¡i cháº­t. Äá»“ Äƒn thÃ¬ Ä‘áº¯t láº¡i khÃ´ng Ä‘Æ°á»£c ngon. nhÃ¢n_viÃªn tÆ° váº¥n bÃªn ivivu thÃ¬ nhiá»‡t tÃ¬nh, nhanh chÃ³ng"
True,1296,"PhÃ²ng á»‘c vÃ  dá»‹ch_vá»¥ ráº¥t tá»‘t, tÃ´i thÃ­ch chuyáº¿n Ä‘i láº¯m. TÃ´i cÃ³ giá»›i thiá»‡u cho báº¡n bÃ¨ vá» ivivu, cÃ¡c báº¡n lÃ m viá»‡c chu Ä‘Ã¡o, tÃ´i hÃ i lÃ²ng"
True,1297,Thoáº£i mÃ¡i sáº¡ch_sáº½ chuyÃªn nghiá»‡p
True,1299,"khÃ¡ch_sáº¡n ráº¥t sáº¡ch_sáº½, yÃªn tÄ©nh. nhÃ¢n_viÃªn nhiá»‡t tÃ¬nh. Há»“ bÆ¡i nhÃ¬n ra biá»ƒn tuyá»‡t Ä‘áº¹p. Náº¿u cÃ³ cÆ¡ há»™i mÃ¬nh sáº½ quay láº¡i láº§n ná»¯a."
True,1300,"Biá»ƒn vÃ  há»“ bÆ¡i Ä‘áº¹p, nhá»¯ng muá»—i nhiá»u. khÃ¡ch_sáº¡n bá»‘ trÃ­ tÃ­nh dáº§u dÆ°á»¡ng muá»—i sáº½ tá»‘t hÆ¡n"
True,1330,MÃ¬nh Ä‘Ã¡nh giÃ¡ vá» khÃ¡ch_sáº¡n vÃ  nhÃ¢n_viÃªn chu Ä‘Ã¡o
True,1338,"TÃ´i ráº¥t hÃ i lÃ²ng vá» cháº¥t lÆ°á»£ng vÃ  dá»‹ch_vá»¥ cá»§a khÃ¡ch_sáº¡n. nhÃ¢n_viÃªn há»— trá»£ tá»‘t, Ä‘áº§y Ä‘á»§ thÃ´ng tin. Cáº£m Æ¡n ivivu"
True,1358,"TÃ´i tháº¥y chuyáº¿n Ä‘i khÃ´ng cÃ³ gÃ¬ Ä‘á»ƒ phÃ n nÃ n,tá»‘t háº¿t."
True,1372,"Khu nghá»‰ dÆ°á»¡ng Ä‘áº¹p vÃ  phÃ²ng á»‘c sáº¡ch_sáº½, nhÃ¢n_viÃªn táº­n tÃ¬nh chu Ä‘Ã¡o."
True,1374,"Äáº¹p má»i phÆ°Æ¡ng diá»‡n táº¡i khÃ¡ch_sáº¡n tá»« cáº£nh quan Ä‘áº¿n nhÃ¢n_viÃªn, nhÆ°ng nháº¥t lÃ  giÃ¡_cáº£ ráº¥t há»£p lÃ½ cá»§a ivivu ! cáº£m Æ¡n ivivu !"
True,1383,"khu_nghá»‰_mÃ¡t ráº¥t tuyá»‡t, khÃ´ng chÃª vÃ o Ä‘Ã¢u Ä‘Æ°á»£c, chÃºng tÃ´i thÃ­ch láº¯m"
True,1394,"dá»‹ch_vá»¥ khÃ¡ch_sáº¡n ok, dá»‹ch_vá»¥ ivivu há»— trá»£ tá»‘t, chÄƒm sÃ³c khÃ¡ch hÃ ng tá»‘t"
True,1402,"Vá»‹ trÃ­ Ä‘áº¹p, nhÃ¢n_viÃªn nhiá»‡t tÃ¬nh, phÃ²ng sáº¡ch,thoÃ¡ng."
True,1425,KhÃ¡ lÃ¢u rá»“i má»›i trá»Ÿ láº¡i Ä‘Ã¢y. khu_nghá»‰_mÃ¡t Ä‘Ã£ thay Ä‘á»•i Ä‘áº¹p hÆ¡n ráº¥t nhiá»u. Ä‚n sÃ¡ng lÃªn thá»©c Äƒn hÆ¡i cháº­m
True,1428,"Ráº¥t hÃ i lÃ²ng vá» cháº¥t lÆ°á»£ng dá»‹ch_vá»¥ cá»§a khu_nghá»‰_mÃ¡t, mÃ¬nh Ä‘Æ°á»£c thÆ°_giÃ£n Ä‘Ãºng nghÄ©a cá»§a ká»³ nghá»‰."
True,1431,"ivivu lÃ m viá»‡c ráº¥t chuyÃªn nghiá»‡p, há»— trá»£ khÃ¡ch nhanh chÃ³ng , nhiá»‡t tÃ¬nh.  khÃ¡ch_sáº¡n Ä‘áº¹p, nhÃ¢n_viÃªn lá»… phÃ©p, khÃ¡ chuyÃªn nghiá»‡p, phong cáº£nh Ä‘áº¹p. Ä‚n sÃ¡ng ngon. Tuy nhiÃªn Äƒn trÆ°a, tá»‘i thÃ¬ cÃ¡c mÃ³n Äƒn chÆ°a phong phÃº láº¯m. Náº¿u khu_nghá»‰_mÃ¡t cáº£i thiá»‡n hÆ¡n vá» Ä‘á»“ Äƒn thÃ¬ thá»±c sá»± hoÃ n háº£o."
True,1458,Chuyáº¿n Ä‘i nÃ y mÃ¬nh ráº¥t thÃ­ch. Vá»«a vui vÃ  á»Ÿ ráº¥t thoáº£i mÃ¡i.
True,1464,"MÃ¬nh tháº¥y khÃ¡ch_sáº¡n Ä‘iá»u tiáº¿t Ä‘Æ°á»£c lÆ°á»£ng khÃ¡ch khi tham gia Äƒn buffet ráº¥t tá»‘t, khÃ´ng cÃ³ gÃ¬ Ä‘á»ƒ phÃ n nÃ n khi tráº£i nghiá»‡m nghá»‰ dÆ°á»¡ng táº¡i Ä‘Ã¢y. MÃ¬nh Ä‘Ã£ Ä‘i khÃ¡ nhiá»u khu_nghá»‰_mÃ¡t vÃ  khÃ¡ch_sáº¡n nÃªn Ä‘Ã¡nh giÃ¡ nÆ¡i nÃ y khÃ¡ tá»‘t, khÃ´ng cÃ³ váº¥n Ä‘á» gÃ¬ Ä‘á»ƒ phÃ n nÃ n. MÃ¬nh cho khÃ¡ch_sáº¡n 4,5Ä‘.
nhÃ¢n_viÃªn ivivu chuyá»ƒn thÃ´ng tin vÃ  yÃªu cáº§u cá»§a mÃ¬nh cho khÃ¡ch_sáº¡n ráº¥t chÃ­nh xÃ¡c, há»— trá»£ nhiá»‡t tÃ¬nh.  "
True,1469,"má»™t chuyáº¿n Ä‘i quÃ¡ tuyá»‡t vá»i Ä‘á»‘i vá»›i gia Ä‘Ã¬nh mÃ¬nh. khu_nghá»‰_mÃ¡t ráº¥t Ä‘áº¹p, mÃ³n Äƒn ngon há»£p kháº©u vá»‹ gÄ‘ mÃ¬nh. vÃ  nhÃ¢n_viÃªn siÃªu dá»… thÆ°Æ¡ng"
True,1470,khu_nghá»‰_mÃ¡t khÃ¡ Ä‘áº¹p tuy nhiÃªn hÆ¡i xa trung tÃ¢m (35km) vÃ  buffet sÃ¡ng cáº§n cáº£i thiá»‡n
True,1476,"Sáº½ quay láº¡i vÃ o dá»‹p sau, tiáº¿c lÃ  chÆ°a Ä‘Æ°á»£c vÃ o phÃ²ng ghim xem nhÆ° tháº¿ nÃ o ğŸ˜Š"
True,1478,"khu_nghá»‰_mÃ¡t cÃ³ Ä‘Ã³n khÃ¡ch á»Ÿ sÃ¢n bay nhÆ°ng chá»‰ tá»« 8-5 giá» , mÃ¬nh Ä‘áº¿n lÃºc 9 giá» pháº£i tá»± kiáº¿m xe vá» khÃ¡ch_sáº¡n, khuÃ´n viÃªn thÃ¬ khÃ´ng Ä‘áº¹p"
True,1491,TÃ´i cÃ³ yÃªu cáº§u nhÃ¢n_viÃªn chá»n phÃ²ng 2 giÆ°á»ng nhÆ°ng khi Ä‘áº¿n khÃ¡ch_sáº¡n láº¡i lÃ  phÃ²ng 1 giÆ°á»ng
True,1496,"TÃ´i cáº£m tháº¥y ráº¥t hÃ i lÃ²ng vá» cháº¥t lÆ°á»£ng vÃ  dá»‹ch_vá»¥ cá»§a khÃ¡ch_sáº¡n, tuy nhiÃªn nÃ³ hÆ¡i xa cÃ¡c Ä‘á»‹a Ä‘iá»ƒm vui chÆ¡i khÃ¡c, dá»‹ch_vá»¥ ivivu tá»‘t (Hiáº¿u)"
True,1499,"TÃ´i Ä‘Ã£ cÃ³ má»™t chuyáº¿n Ä‘i tuyá»‡t vá»i á»Ÿ Ä‘Ã¢y á»Ÿ The Palmy - Ä‘áº¿n Ä‘Ã³ vÃ o khoáº£ng thá»i gian hoÃ ng hÃ´n vÃ  nhÃ¢n_viÃªn lá»… tÃ¢n ráº¥t thÃ¢n thiá»‡n, há»— trá»£ vÃ  tháº¥u hiá»ƒu. TÃ´i cÃ³ má»™t váº¥n Ä‘á» nhá» vá»›i Ä‘áº·t phÃ²ng cá»§a mÃ¬nh nhÆ°ng há» Ä‘Ã£ sáº¯p xáº¿p nÃ³ trong má»™t phÃºt vÃ  tháº­m chÃ­ nÃ¢ng cáº¥p phÃ²ng cá»§a tÃ´i mÃ  khÃ´ng pháº£i tráº£ thÃªm phÃ­. Há»“ bÆ¡i bÃªn bá» biá»ƒn tháº­t tuyá»‡t vá»i. TÃ´i Ä‘Ã£ Ä‘áº¿n Ä‘áº£o PQ vÃ i láº§n nhÆ°ng láº§n nÃ y tÃ´i thá»±c sá»± thÃº vá»‹. Cáº£m Æ¡n báº¡n ráº¥t nhiá»u The Palmy."
True,1506,"dá»‹ch_vá»¥ khÃ¡ch_sáº¡n vÃ  nhÃ¢n_viÃªn ivivu tá»‘t láº¯m, nhÆ°ng náº¿u pháº£n há»“i thá»© 7 - chá»§ nháº­t nhanh hÆ¡n thÃ¬ ok hÆ¡n."
True,1507,Cháº¥t lÆ°á»£ng tá»‘t. dá»‹ch_vá»¥ xuáº¥t sáº¯c.
True,1510,"Khu nghá»‰ dÆ°á»¡ng dá»‹ch_vá»¥ tá»‘t, nhÃ¢n_viÃªn thÃ¢n thiá»‡n. ivivu Ä‘Æ°á»£c, giÃ¡_cáº£ há»£p lÃ½, tÆ° váº¥n láº§n nÃ y hÆ¡i cháº­m"
True,1532,"dá»‹ch_vá»¥ cá»§a khÃ¡ch_sáº¡n ráº¥t tá»‘t, nhÃ¢n_viÃªn ráº¥t á»•n. NhÆ°á»£c Ä‘iá»ƒm lÃ  hÆ¡i xa trung tÃ¢m thÃ nh phá»‘"
True,1562,"nhÃ¢n_viÃªn tÆ° váº¥n Huyá»n ráº¥t nhiá»‡t tÃ¬nh, khÃ¡ch_sáº¡n saÌ£ch Ä‘áº¹p, Äƒn sÃ¡ng ráº¥t ngon, lá»… tÃ¢n vÃ  cÃ¡c nhÃ¢n_viÃªn khÃ¡c Ä‘á»u nhiá»‡t tÃ¬nh máº¿n khÃ¡ch, cáº£m Æ¡n cÃ¡c báº¡n ráº¥t nhiá»u"
True,1564,"TÃ´i cÅ©ng thÆ°á»ng á»Ÿ Ä‘Ã¢y rá»“i vÃ¬ dá»‹ch_vá»¥ cÅ©ng nhÆ° nhÃ¢n_viÃªn khÃ¡ chuyÃªn nghiá»‡p , tÃ´i khÃ´ng cÃ³ gÃ¬ phÃ n nÃ n cáº£ . CÃ²n vá» nhÃ¢n_viÃªn ivivu tÃ´i tháº¥y há»— trá»£ cÅ©ng ráº¥t tá»‘t tÃ´i hÃ i lÃ²ng."
True,1580,"khÃ¡ch_sáº¡n cÃ³ dá»‹ch_vá»¥ ráº¥t tá»‘t, nhÃ¢n_viÃªn vui váº», dá»‹ch_vá»¥ cá»§a ivivu há»— trá»£ tÃ´i ráº¥t tá»‘t, nhiá»‡t tÃ¬nh."
True,1584,"Äá»“ Äƒn khÃ´ng Ä‘Æ°á»£c ngon, theo kháº©u vá»‹ cá»§a tÃ´i lÃ  váº­y. PhÃ²ng á»‘c sáº¡ch_sáº½, nhÃ¢n_viÃªn nhiá»‡t tÃ¬nh"
True,1594,"TÃ´i thÃ­ch trung tÃ¢m kinh doanh cá»§a khÃ¡ch_sáº¡n, tháº­t tiá»‡n_lá»£i vÃ  nhÃ¢n_viÃªn ráº¥t nhiá»‡t tÃ¬nh."
True,1599,khÃ¡ch_sáº¡n nÃ y lÃ  láº§n thá»© 2 TÃ´i Ä‘áº¿n má»i thá»© váº«n ráº¥t tá»‘t nhÆ° láº§n Ä‘áº§u tiÃªn . Báº¡n HÆ°Æ¡ng Ä‘Ã£ lÃ m Ä‘áº·t phÃ²ng cho TÃ´i Ä‘áº§y Ä‘á»§ thÃ´ng tin vÃ  tÆ° váº¥n nhiá»‡t tÃ¬nh .
True,1610,"nhÃ¢n_viÃªn dá»… thÆ°Æ¡ng, nhiá»‡t tÃ¬nh, phÃ²ng á»‘c sáº¡ch_sáº½, gáº§n phá»‘ Ä‘i bá»™"
True,1621,ThoÃ¡ng mÃ¡t sáº¡ch_sáº½ tuyá»‡t khung_cáº£nh
True,1623,"khÃ¡ch_sáº¡n nÃ y Ä‘áº·t chuáº©n 5 sao, dá»‹ch_vá»¥ ráº¥t tá»‘t, nhÃ¢n_viÃªn ráº¥t nhiá»‡t tÃ¬nh, cÃ³ bÃ£i biá»ƒn riÃªng ráº¥t sáº¡ch vÃ  Ä‘áº¹p"
True,1639,"giÃ¡_cáº£ há»£p lÃ½, tuy nhiÃªn bá»¯a Äƒn sÃ¡ng chÆ°a ngon láº¯m. PhÃ²ng khÃ´ng cáº¥p nÆ°á»›c uá»‘ng cho khÃ¡ch nhÆ° má»™t sá»‘ khÃ¡ch_sáº¡n khÃ¡c. "
True,1661,"Lá»… tÃ¢n thÃ¢n thiá»‡n, nhiá»‡t tÃ¬nh, khÃ¡ch_sáº¡n sáº¡ch_sáº½ thoÃ¡ng mÃ¡t"
True,1673,phÃ²ng táº§ng 6 Ä‘Æ°á»ng thoÃ¡t nÆ°á»›c ráº¥t mÃ¹i
True,1702,"PhÃ²ng Victoria Phan Thiáº¿t cÃ³ mÃ¹i thÆ¡m thoang thoáº£ng ráº¥t dá»… chá»‹u. 
MÃ¬nh sáº½ quay láº¡i"
True,1710,"Tuyá»‡t! á»”n khÃ¡ch_sáº¡n nhiá»‡t tÃ¬nh, phÃ²ng á»‘c sáº¡ch_sáº½ gá»n_gÃ ng"
True,1724,"khÃ¡ch_sáº¡n ngay bá» biá»ƒn, phÃ²ng ocean khung_cáº£nh Ä‘áº¹p tuyá»‡t vá»i, dá»‹ch_vá»¥ táº­n tÃ¬nh chu Ä‘Ã¡o"
True,1796,"Chuyáº¿n Ä‘i mÃ¬nh ráº¥t hÃ i lÃ²ng, thoáº£i mÃ¡i vÃ  nhÃ¢n_viÃªn ráº¥t chu Ä‘Ã¡o"
True,1803,TÃ´i tháº¥y chuyáº¿n Ä‘i ráº¥t tá»‘t.Thoáº£i mÃ¡i vÃ  dá»… chá»‹u. Cáº£m Æ¡n ivivu nhÃ©
True,1804,"Ká»³ nghá»‰ tuyá»‡t vá»i Ä‘Ãºng nghÄ©a, dá»‹ch_vá»¥ cá»±c tá»‘t vÃ  thÃ¢n thiá»‡n. Máº·c dÃ¹ phong cáº£nh chÆ°a hoÃ n thiá»‡n háº¿t nhÆ°ng bÃ¹ láº¡i há»“ khoÃ¡ng lá»›n nháº¥t ÄNA vÃ  khu táº¯m khoÃ¡ng, táº¯m bÃ¹n ráº¥t thÃ­ch. Highly Recommend má»i ngÆ°á»i Ä‘áº¿n Ä‘Ã¢y nÃªn mua thÃªm combo Ä‘á»ƒ tráº£i nghiá»‡m háº¿t cÃ¡c dá»‹ch_vá»¥ á»Ÿ Ä‘Ã¢y. Náº¿u cÃ³ dá»‹p láº§n sau mÃ¬nh cÅ©ng váº«n sáº½ quay láº¡i "
True,1805,PhÃ²ng vÃ  dá»‹ch_vá»¥ Ä‘iá»u ok. ivivu há»— trá»£ tá»‘t
True,1889,"khÃ¡ch_sáº¡n sáº¡ch_sáº½, tuy nhiÃªn hÃ´m mÃ¬nh nháº­n phÃ²ng cÃ³ 1 báº¡n lá»… tÃ¢n cáº£m giÃ¡c hÆ¡i khÃ³ chá»‹u vÃ¬ hÃ´m Ä‘Ã³ khÃ¡ch Ä‘Ã´ng. NhÆ°ng thÃ´i khÃ¡ch_sáº¡n á»Ÿ cÅ©ng thoáº£i mÃ¡i"
True,1956,"khÃ¡ch_sáº¡n phá»¥c_vá»¥ kÃ©m, vá» muá»™n nhÃ¢n_viÃªn trá»±c Ä‘Ãªm mÃ£i má»›i má»Ÿ cá»­a, á»“n Ã o tá»« nhÃ  hÃ ng, nhÃ¢n_viÃªn nÃ³i chuyá»‡n cÆ°á»i Ä‘Ã¹a sÃ¡ng sá»›m khÃ´ng ngá»§ Ä‘Æ°á»£c. Pháº£i gá»i Ä‘iá»‡n nháº¯c nhá»Ÿ! Ká»³ nghá»‰ má»‡t má»i táº¡i Ä‘Ã¢y!"
True,1978,"TÃ´i Ä‘Ã£ cÃ³ 1 chuyáº¿n Ä‘i ráº¥t vui á»Ÿ Six Senses CÃ´n Äáº£o. nhÃ¢n_viÃªn tÆ° váº¥n cho tÃ´i nhiá»‡t tÃ¬nh, cÃ²n nháº¯c cho tÃ´i giá» Ä‘i ráº¥t chu Ä‘Ã¡o. khÃ¡ch_sáº¡n trÃªn cáº£ tuyá»‡t vá»i, nháº¥t Ä‘á»‹nh sáº½ quay láº¡i trong thá»i gian tá»›i vÃ  sáº½ Ä‘á»“ng hÃ nh cÃ¹ng ivivu. "
True,2009,"Gia Ä‘Ã¬nh tÃ´i Ä‘Ã£ nhiá»u láº§n á»Ÿ Ä‘Ã¢y vÃ  sá»­ dá»¥ng dá»‹ch_vá»¥ ivivu nhiá»u láº§n, tÃ´i ráº¥t thÃ­ch sá»± chu Ä‘Ã¡o cá»§a cÃ¡c báº¡n nhÃ¢n_viÃªn vÃ  sá»± thoáº£i mÃ¡i khi á»Ÿ khÃ¡ch_sáº¡n"
True,2071,"Khu nghá»‰ dÆ°á»¡ng lÃ½ tÆ°á»Ÿng, tuyá»‡t vá»i "
True,2072,"dá»‹ch_vá»¥ chuyÃªn nghiá»‡p. nhÃ¢n_viÃªn táº­n tÃ¬nh láº¯m. MÃ¬nh á»Ÿ bungalow ven biá»ƒn ráº¥t xinh xáº¯n. 2 vá»£ chá»“ng á»Ÿ tháº¥y rá»™ng quÃ¡. Cáº£ gia Ä‘Ã¬nh cÃ³ con á»Ÿ cÅ©ng vá»«a. NhÆ°ng khÃ´ng khÃ­ á»Ÿ Ä‘Ã¢y mÃ¬nh tháº¥y phÃ¹ há»£p cho ngÆ°á»i lá»›n, báº¡n tráº» Ä‘i cÃ¹ng nhau hÆ¡n. NÃªn dÃ¹ng dá»‹ch_vá»¥ kayak vÃ  xÃ´ng hÆ¡i. Ngáº¯m bÃ¬nh minh Ä‘áº¹p tuyá»‡t. á» Ä‘Ã¢y hoÃ ng hÃ´n phÃ­a sau nÃºi nÃªn chá»‰ nhÃ¬n tháº¥y báº§u trá»i sáº¯c mÃ u thÃ´i. HÃ´m mÃ¬nh Ä‘i cÃ³ thÃªm trÄƒng ráº±m ráº¥t sÃ¡ng. Äá»“ Äƒn trong lÃ ng chÃ i cÅ©ng ok. Ráº» hÆ¡n trong thÃ nh phá»‘."
True,2074,"Láº§n thá»© 2 á»Ÿ Rex. SÄƒn Ä‘Æ°á»£c Ä‘Æ¡n tá»‘t nÃªn giÃ¡ siÃªu ráº». Vá»‹ trÃ­ tuy khÃ¡ xa biá»ƒn nhÆ°ng yÃªn tÄ©nh. MÃ¬nh thÃ­ch Ä‘iá»u nÃ y vÃ¬ khÃ´ng may cÃ³ dá»‹ch Corona, cáº§n háº¡n cháº¿ Ä‘Ã´ng ngÆ°á»i vÃ  giao tiáº¿p ngÆ°á»i láº¡. khÃ¡ch_sáº¡n ráº¥t tÃ´n trá»ng quyá»n tá»± do cÃ¡ nhÃ¢n cá»§a khÃ¡ch. Ráº¥t sáº¡ch_sáº½, ná»™i tháº¥t y hÃ¬nh, sang trá»ng. Sáº½ quay láº¡i khi cÃ³ dá»‹p vÃ  giá»›i thiá»‡u cho khÃ¡ch cá»§a mÃ¬nh!"
True,2078,Má»i thá»© Ä‘á»u tá»‘t. nhÃ¢n_viÃªn tá»‘t chu Ä‘Ã¡o. NhÃ  hÃ ng ngon. dá»‹ch_vá»¥ tá»‘t. phá»¥c_vá»¥ hÃ i lÃ²ng.
True,2079,"KhÃ´ng gian rá»™ng rÃ£i, biá»ƒn sáº¡ch nhÆ°ng sÃ³ng hÆ¡i to, buffet sÃ¡ng ngon, nháº­n_phÃ²ng cháº­m. NhÃ¬n chung á»•n"
True,2085,"PhÃ²ng vÃ  dá»‹ch_vá»¥ ok, buffet phong phÃº mÃ³n Äƒn. TÃ´i Ä‘Ã£ sá»­ dá»¥ng dá»‹ch_vá»¥ cá»§a ivivu nhiá»u láº§n vÃ  thÃ­ch láº¯m "
True,2099,"Ä‚n buffet sÃ¡ng xong Ä‘au bá»¥ng. PhÃ²ng sáº¡ch_sáº½, nhÆ°ng nÃ³i chung láº§n sau sáº½ khÃ´ng á»Ÿ vin."
True,2108,"TÃ´i hÃ i lÃ²ng vá» dá»‹ch_vá»¥ cá»§a ivivu mang láº¡i, cÃ¡c báº¡n check phÃ²ng nhanh, chuyÃªn nghiá»‡p. Tuy nhiÃªn, thá»©c Äƒn sÃ¡ng khÃ´ng Ä‘a dáº¡ng, phÃ²ng sáº¡ch_sáº½, thoáº£i mÃ¡i. "
True,2119,"Khi nháº­n phÃ²ng táº¡i Ä‘Ã¢y chÃºng tÃ´i pháº£i chuyá»ƒn phÃ²ng vÃ i láº§n, phÃ²ng thá»‹ cÃ³ mÃ¹i thuá»‘c lÃ¡ do khÃ´ng vá»‡ sinh ká»¹, phÃ²ng thÃ¬ bá»‹ hÃ´i cá»‘ng thoÃ¡t nÆ°á»›c... NÃ³i chung lÃ  khÃ´ng hÃ i lÃ²ng khi nghÄ© táº¡i Ä‘Ã¢y"
True,2147,"Khu nghá»‰ dÆ°á»¡ng quÃ¡ tuyá»‡t, khÃ´ng cÃ³ gÃ¬ pháº£i phÃ n nÃ n "
True,2156,"báº©n, nhÃ¢n_viÃªn phá»¥c_vá»¥ kÃ©m, khÃ´ng sáº¯p xáº¿p Ä‘Æ°á»£c chá»— Ä‘áº­u xe"
True,2159,Chuyáº¿n Ä‘i cá»§a gia Ä‘Ã¬nh tÃ´i má»i viá»‡c Ä‘á»u tá»‘t Ä‘áº¹p
True,2161,Ráº¥t hÃ i lÃ²ng vá» sáº£n pháº©m vÃ  dá»‹ch_vá»¥ cá»§a ivivu cÅ©ng nhÆ° cá»§a Sheraton Four Points ÄÃ  NáºµngğŸ‘ğŸ»
True,2163,HOÃ€N Háº¢O TOÃ€N DIá»†N
True,2182,"NÆ¡i tá»‘t, dá»‹ch_vá»¥ vÃ  Ä‘á»‹a Ä‘iá»ƒm cho chuyáº¿n Ä‘i ngáº¯n cá»§a tÃ´i. Tiáº¿p tá»¥c, tÃ´i sáº½ quay láº¡i."
True,2212,"PhÃ²ng vÃ  dá»‹ch_vá»¥ ráº¥t tá»‘t, tuy nhiÃªn buffet sÃ¡ng khÃ´ng ngon"
True,2216,tá»‘t. TÃ´i ráº¥t thÃ­ch khÃ¡ch_sáº¡n cÅ©ng nhÆ° cÃ¡c combo cá»§a ivivu
True,2229,"Äá»“ Äƒn sÃ¡ng khÃ´ng ngon, phÃ²ng cÃ³ mÃ¹i khÃ³ chá»‹u vÃ  cÅ© ká»¹. KhÃ´ng giá»‘ng hÃ¬nh áº£nh."
True,2232,"TÃ´i ráº¥t hÃ i lÃ²ng vá» dá»‹ch_vá»¥ khÃ¡ch_sáº¡n nÃ y, vá»›i sá»‘ tiá»n tÃ´i bá» ra thÃ¬ tÃ´i tháº¥y ráº¥t phÃ¹ há»£p. "
