Location,Index,Comment
True,4,"Victoria Phan Thiáº¿t ráº¥t tá»‘t, tÃ´i khÃ´ng cÃ³ gÃ¬ phÃ n nÃ n háº¿t. ÄÃ¡p á»©ng Ä‘Ãºng yÃªu cáº§u cá»§a tÃ´i. "
True,6,"tá»‘t, khÃ¢u xáº¿p hÃ ng tá»« bÃ£i biá»ƒn  hÆ¡i cÃ³ ngÆ°á»i sáº¯p xáº¿p nÃªn chen láº¥n"
True,17,"PhÃ²ng á»‘c ráº¥t ok so vá»›i giÃ¡ nhÆ°ng nhÃ  vá»‡ sinh khÃ¡ á»“n báº­t Ä‘iá»‡n lÃªn lÃ  nghe tiáº¿ng mÃ¡y hÃºt giÃ³ vÃ¹ vÃ¹ cá»±c to ,Ä‘i ra biá»ƒn cÅ©ng gáº§n , lá»… tÃ¢n cÅ©ng dá»… thÆ°Æ¡ng nhÆ°ng mÃ  1 Ä‘iá»ƒm xáº¥u nhá» lÃ  máº¥y cÃ´ lao cÃ´ng nÃ³i chuyá»‡n quÃ¡ to,vÃ¬ phÃ²ng khÃ´ng cÃ¡ch Ã¢m nÃªn á»Ÿ trong nghe bÃªn ngoÃ i nÃ³i ráº¥t rÃµ,khÃ¡ch Ä‘ang ngá»§ thÃ¬ máº¥y cÃ´ lao cÃ´ng gÃµ cá»­a dá»n phÃ²ng nÃªn mÃ¬nh tháº¥y khÃ¡ báº¥t tiá»‡n vÃ  hÆ¡i khÃ³ chá»‹u, khÃ¡ch_sáº¡n kháº¯c phá»¥c máº¥y chuyá»‡n lao cÃ´ng nÃ³i chuyá»‡n to vÃ  dá»n phÃ²ng khi khÃ¡ch chÆ°a cÃ³ nhu cáº§u lÃ  ok nhÃ©"
True,23,"PhÃ²ng á»‘c sáº¡ch_sáº½, cÃ³ thang mÃ¡y Ä‘i ráº¥t tiá»‡n. NÆ¡i á»Ÿ cÅ©ng ráº¥t dá»… tÃ¬m dá»… dÃ ng di chuyá»ƒn"
True,26,"Chuyáº¿n Ä‘i ráº¥t tá»‘t, tÃ´i ráº¥t hÃ i lÃ²ng vá» khÃ¡ch_sáº¡n, má»i thá»© tuyá»‡t vá»i. nhÃ¢n_viÃªn ivivu lÃ m viá»‡c ráº¥t chu Ä‘Ã¡o vÃ  táº­n tÃ¢m, cáº£m Æ¡n ivivu Ä‘Ã£ há»— trá»£ ráº¥t nhiá»‡t tÃ¬nh cho chuyáº¿n Ä‘i cá»§a tÃ´i."
True,32,Tá»‘t. KhÃ´ng cÃ³ gÃ¬ phÃ n nÃ n
True,41,"PhÃ²ng sáº¡ch_sáº½, tinh táº¿ tá»« nhá»¯ng chi tiáº¿t nhá». dá»‹ch_vá»¥ tá»‘t vÃ  cÃ³ hidden bar ngay dÆ°á»›i háº§m. Tá»« khÃ¡ch_sáº¡n Ä‘i vÃ i bÆ°á»›c lÃ  ra há»“ GÆ°Æ¡m vÃ  tiá»‡n_Ã­ch xung quanh cÃ³ Ä‘á»§. Má»™t nÆ¡i xá»©ng Ä‘Ã¡ng Ä‘á»ƒ quay láº¡i nhiá»u láº§n."
True,43,"Cháº¥t lÆ°á»£ng khÃ¡ch_sáº¡n tá»‘t. Gia Ä‘Ã¬nh tÃ´i hÃ i lÃ²ng, Ä‘Ã£ cÃ³ chuyáº¿n Ä‘i vui váº»"
True,52,tuyá»‡t vá»i
True,56,"khÃ¡ch_sáº¡n cÃ³ khuÃ´n viÃªn rá»™ng, sáº¡ch_sáº½ vÃ  nhiá»u cÃ¢y thoÃ¡ng mÃ¡t."
True,61,"khÃ¡ch_sáº¡n cá»±c ká»³ sáº¡ch_sáº½, hiá»‡n Ä‘áº¡i, bá»ƒ bÆ¡i nÆ°á»›c trong váº¯t, cÃ³ xe Ä‘Æ°a Ä‘Ã³n ráº¥t thuáº­n tiá»‡n, buffet sÃ¡ng khÃ¡ ngon, nhÃ¢n_viÃªn thÃ¢n thiá»‡n, lá»… phÃ©p! Äiá»ƒm trá»«: mÃ¬nh cÃ³ em bÃ©, Ä‘áº¿n tá»« ráº¥t sá»›m nhÆ°ng nháº­n phÃ²ng láº¡i muá»™n (báº¡n mÃ¬nh Ä‘áº¿n sau láº¡i Ä‘Æ°á»£c nháº­n phÃ²ng trÆ°á»›c, khÃ´ng hiá»ƒu khÃ¡ch_sáº¡n Æ°u tiÃªn tháº¿ nÃ o!). MÃ¬nh á»Ÿ 2 ngÃ y nhÆ°ng xe Ä‘áº©y em bÃ© luÃ´n lÃ  khÃ´ng mÆ°á»£n Ä‘Æ°á»£c, mÃ¬nh chá»n á»Ÿ Ä‘Ã¢y 1 pháº§n vÃ¬ cÃ³ xe Ä‘áº©y nÃªn mÃ¬nh khÃ´ng mang theo váº­y mÃ  khÃ´ng cÃ³ xe cho mÆ°á»£n, báº¿ muá»‘n gÃ£y cÃ¡i tay ğŸ¥²"
True,62,Má»i thá»© tÃ´i tháº¥y háº§u  nhÆ° Ä‘á»u tá»‘t. Chuyáº¿n Ä‘i tháº­t sá»± thoáº£i mÃ¡i vÃ  hÃ i lÃ²ng
True,64,khÃ¡ch_sáº¡n má»›i...má»i thá»© á»•n.há»“ bÆ¡i Ä‘áº¹p...
True,65,"Má»i thá»© Ä‘á»u tuyá»‡t, trá»« sÃ n nhÃ  hÆ¡i dÆ¡ vÃ  thang mÃ¡y hÆ¡i sá»£"
True,67,"Ráº¥t áº¥n tÆ°á»£ng,  sáº½ sá»­ dá»¥ng thÆ°á»ng xuyÃªn vÃ  giá»›i thiá»‡u báº¡n bÃ¨ sp nÃ y "
True,68,Má»i thá»© Ä‘iá»u ok. Äá»§ Ä‘á»ƒ cho ai thÃ­ch á»Ÿ lÃ¢u ngÃ y Ä‘áº¥y.â¤ï¸â¤ï¸
True,69,"TrÆ°á»›c khi nháº­n phÃ²ng: khÃ¡ch_sáº¡n báº£o khÃ´ng cÃ³ dá»‹ch_vá»¥ Ä‘Æ°a Ä‘Ã³n sÃ¢n bay miá»…n_phÃ­ nhÆ° liá»‡t kÃª trong mÃ´ táº£ Ä‘áº·t phÃ²ng â€” gá»i yÃªu cáº§u app â€” Ä‘áº·t phÃ²ng taxi xong rá»“i khÃ¡ch_sáº¡n má»›i giáº£i quyáº¿t. LÃºc vá» gá»i bÃ¡o khÃ¡ch_sáº¡n cÃ³ Ä‘Æ°a Ä‘Ã³n sÃ¢n bay, khÃ¡ch_sáº¡n láº¡i chá»‘i, láº¡i pháº£i báº£o app bÃ¡o cÃ³ mÃ , rá»“i láº¡i bÃ¡o cÃ³. ChÃ¡n! PhÃ²ng nháº­n Ä‘Æ°á»£c sÃ n dÆ¡, nhá» lau thÃ¬ nÃ³i 15ph xuá»‘ng thÃ¬ 1 giá» sau pháº£i gá»i giá»¥c rá»“i má»›i xuá»‘ng. NgÃ y hai yÃªu cáº§u dá»n phÃ²ng buá»•i sÃ¡ng mÃ¬nh ra ngoÃ i nÃªn nhá» tranh thá»§, lÃºc vá» trÆ°a tháº¥y cÃ²n nguyÃªn, chÃ¬u mÃ¬nh nhá» dá»n láº¡i. Tháº­t sá»± sÃ n lau khÃ´ng sáº¡ch. Ä‚n sÃ¡ng khá»i nÃ³i, Ä‘á»“ Äƒn vá»«a Ã­t vá»«a khÃ´ng tÆ°Æ¡i vá»«a kiá»ƒu á»‰u á»‰u nhÆ° Ä‘á»ƒ lÃ¢u. NÃ³i chung mÃ¬nh khÃ´ng chá»n khÃ¡ch_sáº¡n nÃ y láº§n hai!"
True,70,Tuyá»‡t vá»i náº¿u cÃ³ láº§n sau nháº¥t Ä‘á»‹nh quay láº¡i.
True,72,Set thá»±c_Ä‘Æ¡n cháº¥t hÆ¡n láº©u tháº£ (láº©u tháº£ Äƒn Ä‘á»ƒ biáº¿t thÃ´i). khu_nghá»‰_mÃ¡t Ä‘áº¹p
True,73,"ivivu lÃ m viá»‡c nhanh chÃ³ng vÃ  Ä‘áº§y Ä‘á»§ thÃ´ng tin. PhÃ²ng vÃ  dá»‹ch_vá»¥ táº¡i khu nghá»‰ dÆ°á»¡ng ok, má»i viá»‡c tá»‘t"
True,74,Ok
True,81,"TÃ´i tháº¥y khÃ¡ch_sáº¡n cÃ³ cháº¥t lÆ°á»£ng tÆ°Æ¡ng xá»©ng vá»›i giÃ¡_cáº£, cáº£m Æ¡n ivivu Ä‘Ã£ há»— trá»£."
True,84,dá»‹ch_vá»¥ tá»‘t. BÃ£i biá»ƒn buá»•i sÃ¡ng nÆ°á»›c trong veo vÃ  cÃ³ thá»ƒ tháº¥y Ä‘Æ°á»£c cÃ¡.
True,88,"phá»¥c_vá»¥ tá»‘t nhÆ°ng do chuyáº¿n Ä‘i tÃ´i do bÃ£o nÃªn khÃ´ng tham quan Ä‘Æ°á»£c nhiá»u. nhÃ¢n_viÃªn phá»¥c_vá»¥ táº­n tÃ¬nh, Ä‘Æ°a Ä‘Ã³n chu Ä‘Ã¡o"
True,89,"KhÃ´ng cÃ³ trÃ¡i cÃ¢y chÃ o má»«ng, nÃªn hÆ¡i buá»“n xÃ­u. ÄÆ°á»ng xuá»‘ng bÃ£i biá»ƒn cÃ¡t khÃ´ng má»‹n. Cháº¥t lÆ°á»£ng phÃ²ng tá»‘t"
True,92,Tá»‘t . KhÃ´ng cÃ³ gÃ¬ phÃ n nÃ n !
True,93,"TÃ´i ráº¥t thÃ­ch nÃªn tÃ´i Ä‘Ã£ Ä‘áº¿n Ä‘Ã¢y nhiá»u láº§n, má»i viá»‡c Ä‘á»u tá»‘t cho chuyáº¿n Ä‘i"
True,95,khÃ¡ch_sáº¡n cÃ³ khung_cáº£nh tuyá»‡t Ä‘áº¹p vÃ  dá»‹ch_vá»¥ ráº¥t á»•n. nhÃ¢n_viÃªn phá»¥c_vá»¥ táº­n tÃ¢m lÃ m khÃ¡ch luÃ´n tháº¥y hÃ i lÃ²ng
True,96,"khÃ¡ch_sáº¡n cÃ³ cháº¥t lÆ°á»£ng tá»‘t, chuyáº¿n Ä‘i ráº¥t thuáº­n_lá»£i. ivivu lÃ m viá»‡c chu Ä‘Ã¡o, nhanh vÃ  nhiá»‡t tÃ¬nh."
True,99,MÃ¬nh ráº¥t Æ°ng Ã½ vÃ  Ä‘Ã¡nh giÃ¡ tá»‘t cho khÃ¡ch_sáº¡n vÃ  cho nhÃ¢n_viÃªn . CÃ¡c báº¡n khÃ¡ lÃ  nhiá»‡t tÃ¬nh
True,100,"khÃ¡ch_sáº¡n sáº¡ch_sáº½, Äƒn sÃ¡ng á»•n, má»i thá»© Ä‘á»u ok. Lá»… tÃ¢n chÆ°a niá»m ná»Ÿ láº¯m."
True,102,"quÃ¡ á»“n Ã o , máº·c dÃ¹ Ä‘Ã£ Ä‘áº·t phÃ²ng trÆ°á»›c nhÆ°ng khi Ä‘áº¿n váº«n háº¿t phÃ²ng pháº£i chuyá»ƒn sang khÃ¡ch_sáº¡n khÃ¡c"
True,108,"khÃ¡ch_sáº¡n khÃ¡ á»•n so vá»›i má»©c giÃ¡, vá»‹ trÃ­ thuáº­n tiá»‡n Ä‘i láº¡i cÃ³ Ä‘iá»u nhÃ¢n_viÃªn lá»… tÃ¢n khÃ´ng Ä‘Æ°á»£c thoáº£i mÃ¡i cho láº¯m"
True,113,"khÃ¡ch_sáº¡n sáº¡ch_sáº½, nhÃ¢n_viÃªn lá»‹ch sá»± chu Ä‘Ã¡o. Äi ra biá»ƒn gáº§n chá»‰ tiáº¿c lÃ  chá»— Ä‘Ã³ khÃ´ng táº¯m Ä‘Æ°á»£c mÃ  pháº£i Ä‘i lÃªn má»™t Ä‘oáº¡n ná»¯a. Äá»“ Äƒn táº¡m á»•n nhÆ°ng phÃ²ng Äƒn hÆ¡i nhá». NÃ³i chung lÃ  khÃ¡ á»•n!"
True,119,"dá»‹ch_vá»¥ ráº¥t tá»‘t. Gia Ä‘Ã¬nh tÃ´i Ä‘Ã£ tá»«ng á»Ÿ Ä‘Ã¢y rá»“i, má»i viá»‡c váº«n hÃ i lÃ²ng"
True,121,nhÃ¢n_viÃªn cá»±c ká»³ há»¯u Ã­ch. Lá»±a chá»n buffet tá»‘t. Vá»‹ trÃ­ thuáº­n tiá»‡n.
True,122,Báº£o vá»‡ ráº¥t khÃ³ chá»‹u. PhÃ²ng cÃ¡ch ly kÃ©m nÃªn ráº¥t á»“n. PhÃ²ng sáº¡ch. Lá»… tÃ¢n dá»… thÆ°Æ¡ng.
True,125,MÃ¬nh hÃ i lÃ²ng vá» chuyáº¿n Ä‘i vÃ  cÅ©ng khÃ´ng cÃ³ phÃ n nÃ n gÃ¬ cáº£. táº¥t cáº£ cÃ¡c dá»‹ch_vá»¥ mÃ¬nh Ä‘á»u hÃ i lÃ²ng. nhÃ¢n_viÃªn khÃ¡ch_sáº¡n cÅ©ng nhÆ° ivivu quan tÃ¢m vÃ  chu Ä‘Ã¡o.
True,134,"KhÃ´ng gian, cÃ¢y xanh tuyá»‡t vá»i. nhÃ¢n_viÃªn dá»… thÆ°Æ¡ng nhÆ°ng thá»©c Äƒn sÃ¡ng khÃ´ng Ä‘Æ°á»£c phong phÃº."
True,136,ThÃ¡i Ä‘á»™ cá»§a lá»… tÃ¢n khÃ´ng tá»‘t. Wifi ráº¥t yáº¿u dÆ°á»ng nhÆ° khÃ´ng xÃ i Ä‘Æ°á»£c. PhÃ²ng khung_cáº£nh biá»ƒn cÅ©ng chá»‰ nhÃ¬n Ä‘Æ°á»£c biá»ƒn láº¥p lÃ³ qua máº¥y toÃ  nhÃ .
True,142,"KhÃ´ng gian tiá»‡n nghi, phÃ²ng á»‘c sáº¡ch_sáº½"
True,144,"nhÃ¢n_viÃªn ivivu nháº¹ nhÃ ng, nhiá»‡t tÃ¬nh. khÃ¡ch_sáº¡n Ä‘áº¹p cháº¥t lÆ°á»£ng, Äƒn ngon, khÃ´ng gian Ä‘áº¹p. "
True,150,"TÃ´i khÃ¡ hÃ i lÃ²ng khi á»Ÿ Ä‘Ã¢y, phÃ²ng á»‘c Ä‘áº¹p vÃ  vá»‹ trÃ­ khÃ¡ch_sáº¡n cÅ©ng Ä‘áº¹p ná»¯a chá»‰ cÃ³ 1 Ä‘iá»u lÃ  thang mÃ¡y cá»§a khÃ¡ch_sáº¡n cÃ³ hÆ¡i cháº­m, nhÆ°ng mÃ  cÅ©ng khÃ´ng sao cáº£. nhÃ¢n_viÃªn ivivu Ä‘Ã£ há»— trá»£ tÃ´i ráº¥t nhiá»‡t tÃ¬nh."
True,151,"sáº¡ch_sáº½, an uong tot , Æ¡Ì‰ biá»‡t_thá»± hÆ¡i bÃ¢Ìt tiÃªÌ£n viÃªÌ£c di chuyen"
True,153,"khÃ¡ch_sáº¡n ráº¥t Ä‘áº¹p,bÃ£i biá»ƒn dÃ i, há»“ bÆ¡i rá»™ng. PhÃ²ng thoÃ¡ng, sáº¡ch_sáº½. Buffet sÃ¡ng ngon, nhiá»u mÃ³n lÃ nh máº¡nh. Tuy nhiÃªn phÃ­ Äƒn sÃ¡ng cho bÃ© 2t trá»Ÿ lÃªn 325k lÃ  khÃ¡ cao"
True,156,"khÃ¡ch_sáº¡n sáº¡ch_sáº½, phÃ²ng á»‘c ok, hÃ i lÃ²ng vá» khÃ¡ch_sáº¡n. ivivu thanh toÃ¡n tiá»‡n_lá»£i, giÃ¡ ráº» hÆ¡n so vá»›i cÃ¡c bÃªn khÃ¡c, nhÃ¢n_viÃªn tÆ° váº¥n nhiá»‡t tÃ¬nh, liÃªn há»‡ láº¡i check phÃ²ng nhanh."
True,167,má»i thá»© tuyá»‡t vá»i.
True,170,"Cháº¥t lÆ°á»£ng phÃ²ng á»‘c Victoria Phan Thiáº¿t ráº¥t tá»‘t, bÃ£i biá»ƒn váº«n táº¯m Ä‘Æ°á»£c, khÃ´ng xáº¥u nhÆ° má»™t sá»‘ thÃ´ng tin tÃ´i nghe Ä‘Æ°á»£c, tÃ´i hoÃ n toÃ n hÃ i lÃ²ng khi á»Ÿ Ä‘Ã¢y. "
True,171,"khu_nghá»‰_mÃ¡t á»Ÿ tÃ´i tháº¥y ok, nhÃ¢n_viÃªn chu Ä‘Ã¡o."
True,174,"khu_nghá»‰_mÃ¡t khÃ¡ Ä‘áº¹p , nhÃ¢n_viÃªn chu Ä‘Ã¡o tuy nhiÃªn hÆ¡i xa trung tÃ¢m (35km) vÃ  buffet sÃ¡ng cáº§n cáº£i thiá»‡n"
True,180,"Tuyá»‡t vá»i vÃ  tháº­t sá»± háº¡nh phÃºc khi á»Ÿ Ä‘Ã¢y
"
True,183,"MÃ¬nh hÃ i lÃ²ng vá»›i chuyáº¿n Ä‘i nÃ y, má»i thá»© ráº¥t tá»‘t"
True,196,"Khu nghá»‰ dÆ°á»¡ng cÃ³ cáº£nh Ä‘áº¹p, phÃ²ng thoáº£i mÃ¡i, sáº¡ch_sáº½, nhÃ¢n_viÃªn phá»¥c_vá»¥ dá»… thÆ°Æ¡ng, gáº§n máº·t Ä‘Æ°á»ng nÃªn tiá»‡n Ä‘i láº¡i, Äƒn uá»‘ng. dá»‹ch_vá»¥ cá»§a ivivu lÃ m tÃ´i ráº¥t hÃ i lÃ²ng, tÆ° váº¥n viÃªn vui váº», nhiá»‡t tÃ¬nh, dá»‹ch_vá»¥ cháº¥t lÆ°á»£ng tá»‘t."
True,203,"ChÃºng tÃ´i Ä‘Ã£ cÃ³ chuyáº¿n tá»‘t, tá»« nhÃ¢n_viÃªn Ä‘áº¿n khu nghá»‰ dÆ°á»¡ng Ä‘á»u ok"
True,213,"dá»‹ch_vá»¥ ráº¥t tuyá»‡t vá»i, phÃ²ng rá»™ng rÃ£i vÃ  thoáº£i mÃ¡i. áº¤n tÆ°á»£ng nháº¥t cá»§a tÃ´i lÃ  bÃ£i biá»ƒn ráº¥t Ä‘áº¹p. NhÆ°ng cÃ³ 1 sá»‘ mÃ³n Äƒn khÃ´ng há»£p kháº©u vá»‹ láº¯m. "
True,225,"Äáº¹p, nhÆ°ng nÃªn má»Ÿ bá»ƒ bÆ¡i vÃ o sÃ¡ng sá»›m thay vÃ¬ 8 giá» sÃ¡ng nhÆ° hiá»‡n táº¡i."
True,226,"khÃ¡ch_sáº¡n lÃ m thá»§ tá»¥c nháº­n phÃ²ng lÃ¢u quÃ¡, cÃ²n láº¡i tÃ´i Ä‘á»u hÃ i lÃ²ng"
True,231,khÃ¡ch_sáº¡n cÃ³ vá»‹ trÃ­ tá»‘t nhÆ°ng phÃ²ng bá»‹ hÆ° dá»™t nÃªn pháº£i chuyá»ƒn sang khÃ¡ch_sáº¡n khÃ¡c.
True,234,"Bá»‹ Æ°ng tá»« khi xem áº£nh vÃ  quyáº¿t Ä‘á»‹nh chá»n the bay ngay tá»« cÃ¡i nhÃ¬n Ä‘áº§u tiÃªn, phÃ²ng Ä‘áº¹p lung linh tha há»“ sá»‘ng áº£o :)) Ä‘iá»ƒm cá»™ng ná»¯a lÃ  cÃ³ gÆ°Æ¡ng to cho chá»‹ em dá»… dÃ ng make up vá»›i lÃªn Ä‘á»“, anh chá»§ nhiá»‡t tÃ¬nh vui tÃ­nh há»i nhiá»u mÃ  váº«n khÃ´ng bá»‹ máº¯ng :)) vote 5 sao !!!"
True,235,khÃ¡ch_sáº¡n Ä‘áº¹p tuyá»‡t vá»i ThÃ­ch nháº¥t lÃ  cÃ³ ban cÃ´ng thoÃ¡ng Má»—i cÃ¡i lÃ  bá»¯a sÃ¡ng khÃ´ng ngon
True,240,QuÃ¡ Ä‘áº¹p
True,252,"Gia Ä‘Ã¬nh mÃ¬nh nghá»‰ 1 Ä‘Ãªm táº¡i Ä‘Ã¢y vÃ  láº§n Ä‘áº§u tráº£i nghiá»‡m khÃ´ng khÃ­ mÃ¡t máº» trong lÃ nh, phong cáº£nh Ä‘áº¹p, khÃ¡ch_sáº¡n sáº¡ch, nhÃ¢n_viÃªn chu Ä‘Ã¡o vÃ  mÃ¬nh cÃ³ mÃ£ coupon nÃªn hÃ i lÃ²ng cho chuyáº¿n Ä‘iğŸ‘sáº½ cÃ³ dá»‹p quay láº¡i Ä‘Ã¢yğŸ¥°"
True,255,"dá»‹ch_vá»¥ khÃ¡ch_sáº¡n tá»‘t, nhÃ¢n_viÃªn tÆ° váº¥n ivivu nhanh, nhiá»‡t tÃ¬nh"
True,262,Má»i thá»© Ä‘á»u tá»‘t ( trá»« chuyáº¿n vá» Vietjet bá»‹ dá»i láº¡i khÃ´ng bÃ¡o vá»›i khÃ¡ch).
True,264,"Biá»ƒn vá» há» bÆ¡i Ä‘áº¹p, nhá»¯ng muá»—i nhiá»u. khÃ¡ch_sáº¡n bá»‘ trÃ­ tÃ­nh dáº§u dÆ°á»¡ng muá»—i sáº½ tá»‘t hÆ¡n"
True,271,"Ráº¥t tá»‘t, yÃªn tÄ©nh, Ä‘áº§y Ä‘á»§ tiá»‡n nghi"
True,298,Ráº¥t tá»‘t
True,314,"khu_nghá»‰_mÃ¡t thÃ­ch há»£p Ä‘á»ƒ nghá»‰ dÆ°á»¡ng. KhÃ´ng khÃ­ trong lÃ nh, cáº£nh quang háº¿t há»£p hÃ i hoÃ  vá»›i thiÃªn nhiÃªn, nhÃ  hÃ ng cÃ³ Ä‘á»“ Äƒn sáº¡ch, khÃ¡ ngon CÃ³ khu vui chÆ¡i Ä‘á»ƒ giáº£i trÃ­"
True,318,"Khu nghá»‰ mÃ¡t nÃ y lÃ  ráº¥t hÃ²a bÃ¬nh vÃ  thiÃªn nhiÃªn thÃ¢n thiá»‡n. TÃ´i khÃ¡ áº¥n tÆ°á»£ng vá»›i khu vÆ°á»n cÃ³ mÃ  hoÃ n toÃ n tÆ°Æ¡i, xanh lÃ¡ cÃ¢y vÃ  Ä‘áº§y hoa. CÄƒn phÃ²ng tÃ´i Ä‘áº·t lÃ  tá»‘t Ä‘áº¹p vÃ  thoáº£i mÃ¡i loáº¡i trá»« má»™t sá»‘ dáº¥u váº¿t báº©n trÃªn gháº¿ sofa vÃ  má»™t Ã¡nh sÃ¡ng bá»‹ há»ng trong phÃ²ng táº¯m. TÃ´i áº¥n tÆ°á»£ng vá»›i kÃ­ch thÆ°á»›c cá»§a cÄƒn phÃ²ng vÃ  phÃ²ng táº¯m cá»§a nÃ³ mÃ  tÃ´i nghÄ© sáº½ phÃ¹ há»£p cho gia Ä‘Ã¬nh cÃ³ tráº» em. CÃ¡c nhÃ¢n_viÃªn siÃªu thÃ¢n thiá»‡n. TÃ´i khuyÃªn báº¡n nÃªn cho Poshanu mÃ³n hotspot cho bá»¯a Äƒn trÆ°a hoáº·c Äƒn tá»‘i, nÃ³ khÃ¡ táº¡i Ä‘á»‹a phÆ°Æ¡ng vÃ  quan trá»ng Ä‘á»‘i vá»›i kinh nghiá»‡m cá»§a báº¡n."
True,322,Má»i thá»© Ä‘á»u ok ... sáº½ tuyá»‡t hÆ¡n náº¿u nhÆ° khÃ¡ch_sáº¡n trang biáº¿t thÃªm smart tivi
True,335,"Má»i thá»© á»Ÿ khu nghá»‰ dÆ°á»¡ng Ä‘á»u ráº¥t tá»‘t, tÃ´i khÃ´ng cÃ³ gÃ¬ pháº£i phiá»n lÃ²ng cáº£. CÃ¡c báº¡n nhÃ¢n_viÃªn tÆ° váº¥n bÃªn ivivu há»— trá»£ tÃ´i nhiá»‡t tÃ¬nh, nhanh chÃ³ng."
True,347,"Khu nghá»‰ dÆ°á»¡ng yÃªn tÄ©nh, phá»¥c_vá»¥ á»•n"
True,352,"Cháº¥t lÆ°á»£ng phÃ²ng á»‘c ráº¥t á»•n, khÃ´ng gian rá»™ng rÃ£i ráº¥t thÃ­ch há»£p cho viá»‡c nghá»‰ dÆ°á»¡ng"
True,366,Má»i viá»‡c tÃ´i hÃ i lÃ²ng. Báº¡n Giang ivivu ráº¥t nhiá»‡t tÃ¬nh vÃ  dá»… thÆ°Æ¡ng
True,371,"Khu nghá»‰ dÆ°á»¡ng Ä‘áº¹p, cháº¥t lÆ°á»£ng tá»‘t tá»« phÃ²ng á»‘c Ä‘áº¿n dá»‹ch_vá»¥"
True,384,"khu_nghá»‰_mÃ¡t Ä‘áº¹p, yÃªn tÄ©nh, sáº¡ch_sáº½.nhÃ¢n_viÃªn lá»‹ch sá»±, dá»… chá»‹u. nhÆ°ng náº±m á»Ÿ vá»‹ trÃ­ hÆ¡i xa nÃªn tÃ¬m taxi khÃ³, nÃªn Ä‘i xe nhÃ ."
True,386,"PhÃ²ng giÃ¡ tá»‘t ngay biá»ƒn, Ä‘á»§ tiá»‡n nghi"
True,387,"MÃ¬nh quÃªn khÃ´ng chá»¥p áº£nh láº¡i chá»© khÃ´ng láº¡i báº£o mÃ¬nh Ä‘iÃªu. khÃ¡ch_sáº¡n cÃ²n khÃ´ng thÃ¨m dá»n phÃ²ng sao? BÃ´ng táº©y trang nhÃ©t Ä‘áº§y cá»­a sá»• Ä‘iá»u hoÃ , giáº¥y vá»‡ sinh nhÃ©t thÃ²i lÃ²i máº¯t mÃ¨o. KhÄƒn dÃ¹ng á»‘ vÃ ng, kiá»ƒu báº¡n táº­n dá»¥ng nhÆ°ng lÃ m Æ¡n táº©y rá»­a Ä‘Ã ng hoÃ ng giÃºp mÃ¬nh. PhÃ²ng cÅ© cáº£m giÃ¡c áº©m Æ°á»›t tá»‘i. Cáº£ Ä‘Ãªm khÃ´ng ngá»§ ná»•i. ChÃ¬a khoÃ¡ cÃ²n káº¹t. PhÃ²ng khÃ¡c mÃ¬nh Ä‘áº·t há»™ báº¡n vÃ¡ch tÆ°á»ng cÃ²n má»‘c Ä‘en Ä‘á» váº¿t nÆ°á»›c báº©n Ä‘áº§y tÆ°á»ng cÆ¡. áº¢nh chá»¥p lung linh tháº¿ thÃ´i chá»© tháº­t tá»‡ vá»«a cháº­t háº¹p vá»«a tá»‡.Thang mÃ¡y khÃ´ng cÃ³ thÃ´ng giÃ³ má»—i láº§n lÃªn t6 muá»‘n nÃ¡ thá»Ÿ. GiÃ¡ gáº§n 300 ngÃ n sau giáº£m giÃ¡ nhÆ°ng cháº¥t lÆ°á»£ng cÃ²n tá»‡ hÆ¡n cáº£ nhÃ  nghá»‰ walk in. CÃ²n cÃ³ nhiá»u hostel phá»‘ cá»• ráº» hÆ¡n mÃ  cÃ²n tá»‘t hÆ¡n nhiá»u. QuÃ¡ tháº¥t vá»ng cho má»™t Ä‘Ãªm nghá»‰"
True,401,"nhÃ¢n_viÃªn vui váº», phÃ²ng hÆ¡i nhá», vá»‹ trÃ­ khÃ³ tÃ¬m nhÆ°ng tháº¿ lÃ  tá»‘t rá»“i. Vá»›i giÃ¡ nhÆ° váº­y á»Ÿ tá»‘t rá»“i"
True,426,"TÃ´i ráº¥t thÃ­ch há»“ bÆ¡i cá»§a khÃ¡ch_sáº¡n, ráº¥t Ä‘áº¹p vÃ  hoÃ nh trÃ¡ng. PhÃ²ng á»Ÿ cÅ©ng ráº¥t ok nhÆ°ng náº¿u cÃ³ thÃªm bá»“n táº¯m thÃ¬ tuyá»‡t vá»i. Vá» nhÃ¢n_viÃªn thÃ¬ bÃªn khÃ¡ch_sáº¡n hay ivivu tÃ´i Ä‘á»u ráº¥t thÃ­ch vÃ¬ máº¥y báº¡n ráº¥t nhiá»‡t tÃ¬nh."
True,432,"TÃ´i Ä‘Æ°á»£c sáº¯p xáº¿p hÆ°á»›ng phÃ²ng khÃ¡c vá»›i láº§n trÆ°á»›c, nÃªn cÃ³ cáº£m giÃ¡c khÃ´ng bá»‹ trÃ¹ng láº·p, tÃ´i thÃ­ch láº¯m"
True,442,"Má»i thá»© ok cáº£, chuyáº¿n Ä‘i tá»‘t"
True,445,"dá»‹ch_vá»¥ khÃ¡ch_sáº¡n hÃ i lÃ²ng, má»i thá»© Ä‘á»u tá»‘t. dá»‹ch_vá»¥ ivivu tá»‘t, nhÃ¢n_viÃªn tÆ° váº¥n tá»‘t, má»i thá»© Ä‘á»u tá»‘t háº¿t"
True,446,dá»‹ch_vá»¥ tá»‘t vÃ  vá»‹ trÃ­ trung tÃ¢m thuáº­n tiá»‡n Ä‘i láº¡i cÃ´ng viá»‡c
True,451,"khu_nghá»‰_mÃ¡t cáº£nh quan Ä‘áº¹p, dá»‹ch_vá»¥ tá»‘t, thá»©c Äƒn nhÃ  hÃ ng Viá»‡t ngon, mÃ¬nh chÆ°a Äƒn nhÃ  hÃ ng TÃ¢y nÃªn khÃ´ng nháº­n xÃ©t. 
MÃ¬nh Ä‘áº·t Ä‘áº·t phÃ²ng vÃ o 29 AL nÃªn sá»£ khÃ´ng Ä‘Æ°á»£c xÃ¡c nháº­n Ä‘áº·t phÃ²ng, nhÆ°ng ivivu Ä‘Ã£ xá»­ lÃ½ tá»‘t"
True,454,"khu_nghá»‰_mÃ¡t Ä‘áº¹p, nhÃ¢n_viÃªn dá»… thÆ°Æ¡ng, gia Ä‘Ã¬nh mÃ¬nh ráº¥t thÃ­ch. "
True,460,"Táº¥t cáº£ Ä‘á»u ok, thá»±c Ä‘Æ¡n bá»¯a sÃ¡ng cáº§n cáº£i thiá»‡n thÃªm!"
True,469,"Má»i dá»‹ch_vá»¥ cá»§a khÃ¡ch_sáº¡n, Äƒn uá»‘ng, nghá»‰ ngÆ¡i, phÃ²ng á»‘c mÃ¬nh tháº¥y Ä‘á»u tá»‘t."
True,490,"HÃ i lÃ²ng vá» chuyáº¿n Ä‘i, chá»‰ buá»“n lÃ  Ä‘i mÃ¹a nÃ y táº¯m biá»ƒn bá»‹ sá»©a cáº¯n sÆ°ng háº¿t chÃ¢n"
True,498,Lá»… tÃ¢n nhiá»‡t tÃ¬nh :D ngay gáº§n phá»‘ Ä‘i bá»™ nÃªn tá»‘i dá»… dÃ ng Ä‘i chÆ¡i
True,501,"PhÃ²ng thiáº¿t káº¿ Ä‘áº¹p sáº¡ch_sáº½, khÃ´ng gian yÃªn tÄ©nh thoáº£i mÃ¡i"
True,503,"khÃ¡ch_sáº¡n cÃ³ cháº¥t lÆ°á»£ng ráº¥t tá»‘t, sÃ¡t biá»ƒn, phÃ²ng Ä‘áº¹p vÃ  sang trá»ng. nhÃ¢n_viÃªn ivivu lÃ m viá»‡c ráº¥t chu Ä‘Ã¡o, lá»‹ch sá»± vÃ  nhanh chÃ³ng."
True,506,"má»i Ä‘iá»u tuyá»‡t vá»i, trá»« bá»¯a Äƒn"
True,507,"Má»i thá»© á»Ÿ Ä‘Ã¢y Ä‘á»u ráº¥t tá»‘t, tÃ´i khÃ´ng cÃ³ gÃ¬ phiá»n lÃ²ng cáº£. nhÃ¢n_viÃªn tÆ° váº¥n cá»§a ivivu há»— trá»£ tÃ´i chu Ä‘Ã¡o, nhiá»‡t tÃ¬nh, cáº£m Æ¡n cÃ¡c báº¡n ráº¥t nhiá»u"
True,509,"Vá»‹ trÃ­ thuáº­n tiá»‡n, nhÃ¢n_viÃªn thÃ¢n thiá»‡n, khÃ¡ch_sáº¡n quÃ¡ tá»‘t. Ráº¥t hÃ i lÃ²ng, sáº½ á»§ng há»™ náº¿u cÃ³ dá»‹p"
True,521,"PhÃ²ng á»‘c sáº¡ch_sáº½ Ä‘áº¹p Ä‘áº½ phÃ¹ há»£p vá»›i giÃ¡ tiá»n nhÃ© cÃ¡c báº¡n Æ¡i, ngay gáº§n sunworld Ä‘i bá»™ táº§m 50-100m lÃ  tá»›i rá»“i. ÄÆ°á»£c cÃ¡i chá»‹ chá»§ vÃ´ cÃ¹ng nhiá»‡t tÃ¬nh, há»— trá»£ háº¿t mÃ¬nh nÃªn má»i ngÆ°á»i khÃ´ng pháº£i lo nhÃ©"
True,524,dá»‹ch_vá»¥ táº¥t cáº£ Ä‘á»u tá»‘t há»“ bÆ¡i hÆ¡i nhiá»u Flour. Biáº¿t qua Google search
True,528,"Victoria Phan Thiáº¿t khÃ´ng cÃ³ váº¥n Ä‘á» gÃ¬, má»i thá»© Ä‘á»u tá»‘t. "
True,530,"khÃ¡ch_sáº¡n sáº¡ch_sáº½, nhÃ¢n_viÃªn ráº¥t dá»… thÆ°Æ¡ng. khu_nghá»‰_mÃ¡t ráº¥t rá»™ng dÆ°á»ng nhÆ° chÆ°a hoÃ n thiá»‡n nÃªn hoang sÆ¡. NhÆ°ng mÃ¬nh thÃ­ch Ä‘iá»u nÃ y."
True,532,viá»‡c nháº­n_phÃ²ng quÃ¡ cháº­m mÃ  khÃ´ng biáº¿t lá»—i tá»« trang máº¡ng hay tá»« khÃ¡ch_sáº¡n?
True,534,"Gáº§n khu phá»‘ cá»• nÃªn tiá»‡n Ä‘i láº¡i, khÃ´ng thÃ­ch Äƒn sÃ¡ng kiá»ƒu gá»i mÃ³n, nÆ°á»›c miá»…n_phÃ­ mÃ  chai nÆ°á»›c nhÃ£n hiá»‡u láº¡ khÃ´ng dÃ¡m uá»‘ng. GiÃ¡ phÃ²ng ráº», phÃ²ng hÆ¡i nhá» cho 3 ngÆ°á»i, nhÆ°ng nhÃ  táº¯m thÃ¬ tháº­t lÃ  to :))"
True,546,"KhÃ´ng gian ráº¥t thoÃ¡ng mÃ¡t, nhÃ¢n_viÃªn vÃ´ cÃ¹ng thÃ¢n thiá»‡n ğŸ‘ğŸ‘ğŸ‘"
True,550,"khÃ¡ch_sáº¡n ráº¥t Ä‘áº¹p, phÃ²ng rá»™ng, nháº¥t lÃ  cÃ¡c phÃ²ng táº§ng trá»‡t nhÃ _vá»‡_sinh siÃªu to Chá»¥p hÃ¬nh Ä‘áº¹p nháº¥t táº§m 6 giá» chiá»u khi Ä‘Ã³ há»“ bÆ¡i cÃ³ Ã¡nh Ä‘Ã¨n lá»… tÃ¢n rá»i vÃ o"
True,572,"PhÃ²ng á»‘c  nhÃ¬n sáº¡ch_sáº½, khuÃ´n viÃªn Ä‘áº¹p nhÆ°ng hÆ¡i cÅ© má»™t tÃ½. nhÃ¢n_viÃªn ivivu há»— trá»£ khÃ¡ch Ä‘áº·t phÃ²ng nhanh chÃ³ng vÃ  nÃ³i chuyá»‡n lá»‹ch sá»± vá»›i khÃ¡ch. "
True,586,"Äiá»u nÃ y tháº­t tuyá»‡t vá»i, khÃ¡ch_sáº¡n siÃªu sáº¡ch vÃ  nhÃ¢n_viÃªn ráº¥t thÃ¢n thiá»‡n."
True,593,"khÃ¡ch_sáº¡n má»›i, tiá»‡n nghi hiá»‡n Ä‘áº¡i, há»“ bÆ¡i cÃ³ khung_cáº£nh nhÃ¬n tháº³ng ra cÃ¡nh Ä‘á»“ng lÃºa khÃ¡ Ä‘áº¹p."
True,596,"khÃ¡ch_sáº¡n má»›i khung_cáº£nh biá»ƒn khá»i chÃª áº¡, giÃ¡_cáº£ láº¡i cá»±c ká»³ há»£p lÃ½ ná»¯a áº¡, mÃ¬nh á»Ÿ MÆ°á»ng Thanh vá»›i Vinpearl codotel thÃ¬ tháº¥y MÆ°á»ng Thanh giÃ¡ há»£p lÃ½ mÃ  cháº¥t lÆ°á»£ng khá»i chÃª luÃ´n Ã­ áº¡, láº§n sau náº¿u quay láº¡i Nha Trang nháº¥t Ä‘á»‹nh sáº½ láº¡i chá»n MÆ°á»ng Thanh áº¡"
True,610,"MÃ¬nh Ä‘áº·t phÃ²ng giÆ°á»ng Ä‘Ã´i, khi nháº­n phÃ²ng tháº¥y giÆ°á»ng Ä‘Ã´i tháº­t nhÆ°ng khi náº±m thÃ¬ phÃ¡t hiá»‡n lÃ  2 giÆ°á»ng Ä‘Æ¡n ghÃ©p láº¡i. Náº±m á»Ÿ giá»¯a bá»‹ Ä‘au lÆ°ng, giÆ°á»ng cÃ²n kÃªu cá»t káº¹t ná»¯a. KhÃ´ng gian xung quanh thÃ¬ thoÃ¡ng mÃ¡t, yÃªn tÄ©nh. CÃ¡c dá»‹ch_vá»¥ chÆ°a ok láº¯m. ChÆ°a xá»©ng vá»›i khu_nghá»‰_mÃ¡t 5 sao vÃ  giÃ¡ tiá»n"
True,611,"KhÃ´ng new hotel nhÆ°ng nÃ³ lÃ  khÃ¡ch_sáº¡n tá»‘t Ä‘áº¹p vá»›i nhÃ¢n_viÃªn Ä‘áº¹p, vá»‹ trÃ­ tá»‘t,"
True,615,"Chuyáº¿n Ä‘i cá»§a chÃºng tÃ´i á»•n, má»i viá»‡c Ä‘á»u hÃ i lÃ²ng"
True,620,"Khu nghá»‰ mÃ¡t Poshanu lÃ  má»™t nÆ¡i tá»‘t cho gia Ä‘Ã¬nh tráº», trang trÃ­ Ä‘áº¹p vÃ  phÃ²ng cá»§a há» lá»›n hÆ¡n háº§u háº¿t nhá»¯ng ngÆ°á»i khÃ¡c. nhÃ¢n_viÃªn Ä‘á»‹a phÆ°Æ¡ng Ä‘Æ°á»£c Ä‘Ã o táº¡o tá»‘t. giÃ¡_cáº£ há»£p lÃ½ thá»±c pháº©m vÃ  sÃ¢n vÆ°á»n Ä‘áº¹p."
True,623,"nhÃ¢n_viÃªn thÃ¢n thiá»‡n vÃ  dá»… máº¿n, há» Ä‘Æ°a hÃ nh lÃ½ cá»§a chÃºng tÃ´i tá»« taxi Ä‘áº¿n phÃ²ng, cho chÃºng tÃ´i má»™t chai nÆ°á»›c miá»…n phÃ­ sau khi chÃºng tÃ´i tráº£ phÃ²ng."
True,628,khÃ¡ch_sáº¡n ngay trung tÃ¢m. KhÃ´ng cÃ³ mÃ¡y láº¡nh. PhÃ²ng cÅ©ng ok. Chá»§ khÃ¡ch_sáº¡n nháº­u 11 giá» trÆ°a tá»›i 14 giá» chiá»u á»“n Ã o khÃ´ng ngá»§ Ä‘Æ°á»£c. Xong 21 giá» tiáº¿p tá»¥c nháº­u. Pháº£i xuá»‘ng nÃ³i vá»›i lá»… tÃ¢n
True,637,"Tuyá»‡t vá»i, nhÃ¢n_viÃªn thÃ¢n thiá»‡n nhiá»‡t tÃ¬nh, bÃ£i biá»ƒn vÃ´ cÃ¹ng Ä‘áº¹p. Äá»“ Äƒn sÃ¡ng ráº¥t ngon "
True,640,Ráº¥t yÃªn tÄ©nh vÃ  nhÃ¢n_viÃªn ráº¥t thÃ¢n thiá»‡n. Äá»“ Äƒn Ä‘Æ¡n giáº£n nhÆ°ng ngon ! KhÃ¡ch nÆ°á»›c ngoÃ i á»Ÿ ráº¥t nhiá»u Ä‘á»§ Ä‘á»ƒ tháº¥y cháº¥t lÆ°á»£ng rá»“i. Khu nghá»‰ dÆ°á»¡ng tuy cÃ³ hÆ¡i nhá» nhÆ°ng cáº£nh cá»±c ká»³ Ä‘áº¹p !
True,646,MÃ¬nh Ä‘Ã¡nh giÃ¡ tá»‘t vá» má»i thá»© cho chuyáº¿n Ä‘i nÃ y
True,647,"PhÃ²ng vÃ  dá»‹ch_vá»¥ ok láº¯m, chá»‰ má»—i tá»™i tÃ´i cÃ³ ghi chÃº thÃ´ng tin phÃ²ng tÃ´i á»Ÿ táº§ng cao vÃ  khung_cáº£nh Ä‘áº¹p, nhÆ°ng cÃ¡c báº¡n láº¡i sáº¯p xáº¿p cho tÃ´i phÃ²ng á»Ÿ táº§ng 1 vÃ  khÃ´ng cÃ³ khung_cáº£nh"
True,654,"Tuyá»‡t vá»i, phÃ²ng sáº¡ch_sáº½, nhÃ¢n_viÃªn niá»m ná»Ÿ. Chá»‰ duy nháº¥t bá»ƒ bÆ¡i Ä‘ang sá»­a chá»¯a ná»n gáº¡ch ná»n xÆ°á»›c xÃ¡t nhiá»u."
True,655,"HÃ i lÃ²ng vá» dá»‹ch_vá»¥, tuy nhiÃªn chÃºng tÃ´i xuá»‘ng há»“ bÆ¡i thÃ¬ bá»‹ nhÃ¢n_viÃªn Ä‘uá»•i lÃªn vÃ¬ khÃ´ng máº·c quáº§n bÆ¡i"
True,657,"TÃ´i cáº£m tháº¥y hÃ i lÃ²ng á»Ÿ khÃ¡ch_sáº¡n vá» má»i máº·t, cháº¥t lÆ°á»£ng tá»‘t, dá»‹ch_vá»¥ á»•n. ivivu thÃ¬ tÆ° váº¥n cho tÃ´i ráº¥t nhiá»‡t tÃ¬nh."
True,672,"CÃ¡c báº¡n nhÃ¢n_viÃªn ráº¥t nhiá»‡t tÃ¬nh vÃ  thÃ¢n thiá»‡n, khÃ¡ch du lá»‹ch thÃ¬ lá»‹ch sá»±, phÃ²ng Ä‘áº¹p, Ä‘á»“ Äƒn ngon, khÃ´ng khÃ­ trong lÃ nh"
True,678,"PhÃ²ng xinh , sáº¡ch_sáº½ , má»›i , ráº¥t thuáº­n tiá»‡n Ä‘i láº¡i ra Sun world vá»›i bÃ£i biá»ƒn . Anh chá»§ Ä‘Ã¡ng yÃªu hiá»n hiá»n"
True,679,"Chuyáº¿n Ä‘i tá»‘t, má»i viá»‡c ok"
True,684,"PhÃ²ng ráº¥t rá»™ng, Ä‘áº¹p, má»›i, tuy hÆ¡i báº¥t tiá»‡n khÃ´ng cÃ³ chá»— Ä‘áº­u xe qua Ä‘Ãªm nhÆ°ng nhÃ¢n_viÃªn thÃ¢n thiá»‡n, nhiá»‡t tÃ¬nh giÃºp Ä‘á»¡ khÃ¡ch, ráº¥t hÃ i lÃ²ng"
True,729,- phÃ²ng báº©n - há»“ bÆ¡i báº©n - sÃ n báº©n - Ä‘Æ°á»ng xuá»‘ng biá»ƒn thÃ¬ nÆ°á»›c cá»‘ng cháº£y - khÃ´ng cÃ³ bÃ£i biá»ƒn riÃªng QuÃ¡ tá»‡
True,739,"Láº§n Ä‘áº§u tiÃªn Ä‘áº¿n vá»›i Fusion, má»i thá»© ráº¥t nháº¹ nhÃ ng vÃ  thoáº£i mÃ¡i. MÃ¬nh ráº¥t thÃ­ch mÃ¹i hÆ°Æ¡ng á»Ÿ Ä‘Ã¢y, tá»« trong phÃ²ng nghá»‰ Ä‘áº¿n cÃ¡c khu thÆ°_giÃ£n, ráº¥t má»™c máº¡c vÃ  giáº£n dá»‹. CÃ¡c báº¡n nhÃ¢n_viÃªn cÅ©ng dá»… thÆ°Æ¡ng ná»¯a. CÃ³ dá»‹p mÃ¬nh cháº¯c cháº¯n sáº½ quay láº¡i nÆ¡i nÃ y."
True,759,táº¥t cáº£ anh Ä‘á»u ráº¥t hÃ i lÃ²ng. Em nÃ³i bÃªn khÃ¡ch_sáº¡n xuáº¥t hÃ³a Ä‘Æ¡n cho a
True,766,"PhÃ²ng á»‘c sáº¡ch_sáº½, nhÃ¢n_viÃªn phá»¥c_vá»¥ tá»‘t, vá»‹ trÃ­ gáº§n biá»ƒn. ThuÃª xe mÃ¡y 150k/ngÃ y, nhÆ°ng mÃ  cá»© ná»• mÃ¡y lÃ  tÃ­nh Ã­t nháº¥t 0.5 ngÃ y, cÃ¡i nÃ y cÃ³ váº» hÆ¡i khÃ´ng Ä‘Æ°á»£c happy láº¯m. CÃ²n láº¡i lÃ  ok."
True,770,Tá»‘t . KhÃ´ng cÃ³ váº¥n Ä‘á» gÃ¬ .
True,775,"Má»i thá»© Ä‘á»u á»•n nha, mÃ¬nh Ä‘i chÆ¡i ráº¥t vui "
True,782,"khÃ¡ch_sáº¡n khung_cáº£nh quÃ¡ Ä‘áº¹p, nhÃ¢n_viÃªn nhiá»‡t tÃ¬nh thoáº£i mÃ¡i, chÃº báº£o vá»‡ dá»… thÆ°Æ¡ng, chá»‰ má»—i tá»™i phÃ²ng khÃ´ng cÃ¡ch Ã¢m láº¯m, cÃ²n láº¡i thÃ¬ ok háº¿t"
True,787,"khÃ¡ch_sáº¡n Ä‘áº¹p, vá»‹ trÃ­ trung tÃ¢m thuáº­n tiá»‡n cho du khÃ¡ch Ä‘i chÆ¡i mua sáº¯m, nhÃ¢n_viÃªn phá»¥c_vá»¥ vui váº», buffet sÃ¡ng ngon, Ä‘á»“ Äƒn phong phÃº"
True,791,Tá»‘t láº¯m. KhÃ´ng cÃ³ gÃ¬ nÃ³i thÃªm.
True,796,ÄÃºng cháº¥t nghá»‰ dÆ°á»¡ng! Gia Ä‘Ã¬nh Ä‘Ã£ cÃ³ chuyáº¿n Ä‘i vui vÃ  hÃ i lÃ²ng.
True,814,"sáº¡ch_sáº½ nhiá»‡t tÃ¬nh, á»•n Ã¡p nháº¥t bá» biá»ƒn Nha Trang. MÃ¬nh á»Ÿ cáº£ Anya Premier cÅ©ng ráº¥t Ä‘áº¹p"
True,817,"PhÃ¹ há»£p vá»›i giÃ¡ tiá»n. KhÃ´ng gian rá»™ng Ä‘áº¹p, há»“ bÆ¡i Ä‘áº¹p, cÃ³ sÃ¢n tennis miá»…n phÃ­. HÃ i lÃ²ng vÃ  sáº½ Ä‘áº¿n khi cÃ³ Ä‘iá»u kiá»‡n."
True,1045,"MÃ¬nh tháº¥y chuyáº¿n Ä‘i vui vÃ  má»i thá»© ráº¥t tá»‘t, khÃ´ng cÃ³ gÃ¬ Ä‘á»ƒ phÃ n nÃ n"
True,1201,"CÃ¡c phÃ²ng Ä‘á»u nhá». nhÃ¢n_viÃªn lá»… tÃ¢n khÃ´ng thá»±c sá»± thÃ¢n thiá»‡n. Há» Ä‘Ã£ cÃ³ thÃ¡i Ä‘á»™ vá»›i chÃºng tÃ´i. Äáº·c biá»‡t lÃ  trung tÃ¢m Blessing 1 trÃªn Ä‘Æ°á»ng 48 Nguyá»…n An Ninh (gáº§n chá»£ Báº¿n ThÃ nh). Bá»¯a Äƒn sÃ¡ng khÃ´ng thá»±c sá»± tá»‘t Ä‘áº¹p, táº¥t cáº£ má»i thá»© Ä‘Ã£ Ä‘Æ°á»£c káº¿ hoáº¡ch vÃ  khÃ´ng cÃ³ hÆ°Æ¡ng vá»‹. Khi tÃ´i yÃªu cáº§u thay Ä‘á»•i phÃ²ng, nhÃ¢n_viÃªn tiáº¿p tÃ¢n Ä‘Ã£ cÃ³ má»™t thÃ¡i Ä‘á»™ vá»›i tÃ´i nhÆ° tÃ´i Ä‘Ã£ khÃ´ng pháº£i tráº£ tiá»n Ä‘á»ƒ á»Ÿ láº¡i hay cÃ¡i gÃ¬ Ä‘Ã³."
True,1207,TÃ´i ráº¥t thÃ­ch cÃ¡ch phá»¥c_vá»¥ vÃ  cáº£nh nÆ¡i Ä‘Ã¢y
True,1237,"TÃ´i tháº¥y khu nghá»‰ dÆ°á»¡ng xa trung tÃ¢m, má»i thá»© Ä‘á»u tá»‘t nhÆ°ng há»“ bÆ¡i Ä‘Ã´ng, nÆ°á»›c khÃ´ng Ä‘Æ°á»£c trong . So vá»›i sá»‘ tiá»n TÃ´i bá» ra thÃ¬ háº¡ng sao cÅ©ng khÃ¡ phÃ¹ há»£p . CÃ²n vá» ivivu, má»i thá»© Ä‘á»u ráº¥t tá»‘t 9/10"
True,1242,"PhÃ²ng á»‘c ráº¥t ok, nhÃ¢n_viÃªn ráº¥t dá»… thÆ°Æ¡ng vÃ  nhiá»‡t tÃ¬nh, tÃ´i tiáº¿c má»™t chÃºt lÃ  khÃ´ng táº¯m Ä‘Æ°á»£c bÃ£i biá»ƒn, do khu_nghá»‰_mÃ¡t Ä‘ang cáº£i táº¡o láº¡i biá»ƒn  lÃ m háº¡n cháº¿ Ä‘Ã¡. Ä‚n uá»‘ng thÃ¬ ráº¥t ok, nhÆ°ng giÃ¡ phá»¥ thu hÆ¡i cao. TÃ´i gá»­i lá»i cáº£m Æ¡n báº¡n Mi nhÃ¢n_viÃªn tÆ° váº¥n cá»§a ivivu ráº¥t nhiá»u nha."
True,1248,"TÃ´i tháº¥y giÃ¡ táº¡i ivivu ráº¥t tá»‘t, giÃ¡_cáº£ cá»© pháº£i nÃ³i lÃ  ok, nhÃ¢n_viÃªn chÄƒm sÃ³c cÅ©ng ráº¥t tá»‘t. 
khÃ¡ch_sáº¡n cÅ©ng vÃ´ cÃ¹ng hÃ i lÃ²ng, tÃ´i khÃ´ng tháº¥y cÃ³ váº¥n Ä‘á» gÃ¬."
True,1263,"Chá»‹ Liá»…u nhÃ¢n_viÃªn bÃªn ivivu há»—_trá»£ ráº¥t nhiá»‡t tÃ¬nh trong quÃ¡ trÃ¬nh Ä‘áº·t phÃ²ng (Ä‘á»•i phÃ²ng, hoÃ n phÃ­)., nÃªn ráº¥t yÃªn tÃ¢m. khu_nghá»‰_mÃ¡t ráº¥t Ä‘áº¹p, biá»ƒn trong cÃ¡t má»‹n. Há»“ bÆ¡i sáº¡ch vÃ  Äƒn sÃ¡ng ráº¥t nhiá»u chá»§ng loáº¡i tá»« Ã‚u tá»›i Ã. CÃ¡c anh chá»‹ nhÃ¢n_viÃªn nhiá»‡t tÃ¬nh, dá»… thÆ°Æ¡ng. tráº£_phÃ²ng cÃ³ thá»ƒ hÆ¡i lÃ¢u tÃ¹y vÃ o tÃ¬nh hÃ¬nh khÃ¡ch_sáº¡n."
True,1285,"CÆ¡ sá»Ÿ váº­t cháº¥t, cáº£nh quan cá»§a khÃ¡ch_sáº¡n tÆ°Æ¡ng Ä‘á»‘i tá»‘t. Tuy nhiÃªn, cÃ²n má»™t sá»‘ Ä‘iá»u cáº§n cáº£i thiá»‡n:
- Lá»… tÃ¢n khÃ¡ch_sáº¡n ráº¥t lÃºng tÃºng, cho khÃ¡ch nháº­n_phÃ²ng nhÆ°ng khÃ´ng bÃ¡o cho bá»™ pháº­n buá»“ng phÃ²ng biáº¿t Ä‘á»ƒ vá»‡ sinh trÆ°á»›c. Khi tráº£_phÃ²ng, lá»… tÃ¢n Ä‘Ã£ xÃ¡c nháº­n xong vá»›i bá»™ pháº­n buá»“ng phÃ²ng nhÆ°ng váº«n Ä‘á»ƒ khÃ¡ch Ä‘á»£i ngay trÆ°á»›c máº·t mÃ¬nh hÆ¡n 15 phÃºt, khi Ä‘Æ°á»£c nháº¯c má»›i vá»™i láº¥y giáº¥y tá» cá»§a khÃ¡ch tráº£ láº¡i.
- Há»“ bÆ¡i ráº¥t báº©n, ráº¥t nhiá»u cáº·n báº©n lá»­ng lÆ¡ trong nÆ°á»›c vÃ  láº¯ng dÆ°á»›i Ä‘Ã¡y há»“."
True,1298,"Táº¥t cáº£ dá»‹ch_vá»¥ Ä‘á»u ráº¥t tá»‘t, phÃ²ng sáº¡ch_sáº½, nhÃ¢n_viÃªn vui váº» nhiá»‡t tÃ¬nh phá»¥c_vá»¥ dÃ¹ khÃ¡ch Ä‘áº¿n sá»›m hÆ¡n giá» nháº­n_phÃ²ng vÃ  vá» muá»™n hÆ¡n giá» tráº£_phÃ²ng.  Ráº¥t nhiá»u khu vui chÆ¡i thÃ­ch há»£p cho cáº£ gia Ä‘Ã¬nh. Nháº¥t Ä‘á»‹nh sáº½ quay láº¡i !"
True,1328,"dá»‹ch_vá»¥ khÃ¡ch_sáº¡n tá»‘t, tuy nhiÃªn á»Ÿ gáº§n thiÃªn nhiÃªn nÃªn cÃ³ nhiá»u cÃ´n trÃ¹ng cÃ³c nhÃ¡i nÃªn vá»£ mÃ¬nh hÆ¡i sá»£ vÃ  muá»‘n Ä‘á»•i phÃ²ng thÃ¬ quáº£n lÃ­ á»Ÿ Ä‘Ã¢y cÃ³ há»— trá»£ Ä‘á»•i khÃ´ng thu thÃªm phÃ­ vÃ  cÃ³ xin lá»—i.
dá»‹ch_vá»¥ ivivu ráº¥t tá»‘t, báº¡n tÆ° váº¥n nhiá»‡t tÃ¬nh há»— trá»£, nhanh nháº¹n tráº£ lá»i nÃªn mÃ¬nh khÃ´ng pháº£i chá» lÃ¢u."
True,1375,"ÄÃ¢y quáº£ lÃ  má»™t nÆ¡i nghá»‰ dÆ°á»¡ng tuyá»‡t vá»i, phÃ²ng á»‘c rá»™ng vÃ  sáº¡ch_sáº½, cÃ³ cáº£ bá»“n táº¯m, há»“ bÆ¡i vÃ  biá»ƒn Ä‘áº¹p, yÃªn tÄ©nh. NhÆ°á»£c Ä‘iá»ƒm duy nháº¥t lÃ  Ä‘i leo dá»‘c báº­c thang Ä‘áº¿n phÃ²ng hÆ¡i xa nÃªn hÆ¡i Ä‘uá»‘i, nhÃ  cÃ³ cÃ¡c bÃ© nhá» hay Ä‘á»“ Ä‘áº¡c nhiá»u cÃ³ thá»ƒ nhá» báº£o vá»‡ khiÃªng phá»¥, báº£o vá»‡ khÃ´ng Ä‘Ã²i há»i gÃ¬ cáº£ nhÆ°ng náº¿u Ä‘á»“ nhiá»u thÃ¬ mÃ¬nh tip thÃªm cÃ¡c anh má»™t Ã­t."
True,1416,"phÃ²ng rá»™ng rÃ£i, táº¡m Ä‘Æ°á»£c. Gáº§n Há»“ GÆ°Æ¡m trong khu phá»‘ cá»• tiá»‡n Ä‘i chÆ¡i. GiÃ¡ ráº». NhÆ°ng Ra gá»‘i cÃ³ mÃ¹i hÆ¡i hÃ´i, chÄƒn khÃ´ng lá»“ng bÃªn trong mÃ  chá»‰ cÃ³ táº¥m bá»c bÃªn ngoÃ i má»ng. nhÃ _vá»‡_sinh cÅ©, khÃ³ thoÃ¡t nÆ°á»›c bá»“n táº¯m. bÃ n cháº£i Ä‘Ã¡nh rÄƒng giá» nÃ y cÃ²n cho cÃ¡i bÃ n cháº£i cá»©ng khÃ´ng thá»ƒ xÃ i Ä‘Æ°á»£c. khÄƒn táº¯m chá»‰ cho má»—i ngÆ°á»i 1 cÃ¡i vá»«a cÅ©, vá»«a sá»n rÃ¡ch, vá»«a Ãºa mÃ u. Tá»§ láº¡nh hÆ° bá» bÃªn ngoÃ i khÃ´ng xÃ i Ä‘Æ°á»£c. MÃ¡y láº¡nh cÅ© Ä‘iá»u chá»‰nh khÃ´ng Ä‘Æ°á»£c. Gháº¿ sofa dÆ°á»›i lá»… tÃ¢n hÃ´i mÃ¹i áº©m má»‘c."
True,1425,KhÃ¡ lÃ¢u rá»“i má»›i trá»Ÿ láº¡i Ä‘Ã¢y. khu_nghá»‰_mÃ¡t Ä‘Ã£ thay Ä‘á»•i Ä‘áº¹p hÆ¡n ráº¥t nhiá»u. Ä‚n sÃ¡ng lÃªn thá»©c Äƒn hÆ¡i cháº­m
True,1465,"Ãt hoáº¡t Ä‘á»™ng vui chÆ¡i khÃ´, chá»‰ cÃ³ hoáº¡t Ä‘á»™ng ngÃ¢m nÆ°á»›c lÃ  Ä‘a sá»‘ thÃ´i, cÃ´ng viÃªn khá»§ng long thÃ¬ ná»¯a vá»i, chÆ°a tá»›i. CÃ¡ch phá»¥c_vá»¥ vÃ  phÃ²ng á»‘c táº¡i khu nghá»‰ dÆ°á»¡ng thÃ¬ ráº¥t tá»‘t"
True,1478,"khu_nghá»‰_mÃ¡t cÃ³ Ä‘Ã³n khÃ¡ch á»Ÿ sÃ¢n bay nhÆ°ng chá»‰ tá»« 8-5 giá» , mÃ¬nh Ä‘áº¿n lÃºc 9 giá» pháº£i tá»± kiáº¿m xe vá» khÃ¡ch_sáº¡n, khuÃ´n viÃªn thÃ¬ khÃ´ng Ä‘áº¹p"
True,1512,"CÆ¡ sá»Ÿ 2 á»Ÿ sá»‘ 1 Pháº¡m NgÅ© LÃ£o, phÃ²ng á»‘c sáº¡ch_sáº½, nhÃ¢n_viÃªn nhiá»‡t tÃ¬nh, thÃ¢n thiá»‡n, phÃ²ng hÆ¡i bÃ©, Ä‘iá»u hoÃ  lÃ m mÃ¡t hÆ¡i cháº­m vÃ  wifi thá»‰nh thoáº£ng cháº­p chá»n."
True,1519,"khÃ¡ch_sáº¡n Ä‘áº¹p, thÃ­ch nháº¥t lÃ  bÃ£i cá» xanh mÆ°á»›t, nhÃ¢n_viÃªn chu Ä‘Ã¡o, táº­n tÃ¬nh, nhiá»u hoáº¡t Ä‘á»™ng Ä‘a dáº¡ng, chá»‰ tiáº¿c 2 Ä‘iá»u má»™t chÃºt: 1 lÃ  hÃ´m Ä‘áº¿n hÆ¡i mÆ°a nÃªn khÃ´ng Ä‘i thÄƒm nÃ´ng tráº¡i Ä‘Æ°á»£c, 2 lÃ  khÃ¡ch_sáº¡n cÃ³ mua xe Ä‘áº¡p nhÆ°ng chÆ°a Ä‘i vÃ o hoáº¡t Ä‘á»™ng nÃªn chÆ°a thá»ƒ sá»­ dá»¥ng Ä‘Æ°á»£c"
True,1525,"Tráº£i nghiá»‡m táº¡i Fusion khu_nghá»‰_mÃ¡t - Ä‘á»‰nh cao cá»§a sá»± tinh táº¿. Fusion vá»›i khÃ´ng gian ráº¥t thiÃªn nhiÃªn, riÃªng tÆ°, phá»¥c_vá»¥ táº­n tÃ¬nh vÃ  cá»±c ká»³ tinh táº¿. MÃ¬nh ráº¥t thÃ­ch cÃ¡c mÃ³n Äƒn táº¡i PezCÃ¡ , thÃ­ch cÃ¡ch phá»¥c_vá»¥ chu Ä‘Ã¡o Ä‘áº¿n báº¥t ngá» táº¡i Ä‘Ã¢y. Háº¹n vÃ i thÃ¡ng ná»¯a sáº½ quay láº¡i Ä‘á»ƒ tráº£i nghiá»‡m phÃ²ng khung_cáº£nh biá»ƒn táº¡i Ä‘Ã¢y"
True,1541,"khÃ¡ch_sáº¡n ráº¥t lÃ  tá»‘t, phÃ²ng Ä‘áº¹p, khuÃ´n viÃªn rá»™ng rÃ£i vÃ  khÃ´ng khÃ­ trong lÃ nh"
True,1616,"VÃ²i sen há»ng, nhÃ _vá»‡_sinh cÃ³ tiáº¿ng á»“n.
Tá»§ láº¡nh há»ng
"
True,1625,"Ä‚n ngon, phÃ²ng hÆ¡i cÅ©, cÃ³ mÅ©i, há»“ bÆ¡i bÃ£i biá»ƒn Ä‘áº¹p"
True,1663,khÃ¡ch_sáº¡n thiáº¿t káº¿ Ä‘áº¹p. Há»“ bÆ¡i thoáº£i mÃ¡i. PhÃ²ng Ä‘áº¹p. Má»—i tá»™i hÆ¡i xa biá»ƒn
True,1670,"Great stay táº¡i Poshanu khu_nghá»‰_mÃ¡t, Ä‘á»™i ngÅ© nhÃ¢n_viÃªn ráº¥t thÃ¢n thiá»‡n vÃ  chu Ä‘Ã¡o. giÃ¡_cáº£ há»£p lÃ½, tÃ´i nháº­n Ä‘Æ°á»£c nhá»¯ng gÃ¬ tÃ´i mong Ä‘á»£i. Buffet Äƒn sÃ¡ng lÃ  tá»‘t vÃ  nhÃ  hÃ ng cÃ³ táº§m nhÃ¬n ra biá»ƒn tuyá»‡t vá»i. CÄƒn phÃ²ng lá»›n vÃ  ráº¥t sáº¡ch_sáº½ nhÆ°ng 1 Ä‘Ãªm á»Ÿ Ä‘Ã¢y lÃ  khÃ´ng Ä‘á»§, tÃ´i nÃªn á»Ÿ láº¡i lÃ¢u hÆ¡n má»™t chÃºt."
True,1671,"TÃ´i tháº¥y khÃ¡ch_sáº¡n thÃ¬ ok, cÃ¡c báº¡n nhÃ¢n_viÃªn thÃ¬ cÅ©ng khÃ´ng váº¥n Ä‘á» gÃ¬. NhÆ°ng phÃ²ng tÃ´i sÃ¡t bÃªn khu Ä‘ang xÃ¢y dá»±ng nÃªn ráº¥t á»“n, tÃ´i khÃ´ng thá»ƒ ngá»§ Ä‘Æ°á»£c. TÃ´i nghÄ© khÃ¡ch_sáº¡n cÃ³ thá»ƒ tinh Ã½ hÆ¡n vÃ  chá»§ Ä‘á»™ng trong viá»‡c trÃ¡nh xáº¿p phÃ²ng khÃ¡ch á»Ÿ khu Ä‘ang xÃ¢y dá»±ng."
True,1678,"PhÃ¹ há»£p vá»›i ká»³ nghá»‰ cá»§a 2 máº¹ con mÃ¬nh, PhÃ²ng sáº¡ch_sáº½. Tuy nhiÃªn xa biá»ƒn."
True,1684,"Tham quan tá»‘t, nhÃ¢n_viÃªn thÃ¢n thiá»‡n, thoáº£i mÃ¡i Ä‘i cÃ´ng tÃ¡c tá»‘t vá»›i tÃ´i"
True,1696,"MÃ¬nh á»Ÿ cÃ³ 1 Ä‘Ãªm vÃ  trong thá»i gian dá»‹ch nÃªn khÃ¡ch_sáº¡n váº¯ng váº». PhÃ²ng á»‘c ok, sáº¡ch_sáº½. nhÃ¢n_viÃªn thÃ¢n thiá»‡n. khung_cáº£nh Ä‘áº¹p. cÃ³ 1 Ä‘iá»ƒm khÃ´ng hiá»ƒu sao hÃ nh lang táº§ng 20 mÃ¬nh á»Ÿ cÃ³ 2 cÃ¡i bÃ n, cháº­t lá»‘i Ä‘i vÃ  cáº£m giÃ¡c khÃ´ng gá»n_gÃ ng. Äƒn sÃ¡ng theo set thá»±c_Ä‘Æ¡n, cÅ©ng ok."
True,1704,"Ä‘á»“ Äƒn cÃ³ sá»± thay Ä‘á»•i nhÆ°ng khÃ´ng nhiá»u, dá»‹ch_vá»¥ Ä‘i láº¡i phá»¥ thuá»™c nhiá»u vÃ o xe tÃºc tÃºc, mÃ  gá»i xe thÃ¬ quÃ¡ lÃ¢u, cÃ¡ nhÃ¢n tÃ´i Ä‘i mÃ¡t_xa vÃ  pháº£i chá» 1 tiáº¿ng sau má»›i cÃ³ xe Ä‘á»ƒ vá» láº¡i phÃ²ng nghá»‰! ráº¥t báº¥t tiá»‡n, khÃ´ng thá»ƒ Ä‘i tiáº¿p khu trong cá»§a safari máº·c dÃ¹ Ä‘Ã£ mua vÃ© xe Ä‘iá»‡n vip, vÃ¬ sau khi Ä‘i xem show biá»ƒu diá»…n thÃ¬ khÃ´ng cÃ²n xe tÃºc tÃºc, chá» hÆ¡n 30 phÃºt cÅ©ng khÃ´ng cÃ³ xe, nÃªn Ä‘i vá», vÃ¬ trá»i quÃ¡ náº¯ng vÃ  Ä‘Ã´ng."
True,1712,"Nhá»¯ng ngÃ y lá»… nÃªn khÃ¡ch hÆ¡i Ä‘Ã´ng, mÃ  cÃ¡c báº¡n phá»¥c_vá»¥ cÅ©ng ok. NhÆ°ng náº¿u so vá» vá»‹ trÃ­ thÃ¬ khÃ´ng báº±ng nhá»¯ng khu_nghá»‰_mÃ¡t khÃ¡c"
True,1734,"PhÃ²ng trang trÃ­ theo phong cÃ¡ch ÄÃ´ng DÆ°Æ¡ng, khÃ¡ Ä‘áº¹p. nhÃ¢n_viÃªn lá»‹ch sá»±. Há»“ bÆ¡i Ä‘áº¹p, bÃ£i biá»ƒn nhá». Äá»“ Äƒn sÃ¡ng khÃ´ng phong phÃº, mÃ³n nÆ°á»›c náº¥u cho cÃ³."
True,1927,"khÃ´ng xá»©ng Ä‘Ã¡ng 4 sao, Ä‘iá»u hÃ²a cÅ© vÃ  kÃªu quÃ¡ to, phÃ²ng vá»‡ sinh há»ng hÃºt mÃ¹i vÃ  khÃ´ng sáº¡ch_sáº½. TÃ´i lÆ°u trÃº thÃªm sau giá» tráº£_phÃ²ng, khÃ¡ch_sáº¡n bÃ¡o sau 12 giá» chuyá»ƒn chÃºng tÃ´i sang phÃ²ng 2 giÆ°á»ng Ä‘Ã´i háº¡ng tÆ°Æ¡ng Ä‘Æ°Æ¡ng, tuy nhiÃªn, 2 phÃ²ng nÃ y cháº¥t lÆ°á»£ng ráº¥t kÃ©m, chÃºng tÃ´i pháº£i á»Ÿ gáº§n khu vá»±c Ä‘ang thi cÃ´ng cá»§a khÃ¡ch_sáº¡n vÃ  váº«n pháº£i tráº£ thÃªm 50% tiá»n phÃ²ng cá»§a háº¡ng phÃ²ng cÅ©. Náº¿u báº¡n cáº§n khung_cáº£nh Ä‘áº¹p vÃ  KHÃ”NG Cáº¦N nghá»‰ ngÆ¡i tá»‘t, báº¡n hÃ£y chá»n Century Riverside Hue!"
True,1989,"Theo cÃ¡ nhÃ¢n mÃ¬nh kiáº¿n trÃºc cá»§a khÃ¡ch_sáº¡n vÃ  vá»‹ trÃ­ phÃ¹ há»£p vá»›i khÃ¡ch nÆ°á»›c ngoÃ i hÆ¡n, Ä‘á»“ Äƒn ngon, nhÃ¢n_viÃªn khÃ¡ch_sáº¡n nhiá»‡t tÃ¬nh, nhÃ¢n_viÃªn ivivu há»— trá»£ tá»‘t."
True,2113,"PhÃ²ng Ä‘áº¹p, sang trá»ng vÃ  áº¥m cÃºng. Ä‘á»“ Äƒn ngon, cáº£nh ráº¥t Ä‘áº¹p, phÃ¹ há»£p Ä‘i nghá»‰ tuáº§n trÄƒng máº­t cho cÃ¡c cáº·p Ä‘Ã´i"
True,2125,"PhÃ²ng Ä‘áº¹p vá»›i táº§m nhÃ¬n biá»ƒn, phÃ²ng áº¥m cÃºng vÃ  dá»‹ch_vá»¥ lÃ  tá»‘t. Äá»‹a Ä‘iá»ƒm lÃ  bÃ£i biá»ƒn Ä‘á»‘i diá»‡n vÃ  thuáº­n tiá»‡n cho viá»‡c Ä‘i du lá»‹ch"
True,2131,"nhÃ¢n_viÃªn tÆ° váº¥n: há»— trá»£. 

dá»‹ch_vá»¥ khÃ¡ch_sáº¡n: khung_cáº£nh thÃ¬ chÆ°a hÃ i lÃ²ng láº¯m, ban Ä‘áº§u khÃ¡ch_sáº¡n xáº¿p táº§ng 3 nhÆ°ng sau Ä‘Ã³ mÃ¬nh bÃ¡o khÃ¡ch_sáº¡n xáº¿p láº¡i táº§ng 7, mÃ¬nh tháº¥y mÃ¬nh Ä‘áº·t phÃ²ng trá»±c tiáº¿p thÃ¬ tháº¥y há» Æ°u tiÃªn táº§ng cao, nhÆ°ng tuy nhiÃªn khi mÃ¬nh Ä‘áº·t phÃ²ng qua ivivu thÃ¬ chá»‰ Ä‘Æ°á»£c xáº¿p tá»« táº§ng trung bÃ¬nh thÃ´i. CÃ¡c dá»‹ch_vá»¥ khÃ¡c cÅ©ng nhÆ° nhÃ¢n_viÃªn ok. 
"
True,2164,"Tháº­t sá»± ráº¥t Ä‘Ã¡ng Ä‘á»ƒ tráº£i nghiá»‡m khu_nghá»‰_mÃ¡t yÃªu cáº§u nháº­n_phÃ²ng lÃºc 14 giá» vÃ  tráº£_phÃ²ng lÃºc 12h. Kiáº¿n trÃºc thiÃªn vá» phong cÃ¡ch ChÃ¢u Ã‚u pha láº«n nÃ©t cá»• Ä‘iá»ƒn vá»›i tÃ´ng mÃ u chá»§ Ä‘áº¡o lÃ  tráº¯ng, xanh da trá»i káº¿t há»£p ná»™i tháº¥t gÃ´m sá»©. á» báº¥t cá»© Ä‘Ã¢u cÅ©ng cÃ³ thá»ƒ chá»¥p hÃ¬nh sá»‘ng áº£o bao Ä‘áº¹p luÃ´n. nhÃ¢n_viÃªn phá»¥c_vá»¥ nhiá»‡t tÃ¬nh, vui váº» Tháº­t sá»± hÃ i lÃ²ng trong khoáº£ng thá»i gian nghá»‰ dÆ°á»¡ng á»Ÿ Ä‘Ã¢y."
True,2182,"NÆ¡i tá»‘t, dá»‹ch_vá»¥ vÃ  Ä‘á»‹a Ä‘iá»ƒm cho chuyáº¿n Ä‘i ngáº¯n cá»§a tÃ´i. Tiáº¿p tá»¥c, tÃ´i sáº½ quay láº¡i."
True,2196,"khÃ¡ch_sáº¡n sáº¡ch_sáº½, Ä‘áº§y Ä‘á»§ tiá»‡n nghi. giÃ¡_cáº£ há»£p lÃ½, gáº§n khu Äƒn uá»‘ng, khu buÃ´n bÃ¡n Ä‘á»‹a phÆ°Æ¡ng."
True,2215,"PhÃ²ng Ä‘áº¹p, trang trÃ­ ná»™i tháº¥t kiá»ƒu sang trá»ng, nhiá»u gÃ³c sá»‘ng áº£o láº¯m áº¡, nhÃ¢n_viÃªn cá»±c ká»³ thÃ¢n thiá»‡n vÃ  nhiá»‡t tÃ¬nh."
True,2221,"nhÃ¢n_viÃªn Nguyá»…n Trá»ng Äá»©c tÆ° váº¥n ráº¥t tá»‘t !!
khu_nghá»‰_mÃ¡t Amiana ráº¥t Ä‘áº¹p; phÃ²ng nghá»‰ náº±m giá»¯a khu vÆ°á»n xanh mÃ¡t, yÃªn tÄ©nh..
nhÃ¢n_viÃªn khu_nghá»‰_mÃ¡t ráº¥t nhiá»‡t tÃ¬nh, máº¿n khÃ¡ch !!  "
