Sanitary,Index,Comment
True,4,"Victoria Phan Thiáº¿t ráº¥t tá»‘t, tÃ´i khÃ´ng cÃ³ gÃ¬ phÃ n nÃ n háº¿t. ÄÃ¡p á»©ng Ä‘Ãºng yÃªu cáº§u cá»§a tÃ´i. "
True,11,"PhÃ²ng cÃ³ mÃ¹i áº©m, khÃ³ chá»‹u khi nháº­n_phÃ²ng, nhÃ _vá»‡_sinh khÃ´ng Ä‘Ãºng chuáº©n 3 sao. Äá»“ Äƒn sÃ¡ng khÃ´ng ngon vÃ  khÃ´ng Ä‘a dáº¡ng. GiÆ°á»ng ná»‡m vÃ  grap ná»‡m khÃ´ng Ä‘Æ°á»£c sáº¡ch"
True,13,khÃ¡ch_sáº¡n má»›i xÃ¢y nÃªn bÃªn ngoÃ i Ä‘ang lÃ m cÃ´ng trÃ¬nh hÆ¡i dÆ¡ bá»¥i
True,17,"PhÃ²ng á»‘c ráº¥t ok so vá»›i giÃ¡ nhÆ°ng nhÃ  vá»‡ sinh khÃ¡ á»“n báº­t Ä‘iá»‡n lÃªn lÃ  nghe tiáº¿ng mÃ¡y hÃºt giÃ³ vÃ¹ vÃ¹ cá»±c to ,Ä‘i ra biá»ƒn cÅ©ng gáº§n , lá»… tÃ¢n cÅ©ng dá»… thÆ°Æ¡ng nhÆ°ng mÃ  1 Ä‘iá»ƒm xáº¥u nhá» lÃ  máº¥y cÃ´ lao cÃ´ng nÃ³i chuyá»‡n quÃ¡ to,vÃ¬ phÃ²ng khÃ´ng cÃ¡ch Ã¢m nÃªn á»Ÿ trong nghe bÃªn ngoÃ i nÃ³i ráº¥t rÃµ,khÃ¡ch Ä‘ang ngá»§ thÃ¬ máº¥y cÃ´ lao cÃ´ng gÃµ cá»­a dá»n phÃ²ng nÃªn mÃ¬nh tháº¥y khÃ¡ báº¥t tiá»‡n vÃ  hÆ¡i khÃ³ chá»‹u, khÃ¡ch_sáº¡n kháº¯c phá»¥c máº¥y chuyá»‡n lao cÃ´ng nÃ³i chuyá»‡n to vÃ  dá»n phÃ²ng khi khÃ¡ch chÆ°a cÃ³ nhu cáº§u lÃ  ok nhÃ©"
True,19,"TÃ´i cáº£m tháº¥y ráº¥t hÃ i lÃ²ng vá» khu nghá»‰ dÆ°á»¡ng nÃ y . Má»i thá»© á»Ÿ khu_nghá»‰_mÃ¡t Ä‘á»u ráº¥t thoáº£i mÃ¡i , khung cáº£nh ráº¥t Ä‘áº¹p vÃ  yÃªn tÄ©nh ."
True,20,"Oceanami biá»‡t_thá»± CÃ³ vá»‹ trÃ­ thuáº­n tiá»‡n, khuÃ´n viÃªn Ä‘áº¹p, Äƒn sÃ¡ng táº¡m Ä‘Æ°á»£c...Tuy nhiÃªn cÃ³ Ä‘iá»ƒm trá»« lÃ  biá»‡t_thá»± cÃ³ báº¿p mÃ  khÃ´ng cho sá»­ dá»¥ng, bá»™ pháº­n nháº­n_phÃ²ng quÃ¡ táº£i vÃ o ngÃ y cuá»‘i tuáº§n..."
True,26,"Chuyáº¿n Ä‘i ráº¥t tá»‘t, tÃ´i ráº¥t hÃ i lÃ²ng vá» khÃ¡ch_sáº¡n, má»i thá»© tuyá»‡t vá»i. nhÃ¢n_viÃªn ivivu lÃ m viá»‡c ráº¥t chu Ä‘Ã¡o vÃ  táº­n tÃ¢m, cáº£m Æ¡n ivivu Ä‘Ã£ há»— trá»£ ráº¥t nhiá»‡t tÃ¬nh cho chuyáº¿n Ä‘i cá»§a tÃ´i."
True,32,Tá»‘t. KhÃ´ng cÃ³ gÃ¬ phÃ n nÃ n
True,36,"PhÃ²ng Ä‘áº¹p vÃ  rá»™ng rÃ£i, sáº¡ch_sáº½. phá»¥c_vá»¥ chu Ä‘Ã¡o. NhÆ°ng phÃ²ng tÃ´i á»Ÿ sÃ¡t vá»›i cÃ´ng trÃ¬nh nÃªn hÆ¡i á»“n vÃ  bá»¥i. NhÆ°ng nhÃ¬n chung tÃ´i vÃ  gia Ä‘Ã¬nh váº«n thÃ­ch chuyáº¿n Ä‘i. Sau khi sá»­ dá»¥ng dá»‹ch_vá»¥ vá» cáº£m tháº¥y yÃªn tÃ¢m vá» dá»‹ch_vá»¥ cá»§a ivivu vÃ  sáº½ tiáº¿p tá»¥c liÃªn há»‡ cho nhá»¯ng chuyáº¿n Ä‘i káº¿"
True,38,"BÃ£i biá»ƒn cÃ³ bá»ƒ bÆ¡i nÆ°á»›c áº¥m vÃ o mÃ¹a Ä‘Ã´ng nÃªn nhÃ  mÃ¬nh ráº¥t thÃ­ch. Äá»“ Äƒn sÃ¡ng Ä‘a dáº¡ng, trong Ä‘Ã³ cÃ³ phá»Ÿ bÃ² ráº¥t ngon. PhÃ²ng Ä‘áº¹p, nhÃ¢n_viÃªn phá»¥c_vá»¥ niá»m ná»Ÿ, nhiá»‡t tÃ¬nh. Tuy nhiÃªn, do phÃ²ng táº¯m rá»™ng nÃªn vÃ¡ch kÃ­nh trong buá»“ng táº¯m náº¿u cÃ³ thÃªm cÃ¡nh cá»­a thÃ¬ sáº½ áº¥m hÆ¡n vÃ o mÃ¹a Ä‘Ã´ng. khung_cáº£nh thÃ¬ bÃ¬nh thÆ°á»ng do xung quanh váº«n Ä‘ang xÃ¢y dá»±ng dá»Ÿ dang. á» bÃªn nÃ y thÃ¬ qua khu bÃ£i chÃ¡y chÆ¡i hÆ¡i báº¥t tiá»‡n 1 táº¹o. NhÃ  mÃ¬nh ngÃ y 2 láº§n vÃ²ng vÃ¨o qua cáº§u bÃ£i chÃ¡y Ä‘á»ƒ Ä‘i Äƒn uá»‘ng, cÃ  phÃª."
True,43,"Cháº¥t lÆ°á»£ng khÃ¡ch_sáº¡n tá»‘t. Gia Ä‘Ã¬nh tÃ´i hÃ i lÃ²ng, Ä‘Ã£ cÃ³ chuyáº¿n Ä‘i vui váº»"
True,46,"Buffet sÃ¡ng quÃ¡ Ã­t mÃ³n 
KhuÃ´n viÃªn nhiá»u cÃ´ng trÃ¹ng 
BÃ£i biá»ƒn cÃ²n nhiá»u vá» sÃ² á»‘c
Cáº£nh quan Ä‘áº¹p nhÃ¢n_viÃªn phá»¥c_vá»¥ OK 
NhÃ  hÃ ng Äƒn trÆ°a tá»‘i náº¥u Äƒn ngon"
True,52,tuyá»‡t vá»i
True,53,"PhÃ²ng cÃ¡ch Ã¢m tá»‡, quÃ¡ á»“n khÃ´ng nghá»‰ ngÆ¡i Ä‘Æ°á»£c, tá»« hÃ nh lang vÃ o phÃ²ng hÃ´i mÃ¹i cá»‘ng bá»‘c lÃªn, khÃ´ng cÃ³ nhÃ¢n_viÃªn há»— trá»£ mang hÃ nh lÃ½ Ä‘áº¿n phÃ²ng mÃ  khÃ¡ch pháº£i lá»™i bá»™ 1 láº§u Ä‘á»ƒ sÃ¡ch Ä‘á»“ lÃªn. KhÄƒn táº¯m vÃ  giÆ°á»ng gá»‘i hÃ´i mÃ¹i má»“ hÃ´i kinh khá»§ng khÃ´ng thá»ƒ nÃ o cháº¥p nháº­n Ä‘Æ°á»£c."
True,62,Má»i thá»© tÃ´i tháº¥y háº§u  nhÆ° Ä‘á»u tá»‘t. Chuyáº¿n Ä‘i tháº­t sá»± thoáº£i mÃ¡i vÃ  hÃ i lÃ²ng
True,64,khÃ¡ch_sáº¡n má»›i...má»i thá»© á»•n.há»“ bÆ¡i Ä‘áº¹p...
True,66,"khÃ¡ch_sáº¡n sáº¡ch_sáº½, nhÃ¢n_viÃªn dá»… thÆ°Æ¡ng, vá»‹ trÃ­ trung tÃ¢m ráº¥t tiá»‡n cho viá»‡c Ä‘i chÆ¡i. Sáº½ cÃ²n quay láº¡i Ä‘áº·t phÃ²ng."
True,67,"Ráº¥t áº¥n tÆ°á»£ng,  sáº½ sá»­ dá»¥ng thÆ°á»ng xuyÃªn vÃ  giá»›i thiá»‡u báº¡n bÃ¨ sp nÃ y "
True,68,Má»i thá»© Ä‘iá»u ok. Äá»§ Ä‘á»ƒ cho ai thÃ­ch á»Ÿ lÃ¢u ngÃ y Ä‘áº¥y.â¤ï¸â¤ï¸
True,70,Tuyá»‡t vá»i náº¿u cÃ³ láº§n sau nháº¥t Ä‘á»‹nh quay láº¡i.
True,71,"- khÃ´ng cho gá»­i xe mÃ¡y, - phÃ²ng quÃ¡ nhá», - Tivi khÃ´ng má»Ÿ Ä‘Æ°á»£c, - Äiá»‡n thoáº¡i bÃ n khÃ´ng cÃ³ tÃ­n hiá»‡u, khÃ´ng sá»­ dá»¥ng Ä‘Æ°á»£c, - khÃ´ng thÃªm má»›i xÃ  phÃ²ng vÃ  bÃ n cháº£i Ä‘Ã¡nh rÄƒng cho ngÃ y á»Ÿ thá»© hai. - Ä‚n sÃ¡ng quÃ¡ tá»‡ - QuÃ¡ á»“n, tiáº¿ng á»“n tá»« nháº¡c vÃ  cáº£ nhÃ¢n_viÃªn nÃ³i chuyá»‡n phÃ­a ngoÃ i hÃ nh lang - nhÃ¢n_viÃªn khÃ´ng thÃ¢n thiá»‡n. => tÃ³m láº¡i lÃ  ráº¥t tá»‡, khÃ´ng thá»ƒ gá»i lÃ  hotel mÃ  chá»‰ cÃ³ thá»ƒ gá»i lÃ  nhÃ  trá»."
True,73,"ivivu lÃ m viá»‡c nhanh chÃ³ng vÃ  Ä‘áº§y Ä‘á»§ thÃ´ng tin. PhÃ²ng vÃ  dá»‹ch_vá»¥ táº¡i khu nghá»‰ dÆ°á»¡ng ok, má»i viá»‡c tá»‘t"
True,74,Ok
True,81,"TÃ´i tháº¥y khÃ¡ch_sáº¡n cÃ³ cháº¥t lÆ°á»£ng tÆ°Æ¡ng xá»©ng vá»›i giÃ¡_cáº£, cáº£m Æ¡n ivivu Ä‘Ã£ há»— trá»£."
True,84,dá»‹ch_vá»¥ tá»‘t. BÃ£i biá»ƒn buá»•i sÃ¡ng nÆ°á»›c trong veo vÃ  cÃ³ thá»ƒ tháº¥y Ä‘Æ°á»£c cÃ¡.
True,92,Tá»‘t . KhÃ´ng cÃ³ gÃ¬ phÃ n nÃ n !
True,93,"TÃ´i ráº¥t thÃ­ch nÃªn tÃ´i Ä‘Ã£ Ä‘áº¿n Ä‘Ã¢y nhiá»u láº§n, má»i viá»‡c Ä‘á»u tá»‘t cho chuyáº¿n Ä‘i"
True,95,khÃ¡ch_sáº¡n cÃ³ khung_cáº£nh tuyá»‡t Ä‘áº¹p vÃ  dá»‹ch_vá»¥ ráº¥t á»•n. nhÃ¢n_viÃªn phá»¥c_vá»¥ táº­n tÃ¢m lÃ m khÃ¡ch luÃ´n tháº¥y hÃ i lÃ²ng
True,96,"khÃ¡ch_sáº¡n cÃ³ cháº¥t lÆ°á»£ng tá»‘t, chuyáº¿n Ä‘i ráº¥t thuáº­n_lá»£i. ivivu lÃ m viá»‡c chu Ä‘Ã¡o, nhanh vÃ  nhiá»‡t tÃ¬nh."
True,98,"khÃ¡ch_sáº¡n Ä‘áº¹p, sáº¡ch_sáº½, nhÃ¢n_viÃªn thÃ¢n thiá»‡n. Tuy nhiÃªn, dá»‹ch_vá»¥ xe Ä‘iá»‡n hÆ¡i cháº­m do cÃ³ 1 nhÃ¢n_viÃªn. 
khÃ¡ch_sáº¡n tá»‘t cÃ³ dá»‹p sáº½ ghÃ© láº¡i"
True,99,MÃ¬nh ráº¥t Æ°ng Ã½ vÃ  Ä‘Ã¡nh giÃ¡ tá»‘t cho khÃ¡ch_sáº¡n vÃ  cho nhÃ¢n_viÃªn . CÃ¡c báº¡n khÃ¡ lÃ  nhiá»‡t tÃ¬nh
True,103,"khÃ¡ch_sáº¡n Ä‘áº¹p, Äƒn sÃ¡ng ngon, nhÃ¢n_viÃªn ráº¥t tuyá»‡t vá»i."
True,114,"Lá»… tÃ¢n nhiá»‡t tÃ¬nh! khÃ¡ch_sáº¡n ngay trung tÃ¢m Huáº¿! Gáº§n phá»‘ TÃ¢y, Phá»‘ Ä‘i bá»™, SÃ´ng HÆ°Æ¡ng... Tuy nhiÃªn phÃ²ng cÅ©, nÃ³ng! MÃ¡y láº¡nh bá»‹ hÆ° nÃªn cáº§n thiáº¿t thay! MÃ¬nh khÃ´ng tháº¥y khÃ¡ch Ä‘Ã´ng nhÆ°ng yÃªu cáº§u Ä‘á»•i phÃ²ng thÃ¬ Ä‘Æ°á»£c bÃ¡o háº¿t phÃ²ng KhÃ´ng cÃ³ thang mÃ¡y nÃªn leo 4 táº§ng láº§u hÆ¡i phÃª :(((( hy vá»ng khÃ¡ch_sáº¡n kháº¯c phá»¥c"
True,116,"PhÃ²ng á»‘c cÅ©ng ok nhÆ°ng hÆ¡i nhiá»u muá»—i, nhÃ¢n_viÃªn vÃ  dá»‹ch_vá»¥ tá»‘t"
True,119,"dá»‹ch_vá»¥ ráº¥t tá»‘t. Gia Ä‘Ã¬nh tÃ´i Ä‘Ã£ tá»«ng á»Ÿ Ä‘Ã¢y rá»“i, má»i viá»‡c váº«n hÃ i lÃ²ng"
True,124,"khÃ¡ch_sáº¡n sáº¡ch_sáº½, khung_cáº£nh Ä‘áº¹p, nhÃ¢n_viÃªn nhiá»‡t tÃ¬nh, bá»¯a sÃ¡ng ngon, Ä‘iá»ƒm trá»« thang mÃ¡y hÆ¡i cháº­m, bÃ£i táº¯m hÆ¡i xa khÃ¡ch_sáº¡n. In general, tá»‘t value for money"
True,125,MÃ¬nh hÃ i lÃ²ng vá» chuyáº¿n Ä‘i vÃ  cÅ©ng khÃ´ng cÃ³ phÃ n nÃ n gÃ¬ cáº£. táº¥t cáº£ cÃ¡c dá»‹ch_vá»¥ mÃ¬nh Ä‘á»u hÃ i lÃ²ng. nhÃ¢n_viÃªn khÃ¡ch_sáº¡n cÅ©ng nhÆ° ivivu quan tÃ¢m vÃ  chu Ä‘Ã¡o.
True,132,"Tá»‘t láº¯m, chá»‰ cÃ³ mÃ¡y bay bá»‹ dá»i láº¡i thÃ´i, cÃ²n láº¡i ráº¥t hÃ i lÃ²ng."
True,137,"khÃ¡ch_sáº¡n ngay sÃ´ng nÃªn hay cÃ³ mÃ¹i hÆ¡i khÃ³ chá»‹u. CÃ²n láº¡i thÃ¬ nhÃ¢n_viÃªn nhiá»‡t tÃ¬nh, thÃ¢n thiá»‡n, Äƒn sÃ¡ng ngon. NÃ³i chung mÃ¬nh khÃ´ng á»Ÿ phÃ²ng cÃ³ nhiá»u cÃ´n trÃ¹ng nÃªn cáº£m tháº¥y khÃ¡ch_sáº¡n ráº¥t thoáº£i mÃ¡i. Nháº¥t Ä‘á»‹nh cÃ³ cÆ¡ há»™i sáº½ quay láº¡i"
True,141,"Victoria Phan Thiáº¿t ráº¥t tá»‘t, tÃ´i khÃ´ng cÃ³ gÃ¬ phÃ n nÃ n háº¿t. ÄÃ¡p á»©ng Ä‘Ãºng yÃªu cáº§u cá»§a tÃ´i. "
True,142,"KhÃ´ng gian tiá»‡n nghi, phÃ²ng á»‘c sáº¡ch_sáº½"
True,145,"Bá»¯a sÃ¡ng chÆ°a tháº­t sá»± ngon vÃ  phong phÃº, cÃ²n láº¡i má»i thá»© Ä‘á»u ráº¥t tuyá»‡t!"
True,149,"khÃ¡ch_sáº¡n nÃ y má»i thá»© Ä‘á»u ráº¥t tá»‘t khÃ´ng cÃ³ gÃ¬ pháº£i phÃ n nÃ n cáº£, chá»‰ cÃ³ Ä‘iá»u báº¥t tiá»‡n duy nháº¥t khi á»Ÿ Ä‘Ã¢y lÃ  bÃ£i biá»ƒn khÃ´ng táº¯m Ä‘Æ°á»£c vÃ¬ nhiá»u Ä‘Ã¡. VÃ  dá»‹ch_vá»¥ Ä‘áº·t phÃ²ng cá»§a ivivu lÃ m tÃ´i ráº¥t hÃ i lÃ²ng"
True,155,"Khu nghá»‰ dÆ°á»¡ng phá»¥c_vá»¥ tÃ´i khÃ´ng phÃ n nÃ n gÃ¬, tháº¥y ráº¥t thÃ­ch luÃ´n"
True,164,"khÃ¡ch_sáº¡n Ä‘áº¹p dá»‹ch_vá»¥ tá»‘t, nhÃ¢n_viÃªn dá»… thÆ°Æ¡ng"
True,165,"Má»i thá»© ráº¥t lÃ  hoÃ n háº£o, tÃ´i hÃ i lÃ²ng vá» khÃ¡ch_sáº¡n vÃ  nhÃ¢n_viÃªn ivivu. Náº¿u cÃ³ cÆ¡ há»™i tÃ´i sáº½ tiáº¿p tá»¥c á»§ng há»™ cÃ´ng ty. Cáº£m Æ¡n cÃ´ng ty nhiá»u"
True,171,"khu_nghá»‰_mÃ¡t á»Ÿ tÃ´i tháº¥y ok, nhÃ¢n_viÃªn chu Ä‘Ã¡o."
True,174,"khu_nghá»‰_mÃ¡t khÃ¡ Ä‘áº¹p , nhÃ¢n_viÃªn chu Ä‘Ã¡o tuy nhiÃªn hÆ¡i xa trung tÃ¢m (35km) vÃ  buffet sÃ¡ng cáº§n cáº£i thiá»‡n"
True,175,"khu_nghá»‰_mÃ¡t tÃ´i Æ°ng láº¯m, gia Ä‘Ã¬nh tÃ´i hÃ i lÃ²ng chuyáº¿n Ä‘i nÃ y. Báº¡n PhÆ°Æ¡ng Thanh Ä‘áº¿n ngÃ y Ä‘i cÃ²n nháº¯c láº¡i tÃ´i ná»¯a, cÃ³ tháº¯c máº¯c gÃ¬ thÃ¬ báº¡n giáº£i Ä‘Ã¡p háº¿t. "
True,178,khu_nghá»‰_mÃ¡t má»›i xÃ¢y nÃªn cÃ²n nhiá»u thá»© chÆ°a Ä‘Ã¢u vÃ o Ä‘Ã¢u
True,180,"Tuyá»‡t vá»i vÃ  tháº­t sá»± háº¡nh phÃºc khi á»Ÿ Ä‘Ã¢y
"
True,181,"Cháº¥t lÆ°á»£ng khÃ¡ch_sáº¡n ráº¥t tá»‘t,  phÃ²ng á»‘c sáº¡ch_sáº½ vÃ  Ä‘á»“ Äƒn ngon. Vá» nhÃ¢n_viÃªn ivivu nhiá»‡t tÃ¬nh vÃ  nhanh chÃ³ng  Ä‘áº§y Ä‘á»§ thÃ´ng tin."
True,182,"nhÃ¢n_viÃªn thÃ¢n thiá»‡n, mÃ´i trÆ°á»ng sáº¡ch_sáº½, tuy nhiÃªn cáº§n chÄƒm sÃ³c cáº£nh quan, cÃ¢y cá»‘i hÆ¡n."
True,187,"khÃ¡ch_sáº¡n Ä‘áº¹p, rá»™ng rÃ£i, thoÃ¡ng. nhÃ¢n_viÃªn há»— trá»£ nhiá»‡t tÃ¬nh, nhanh chÃ³ng. MÃ¬nh ráº¥t hÃ i lÃ²ng."
True,189,"dá»‹ch_vá»¥ ok, nhÆ°ng mÃ³n Äƒn khÃ´ng há»£p kháº©u vá»‹. nhÃ¢n_viÃªn nhiá»‡t tÃ¬nh."
True,191,"dá»‹ch_vá»¥ khÃ¡ch_sáº¡n ok, mÃ¬nh cáº£m tháº¥y hÃ i lÃ²ng, khung_cáº£nh Ä‘áº¹p, nhÃ¢n_viÃªn phá»¥c_vá»¥ chu Ä‘Ã¡o. 
nhÃ¢n_viÃªn tÆ° váº¥n: nhanh nháº¹n vÃ  chuyÃªn nghiá»‡p. "
True,196,"Khu nghá»‰ dÆ°á»¡ng cÃ³ cáº£nh Ä‘áº¹p, phÃ²ng thoáº£i mÃ¡i, sáº¡ch_sáº½, nhÃ¢n_viÃªn phá»¥c_vá»¥ dá»… thÆ°Æ¡ng, gáº§n máº·t Ä‘Æ°á»ng nÃªn tiá»‡n Ä‘i láº¡i, Äƒn uá»‘ng. dá»‹ch_vá»¥ cá»§a ivivu lÃ m tÃ´i ráº¥t hÃ i lÃ²ng, tÆ° váº¥n viÃªn vui váº», nhiá»‡t tÃ¬nh, dá»‹ch_vá»¥ cháº¥t lÆ°á»£ng tá»‘t."
True,201,"Cháº¥t lÆ°á»£ng khÃ¡ch_sáº¡n ráº¥t tá»‘t. CÃ¡c báº¡n nhÃ¢n_viÃªn há»— trá»£ mÃ¬nh ráº¥t nhiá»‡t tÃ¬nh, nhanh chÃ³ng. MÃ¬nh ráº¥t hÃ i lÃ²ng vá» chuyáº¿n Ä‘i nÃ y."
True,210,"nhÃ¢n_viÃªn ivivu ráº¥t vui váº» vÃ  nhiá»‡t tÃ¬nh, cáº£m Æ¡n ivivu Ä‘Ã£ tÆ° váº¥n khÃ¡ch_sáº¡n nÃ y cho chuyáº¿n Ä‘i cá»§a tÃ´i, má»i thá»© hoÃ n háº£o, tá»« cháº¥t lÆ°á»£ng phÃ²ng á»‘c Ä‘áº¿n thÃ¡i Ä‘á»™ nhÃ¢n_viÃªn. Sáº½ liÃªn há»‡ ivivu cÅ©ng nhÆ° Ä‘áº·t khÃ¡ch_sáº¡n nÃ y trong khi cÃ³ káº¿ hoáº¡ch."
True,222,"tÃ´i cÃ³ 1 ká»³ nghá»‰ tháº­t tuyá»‡t vá»i táº¡i Ä‘Ã¢y, phÃ²ng á»‘c sáº¡ch_sáº½, Ä‘áº¹p, nhÃ¢n_viÃªn thÃ¢n thiá»‡n"
True,225,"Äáº¹p, nhÆ°ng nÃªn má»Ÿ bá»ƒ bÆ¡i vÃ o sÃ¡ng sá»›m thay vÃ¬ 8 giá» sÃ¡ng nhÆ° hiá»‡n táº¡i."
True,238,"phÃ²ng sáº¡ch_sáº½, nhÃ¢n_viÃªn nhiá»‡t tÃ¬nh, tÃ´i Ä‘Ã£ á»Ÿ máº¥y láº§n Ä‘á»u tháº¥y thoáº£i mÃ¡i"
True,247,"khÃ¡ch_sáº¡n ráº¥t tuyá»‡t vá»i, chuyáº¿n Ä‘i ráº¥t lÃ  vui, nhÃ¢n_viÃªn tÆ° váº¥n há»— trá»£ háº¿t sá»©c, pháº£i cho 10 Ä‘iá»ƒm. Láº§n sau láº¡i Ä‘i tiáº¿p cá»§a ivivu."
True,259,"TÃ´i tháº¥y tá»‘t vá» má»i thá»©.khÃ¡ch_sáº¡n vÃ  nhÃ¢n_viÃªn Ä‘á»u tá»‘t,nhÃ¢n_viÃªn ivivu tÆ° váº¥n nhanh nháº¹n nhiá»‡t tÃ¬nh."
True,260,"nhÃ¢n_viÃªn ráº¥t thÃ¢n thiá»‡n, thÃ¡i Ä‘á»™ phá»¥c_vá»¥ chu Ä‘Ã¡o, nhÃ  hÃ ng náº¥u Äƒn ngon vÃ  sáº¡ch_sáº½. Khung cáº£nh yÃªn tÄ©nh, phÃ¹ há»£p vá»›i nghá»‰ dÆ°á»¡ng."
True,271,"Ráº¥t tá»‘t, yÃªn tÄ©nh, Ä‘áº§y Ä‘á»§ tiá»‡n nghi"
True,291,"Xuáº¥t sáº¯c vá» khÃ¡ch_sáº¡n cÅ©ng nhÆ° nhÃ¢n_viÃªn há»— trá»£. Tuy nhiÃªn, giÃ¡ hÆ¡i cao. "
True,292,"Tá»‘t nhÆ°ng muá»—i khÃ¡ nhiá»u , Ä‘á» nghá»‹ phun thuá»‘c trá»« muá»—i nhiá»u hÆ¡n "
True,298,Ráº¥t tá»‘t
True,304,"Má»i thá»© tÃ´i tháº¥y bÃ¬nh thÆ°á»ng, "
True,308,PhÃ²ng chÆ°a Ä‘Æ°á»£c dá»n khi khÃ¡ch lÃªn nháº­n phÃ²ng
True,310,"Má»i viá»‡c tá»‘t Ä‘áº¹p, gia Ä‘Ã¬nh tÃ´i hÃ i lÃ²ng"
True,314,"khu_nghá»‰_mÃ¡t thÃ­ch há»£p Ä‘á»ƒ nghá»‰ dÆ°á»¡ng. KhÃ´ng khÃ­ trong lÃ nh, cáº£nh quang háº¿t há»£p hÃ i hoÃ  vá»›i thiÃªn nhiÃªn, nhÃ  hÃ ng cÃ³ Ä‘á»“ Äƒn sáº¡ch, khÃ¡ ngon CÃ³ khu vui chÆ¡i Ä‘á»ƒ giáº£i trÃ­"
True,318,"Khu nghá»‰ mÃ¡t nÃ y lÃ  ráº¥t hÃ²a bÃ¬nh vÃ  thiÃªn nhiÃªn thÃ¢n thiá»‡n. TÃ´i khÃ¡ áº¥n tÆ°á»£ng vá»›i khu vÆ°á»n cÃ³ mÃ  hoÃ n toÃ n tÆ°Æ¡i, xanh lÃ¡ cÃ¢y vÃ  Ä‘áº§y hoa. CÄƒn phÃ²ng tÃ´i Ä‘áº·t lÃ  tá»‘t Ä‘áº¹p vÃ  thoáº£i mÃ¡i loáº¡i trá»« má»™t sá»‘ dáº¥u váº¿t báº©n trÃªn gháº¿ sofa vÃ  má»™t Ã¡nh sÃ¡ng bá»‹ há»ng trong phÃ²ng táº¯m. TÃ´i áº¥n tÆ°á»£ng vá»›i kÃ­ch thÆ°á»›c cá»§a cÄƒn phÃ²ng vÃ  phÃ²ng táº¯m cá»§a nÃ³ mÃ  tÃ´i nghÄ© sáº½ phÃ¹ há»£p cho gia Ä‘Ã¬nh cÃ³ tráº» em. CÃ¡c nhÃ¢n_viÃªn siÃªu thÃ¢n thiá»‡n. TÃ´i khuyÃªn báº¡n nÃªn cho Poshanu mÃ³n hotspot cho bá»¯a Äƒn trÆ°a hoáº·c Äƒn tá»‘i, nÃ³ khÃ¡ táº¡i Ä‘á»‹a phÆ°Æ¡ng vÃ  quan trá»ng Ä‘á»‘i vá»›i kinh nghiá»‡m cá»§a báº¡n."
True,334,"TÃ´i Ä‘Ã£ cÃ³ má»™t ká»³ nghá»‰ thoáº£i mÃ¡i vÃ  vui váº» táº¡i Ä‘Ã¢y.. phÃ²ng rá»™ng rÃ£i, thoÃ¡ng mÃ¡t. Lá»… tÃ¢n ráº¥t hoÃ  Ä‘á»“ng."
True,335,"Má»i thá»© á»Ÿ khu nghá»‰ dÆ°á»¡ng Ä‘á»u ráº¥t tá»‘t, tÃ´i khÃ´ng cÃ³ gÃ¬ pháº£i phiá»n lÃ²ng cáº£. CÃ¡c báº¡n nhÃ¢n_viÃªn tÆ° váº¥n bÃªn ivivu há»— trá»£ tÃ´i nhiá»‡t tÃ¬nh, nhanh chÃ³ng."
True,339,"Cháº¥t lÆ°á»£ng khÃ¡ch_sáº¡n ráº¥t tá»‘t,  phÃ²ng á»‘c sáº¡ch_sáº½ vÃ  Ä‘á»“ Äƒn ngon. Vá» nhÃ¢n_viÃªn ivivu nhiá»‡t tÃ¬nh vÃ  nhanh chÃ³ng  Ä‘áº§y Ä‘á»§ thÃ´ng tin."
True,343,"PhÃ²ng cÅ©, á»Ÿ 3 ngÃ y nhÆ°ng khÃ´ng há» dá»n phÃ²ng. PhÃ²ng nhá» xÃ­u. NÃ³i chung tá»‡ vÃ  sáº½ khÃ´ng quay trá»Ÿ láº¡i"
True,345,TÃ´i tháº¥y khÃ¡ch_sáº¡n vÃ  dá»‹ch_vá»¥ bÃªn ivivu Ä‘á»u ok.
True,349,TÃ´i ráº¥t hÃ i lÃ²ng vá»›i dá»‹ch_vá»¥ .NÃ³i chung má»i sá»± Ä‘á»u tuyá»‡t vá»iğŸ‘â¤ï¸ğŸ‘â¤ï¸ğŸ‘
True,356,"Má»i thá»© vá» khÃ¡ch_sáº¡n Ä‘á»u tá»‘t, phÃ²ng á»‘c rá»™ng rÃ£i nhÆ°ng tÃ´i tháº¥y Äƒn sÃ¡ng khÃ´ng Ä‘Æ°á»£c ngon"
True,357,"KhÃ´ng cÃ³ thang mÃ¡y, á»Ÿ táº§ng trÃªn Ä‘i má»i chÃ¢n, má»i thá»© khÃ¡c ok"
True,359,Bá»¯a sÃ¡ng tá»± chá»n tá»“i tá»‡. Bá»ƒ bÆ¡i báº©n. Ná»™i tháº¥t khÃ´ng tÆ°Æ¡m táº¥t nhÆ° giá»›i thiá»‡u. ÄÃ£ cÃ³ nhá»¯ng tráº£i nghiá»‡m tá»“i tá»‡ vá»›i phÃ²ng táº¯m á»Ÿ Táº§ng 3.
True,360,CÆ¡ sá»Ÿ váº­t cháº¥t quÃ¡ cÅ©. Há»“ bÆ¡i thÃ¬ dÆ¡.
True,363,dá»‹ch_vá»¥ khÃ¡ch_sáº¡n tá»‘t . Má»i thá»© TÃ´i Ä‘á»u hÃ i lÃ²ng .
True,371,"Khu nghá»‰ dÆ°á»¡ng Ä‘áº¹p, cháº¥t lÆ°á»£ng tá»‘t tá»« phÃ²ng á»‘c Ä‘áº¿n dá»‹ch_vá»¥"
True,379,khÃ¡ch_sáº¡n tá»‘t! PhÃ²ng Ä‘áº¹p! Há»“ bÆ¡i Ä‘áº¹p.
True,381,Tuyá»‡t vá»i. MÃ¬nh ráº¥t thÃ­ch nhá»¯ng chá»— nghá»‰ cá»§a vinpearl
True,382,"MÃ¬nh Ä‘i chÆ¡i ráº¥t vui, phÃ²ng khÃ¡ch_sáº¡n Ä‘áº¹p thoÃ¡ng mÃ¡t, Ä‘á»“ Äƒn ngon. Cáº£m Æ¡n ivivu nhÃ©."
True,398,Phong cáº£nh Ä‘áº¹p. khÃ¡ch_sáº¡n tiá»‡n_Ã­ch. HÃ i lÃ²ng
True,400,khÃ¡ch_sáº¡n mang Ä‘áº¿n cho gia Ä‘Ã¬nh mÃ¬nh 1 tráº£i nghiá»‡m tá»‘t. Chá»‰ tiáº¿c lÃ  do váº¯ng khÃ¡ch vÃ¬ thá»i Ä‘iá»ƒm dá»‹ch cÅ©ng nhÆ° khÃ´ng pháº£i mÃ¹a cao Ä‘iá»ƒm nÃªn bá»¯a sÃ¡ng thÃ nh chá»n mÃ³n. Tuy nhiÃªn Ä‘á»“ Äƒn bá»¯a sÃ¡ng cÅ©ng khÃ¡ ngon.
True,405,"khÃ¡ch_sáº¡n Ä‘áº¹p, vÆ°á»n rau thuá»· canh trÃªn sÃ¢n thÆ°á»£ng ráº¥t háº¥p dáº«n. nhÃ¢n_viÃªn khÃ¡ch_sáº¡n nhiá»‡t tÃ¬nh, mÃ¬nh Ä‘áº¿n sá»›m hÆ¡n giá» nháº­n phÃ²ng, nhÆ°ng khÃ¡ch_sáº¡n váº«n cho nháº­n phÃ²ng luÃ´n."
True,416,"Má»i thá»© Ä‘iá»u tá»‘t. dá»‹ch_vá»¥ cá»§a ivivu ráº¥t ok, láº§n sau tÃ´i sáº½ tiáº¿p tá»¥c sá»­ dá»¥ng"
True,417,"Victoria Phan Thiáº¿t khÃ´ng cÃ³ váº¥n Ä‘á» gÃ¬, má»i thá»© Ä‘á»u tá»‘t. "
True,419,"khÃ¡ch_sáº¡n ok. nhÃ¢n_viÃªn tÆ° váº¥n nhiá»‡t tÃ¬nh, giÃ¡ ráº»."
True,420,"phÃ²ng Ä‘áº¹p, Ä‘á»“ Äƒn ngon, nhÃ¢n_viÃªn nhiá»‡t tÃ¬nh"
True,424,"nhÃ¢n_viÃªn ráº¥t thÃ¢n thiá»‡n, thÃ¡i Ä‘á»™ phá»¥c_vá»¥ chu Ä‘Ã¡o, nhÃ  hÃ ng náº¥u Äƒn ngon vÃ  sáº¡ch_sáº½. Khung cáº£nh yÃªn tÄ©nh, phÃ¹ há»£p vá»›i nghá»‰ dÆ°á»¡ng."
True,425,"khÃ¡ch_sáº¡n Ä‘áº¹p, nhÃ¢n_viÃªn phá»¥c_vá»¥ nhiá»‡t tÃ¬nh, nÃ³i nhiá»u tiáº¿ng anh :( "
True,431,PhÃ²ng diá»‡n tÃ­ch nhá». CÃ²n láº¡i Ä‘á»u ok
True,438,khÃ¡ch_sáº¡n ok. Má»—i tiáº¿p tÃ¢n lÃ  chÆ°a nhiá»‡t tÃ¬nh láº¯m
True,442,"Má»i thá»© ok cáº£, chuyáº¿n Ä‘i tá»‘t"
True,445,"dá»‹ch_vá»¥ khÃ¡ch_sáº¡n hÃ i lÃ²ng, má»i thá»© Ä‘á»u tá»‘t. dá»‹ch_vá»¥ ivivu tá»‘t, nhÃ¢n_viÃªn tÆ° váº¥n tá»‘t, má»i thá»© Ä‘á»u tá»‘t háº¿t"
True,453,"khÃ¡ch_sáº¡n hiá»‡n Ä‘áº¡i, phÃ²ng sáº¡ch_sáº½, báº¡n nam lá»… tÃ¢n ráº¥t dá»… thÆ°Æ¡ng vÃ  nhiá»‡t tÃ¬nh. Vá»‹ trÃ­ khÃ¡ch_sáº¡n gáº§n biá»ƒn, phÃ²ng táº§ng cao khung_cáº£nh ráº¥t Ä‘áº¹p. Chá»‰ cÃ³ wifi hÆ¡i cháº­m"
True,456,PhÃ²ng Ä‘áº¹p thoÃ¡ng khÃ´ng gian nhá» nhÆ°ng thÃº vá»‹
True,459,"khÃ¡ch_sáº¡n ngay trung tÃ¢m nÃªn thuáº­n tiá»‡n cho viá»‡c di chuyá»ƒn. CÅ©ng Ä‘áº§y Ä‘á»§ cÃ¡c nhu cáº§u cáº§n thiáº¿t (táº¯m nÃ³ng láº¡nh, Ä‘iá»u hoÃ , tivi, tá»§ láº¡nh) cho viá»‡c nghá»‰ ngÆ¡i sinh hoáº¡t ngáº¯n ngÃ y. PhÃ²ng hÆ¡i cÅ©, nhá», nhÆ°ng yÃªn tÄ©nh. Ngang vá»›i tÃªn nhÃ  nghá»‰ sáº½ há»£p lÃ½ hÆ¡n. GiÃ¡ cÅ©ng dá»… chá»‹u bá»Ÿi láº½ á»Ÿ trung tÃ¢m mÃ . Náº¿u cÃ³ dá»‹p Ä‘i Há»“ ChÃ­ Minh mÃ¬nh váº«n Ä‘áº·t á»Ÿ Ä‘Ã¢y."
True,461,"dá»‹ch_vá»¥ khÃ¡ch_sáº¡n ok láº¯m, cÃ¡i gÃ¬ cÅ©ng tá»‘t háº¿t, báº¡n Danh nhÃ¢n_viÃªn ivivu há»— trá»£ ráº¥t nhiá»‡t tÃ¬nh luÃ´n"
True,462,"- vá»‹ trÃ­: khÃ¡ xa Thá»‹ tráº¥n ÄÃ´ng DÆ°Æ¡ng, sÃ¢n bay... nhÆ°ng thÃ­ch há»£p nghá»‰ dÆ°á»¡ng.. - phÃ²ng háº§u nhÆ° giá»‘ng vá»›i há»‡ thá»‘ng Vinpearl khÃ¡c. sáº¡ch_sáº½, Ä‘áº§y Ä‘á»§ tiá»‡n nghi... - Ä‘áº·c biá»‡t cÃ³ ho boi Ä‘áº¹p vÃ  cÃ´ng viÃªn nÆ°á»›c tráº» em bÃªn trong khu_nghá»‰_mÃ¡t. - buffet sÃ¡ng cÅ©ng khÃ¡ nhiá»u mÃ³n."
True,465,"khÃ¡ch_sáº¡n VinOasis cÃ³ dá»‹ch_vá»¥ Ä‘Æ°a vÃ  Ä‘Ã³n khÃ¡ch táº¡i SÃ¢n bay PhÃº Quá»‘c ráº¥t tá»‘t. nhÃ¢n_viÃªn lá»‹ch sá»±, nhÃ£ nháº·n vÃ  thanh lá»‹ch. Tuy nhiÃªn, thá»i gian nháº­n_phÃ²ng cho khÃ¡ch nháº­n phÃ²ng khÃ¡ lÃ  cháº­m do tÃ¡c phong vÃ  váº­n hÃ nh cÃ²n khÃ¡ Ä‘Æ¡n giáº£n, thiáº¿u sá»± chuyÃªn nghiá»‡p. CÅ©ng may lÃ  trong lÃºc khÃ¡ch lÃ¢y láº¥t chá» Ä‘á»£i Ä‘Æ°á»£c nháº­n phÃ²ng thÃ¬ khÃ¡ch_sáº¡n cÃ³ cung cáº¥p nÆ°á»›c uá»‘ng chÃ o má»«ng Ä‘Æ°á»£c miá»…n phÃ­. PhÃ²ng Ä‘áº¹p, sáº¡ch, yÃªn tÄ©nh. Ä‚n sÃ¡ng náº¥u ngon, mÃ³n Äƒn phong phÃº cáº£ Ã‚u vÃ  Ã nÃªn ráº¥t phÃ¹ há»£p cho cÃ¡c loáº¡i khÃ¡ch. KhÃ´ng cÃ³ dá»¥ng cá»¥ cáº¡o rÃ¢u cung cáº¥p sáºµn trong phÃ²ng nhÆ° cÃ¡c khÃ¡ch_sáº¡n bÃ¬nh thÆ°á»ng khÃ¡c. NÃªn cáº£i thiá»‡n Ä‘iá»u nÃ y"
True,473,"nhÃ¢n_viÃªn tÆ° váº¥n: nhiá»‡t tÃ¬nh vÃ  há»— trá»£ ráº¥t nhiá»u. 
dá»‹ch_vá»¥ khÃ¡ch_sáº¡n: nÃ³i chung vá»«a Ä‘áº¿n khu_nghá»‰_mÃ¡t tÃ´i vÃ  gia Ä‘Ã¬nh Ä‘Ã£ Ä‘Æ°á»£c Ä‘Ã³n chÃ o ná»“ng nhiá»‡t, phÃ²ng á»Ÿ thÃ¬ cÅ©ng Ä‘Æ°á»£c dá»n sáº¡ch_sáº½, nÃ³i chung lÃ  á»Ÿ ráº¥t tháº¥y thoáº£i mÃ¡i, Ä‘Æ°á»£c sá»­ dá»¥ng cÃ¡c dá»‹ch_vá»¥ trong gÃ³i. "
True,475,"ÄÃ¡nh giÃ¡ cá»§a an ninh an toÃ n vÃ  cÃ¡ch khu nghá»‰ khÃ´ng thiáº¿t káº¿ khÃ³a tháº» phÃ²ng nhÆ° cÃ¡c chá»— khÃ¡c chÃ­nh lÃ  má»©c báº£o Ä‘áº£m tá»‘i Ä‘a nháº¥t. PhÃ²ng á»‘c sáº¡ch Ä‘áº¹p, Ä‘á»“ Äƒn khÃ´ng quÃ¡ nhiá»u nhÆ°ng Ä‘á»§ Ä‘á»ƒ láº¡i áº¥n tÆ°á»£ng cho du khÃ¡ch. nhÃ¢n_viÃªn nhiá»‡t tÃ¬nh vÃ  gáº§n gÅ©i."
True,477,"Movenpick khu_nghá»‰_mÃ¡t Cam ranh : PhÃ²ng má»›i, khung_cáº£nh Ä‘áº¹p, Äƒn sÃ¡ng ngon phong phÃº, bÃ£i biá»ƒn tuyá»‡t vá»i. NhÃ  hÃ ng Ã­t mÃ³n Äƒn chÆ°a phong phÃº , dá»‹ch_vá»¥ giáº£i trÃ­ háº¡n cháº¿"
True,478,MÃ´i trÆ°á»ng thÃ¢n thiá»‡n. Bá»¯a sÃ¡ng giÃ¡ trá»‹. Gáº§n GrandWorld
True,480,"CÅ©ng ráº¥t ok vá» má»i máº·t, Cháº¯c láº§n sau sáº½ quay láº¡i."
True,487,"NgÃ y Ä‘áº§u mÃ¡y láº¡nh hÆ° nÃªn tÃ´i Ä‘Ã£ yÃªu cáº§u Ä‘á»•i phÃ²ng khÃ¡c, pháº£i Ä‘á»•i Ä‘áº¿n máº¥y phÃ²ng má»›i ok. VÃ¬ mÃ¡y láº¡nh dÆ°á»ng nhÆ° cÅ© rá»“i, khÃ´ng láº¡nh"
True,501,"PhÃ²ng thiáº¿t káº¿ Ä‘áº¹p sáº¡ch_sáº½, khÃ´ng gian yÃªn tÄ©nh thoáº£i mÃ¡i"
True,502,Cáº£m Æ¡n nhÃ¢n_viÃªn ivivu  há»— trá»£ tÃ´i nhiá»‡t  tÃ¬nh  vÃ  chu Ä‘Ã¡o. khÃ¡ch_sáº¡n ráº¥t tá»‘t Ä‘Ãºng vá»›i tiÃªu chuáº©n 5 sao.
True,503,"khÃ¡ch_sáº¡n cÃ³ cháº¥t lÆ°á»£ng ráº¥t tá»‘t, sÃ¡t biá»ƒn, phÃ²ng Ä‘áº¹p vÃ  sang trá»ng. nhÃ¢n_viÃªn ivivu lÃ m viá»‡c ráº¥t chu Ä‘Ã¡o, lá»‹ch sá»± vÃ  nhanh chÃ³ng."
True,508,khÃ¡ch_sáº¡n hÆ¡i cÅ© nhÆ°ng cÆ¡ báº£n lÃ  á»Ÿ Ä‘Æ°á»£c vá»›i giÃ¡ tiá»n Ä‘Ã³.
True,510,"khÃ¡ch_sáº¡n ná»™i tháº¥t quÃ¡ cÅ©, ná»™i tháº¥t nhÃ _vá»‡_sinh Ä‘Ã£ hÆ° há»ng háº¿t."
True,511,"PhÃ²ng Victoria Phan Thiáº¿t cÃ³ mÃ¹i thÆ¡m thoang thoáº£ng ráº¥t dá»… chá»‹u. 
MÃ¬nh sáº½ quay láº¡i"
True,518,"Ks phÃ²ng Ä‘áº¹p, Äƒn sÃ¡ng ngon. Tuy hÆ¡i Ä‘Ã´ng Ä‘Ãºc nhÆ°ng váº«n á»•n, nhá»™n nhá»‹p. nhÃ¢n_viÃªn ivivu dá»… thÆ°Æ¡ng há»— trá»£ nhiá»‡t tÃ¬nh (Ms. Liá»…u). Cáº£m Æ¡n ivivu "
True,529,"khÃ¡ch_sáº¡n ráº¥t xá»©ng Ä‘Ã¡ng dá»‹ch_vá»¥ 5 sao. khÃ´ng cÃ³ gÃ¬ pháº£i phÃ n nÃ n, biá»ƒn Ä‘áº¹p, khu trÃ² chÆ¡i ráº¥t nhiá»u trÃ², bao Äƒn 3 bá»¯a trong ngÃ y. TÃ´i ráº¥t hÃ i lÃ²ng vá» dá»‹ch_vá»¥ cá»§a ivivu"
True,532,viá»‡c nháº­n_phÃ²ng quÃ¡ cháº­m mÃ  khÃ´ng biáº¿t lá»—i tá»« trang máº¡ng hay tá»« khÃ¡ch_sáº¡n?
True,536,"khÃ¡ch_sáº¡n  thoáº£i mÃ¡i, Ä‘áº¹p, cháº¥t lÆ°á»£ng vá» dá»‹ch_vá»¥ vÃ  nhÃ¢n_viÃªn tá»‘t"
True,539,"khÃ¡ch_sáº¡n Ä‘áº¹p, nhÃ¢n_viÃªn phá»¥c_vá»¥ nhiá»‡t tÃ¬nh, nÃ³i nhiá»u tiáº¿ng anh :( "
True,545,"dá»‹ch_vá»¥ tá»‘t, nhÃ¢n_viÃªn phá»¥c_vá»¥ chu Ä‘Ã¡o, thÃ¢n thiá»‡n, tuy nhiÃªn, mÃ¬nh tháº¥y khÃ¡ch_sáº¡n lÃ¢u Ä‘á»i rá»“i nÃªn nhÃ¬n cÃ³ váº» hÆ¡i cÅ© 1 chÃºt, cÃ¡c dá»‹ch_vá»¥ khÃ¡c Ä‘á»u á»•n. 
ivivu: tá»‘t, vÃ  tÆ° váº¥n nhiá»‡t tÃ¬nh. "
True,552,Má»i thá»© ráº¥t tá»‘t
True,553,"dá»‹ch_vá»¥ khÃ¡ch_sáº¡n ráº¥t tá»‘t. Tuy nhiÃªn nhÃ  vá»‡ sinh khi táº¯m dá»… bá»‹ trÃ n nÆ°á»›c ra sÃ n, ráº¥t tiáº¿c vÃ¬ Ä‘iá»u nÃ y, má»i thá»© Ä‘á»u phá» phá»‡ch trá»« cÃ¡i nhÃ _vá»‡_sinh nÃ y"
True,555,Ráº¥t tá»‘t. phá»¥c_vá»¥ chuyÃªn nghiá»‡p chu Ä‘Ã¡o sáº¡ch_sáº½
True,556,CÃ³ nhiá»u muá»—i trong khu vá»±c phÃ²ng Delux
True,560,MÃ¬nh hÃ i lÃ²ng vá»›i cháº¥t lÆ°á»£ng cá»§a khÃ¡ch_sáº¡n vÃ  nhÃ¢n_viÃªn tÆ° váº¥n cá»§a ivivu
True,568,PhÃ²ng sáº¡ch Ä‘áº¹p. Ä‚n sÃ¡ng ngon. Sáº½ quay láº¡i
True,581,"khÃ¡ch_sáº¡n tá»‘t, nhÃ¢n_viÃªn dá»… thÆ°Æ¡ng, mÃ¬nh Ä‘Ã£ Ä‘i khÃ¡ch_sáº¡n nÃ y máº¥y nÄƒm trÆ°á»›c rá»“i. MÃ¬nh quay láº¡i láº§n nÃ y tháº¥y hÆ¡i khÃ¡c má»™t chÃºt. Tuy nhiÃªn, mÃ¬nh ráº¥t hÃ i lÃ²ng, vÃ  cho Ä‘iá»ƒm tá»‘i Ä‘a. "
True,586,"Äiá»u nÃ y tháº­t tuyá»‡t vá»i, khÃ¡ch_sáº¡n siÃªu sáº¡ch vÃ  nhÃ¢n_viÃªn ráº¥t thÃ¢n thiá»‡n."
True,588,"PhÃ²ng nhiá»u muá»—i vÃ  khÃ´ng cÃ³ cÃ¡ch Ã¢m, khÃ¡ch Ä‘oÃ n nhiá»u, ban ngÃ y cá»±c á»“n do Ä‘ang xÃ¢y dá»±ng káº¿ bÃªn, buffet sÃ¡ng thÃ¬ láº­p Ä‘i láº­p láº¡i, nhÃ¢n_viÃªn thiáº¿u chuyÃªn nghiá»‡p, 2h30 nháº­n phÃ²ng mÃ  Ä‘á»©ng Ä‘á»£i ná»­a tiáº¿ng Ä‘á»“ng há»“ trong khi trá»i nÃ³ng"
True,589,Má»i thá»© Ä‘á»u tuyá»‡t ngoáº¡i trá»« mÃ¡y láº¡nh nÃªn báº£o dÆ°á»¡ng láº¡i
True,596,"khÃ¡ch_sáº¡n má»›i khung_cáº£nh biá»ƒn khá»i chÃª áº¡, giÃ¡_cáº£ láº¡i cá»±c ká»³ há»£p lÃ½ ná»¯a áº¡, mÃ¬nh á»Ÿ MÆ°á»ng Thanh vá»›i Vinpearl codotel thÃ¬ tháº¥y MÆ°á»ng Thanh giÃ¡ há»£p lÃ½ mÃ  cháº¥t lÆ°á»£ng khá»i chÃª luÃ´n Ã­ áº¡, láº§n sau náº¿u quay láº¡i Nha Trang nháº¥t Ä‘á»‹nh sáº½ láº¡i chá»n MÆ°á»ng Thanh áº¡"
True,603,Má»i thá»© Ä‘á»u ráº¥t á»•n. Tiáº¿c lÃ  Ä‘i bá»™ ra bÃ£i táº¯m hÆ¡i xa
True,606,"Khu nghá»‰ dÆ°á»¡ng cháº¥t lÆ°á»£ng dá»‹ch_vá»¥ Ä‘á»u tá»‘t, tÃ´i khÃ´ng phÃ n nÃ n Ä‘iá»u gÃ¬. dá»‹ch_vá»¥ ivivu cÅ©ng chu Ä‘Ã¡o, nhÃ¢n_viÃªn há»— trá»£ nhanh chÃ³ng nÃ³i chung tÃ´i ráº¥t hÃ i lÃ²ng vá» chuyáº¿n Ä‘i vá»«a rá»“i."
True,607,"Quay láº¡i láº§n 2 vÃ o dá»‹p lá»… váº«n Æ°ng Ã½ vÃ´ cÃ¹ng, nhÃ¢n_viÃªn dá»… thÆ°Æ¡ng, khu_nghá»‰_mÃ¡t Ä‘áº¹p, biá»ƒn sáº¡ch, sáº½ cÃ¹ng gia Ä‘Ã¬nh quay láº¡i láº§n sau "
True,610,"MÃ¬nh Ä‘áº·t phÃ²ng giÆ°á»ng Ä‘Ã´i, khi nháº­n phÃ²ng tháº¥y giÆ°á»ng Ä‘Ã´i tháº­t nhÆ°ng khi náº±m thÃ¬ phÃ¡t hiá»‡n lÃ  2 giÆ°á»ng Ä‘Æ¡n ghÃ©p láº¡i. Náº±m á»Ÿ giá»¯a bá»‹ Ä‘au lÆ°ng, giÆ°á»ng cÃ²n kÃªu cá»t káº¹t ná»¯a. KhÃ´ng gian xung quanh thÃ¬ thoÃ¡ng mÃ¡t, yÃªn tÄ©nh. CÃ¡c dá»‹ch_vá»¥ chÆ°a ok láº¯m. ChÆ°a xá»©ng vá»›i khu_nghá»‰_mÃ¡t 5 sao vÃ  giÃ¡ tiá»n"
True,614,"KhaÌch saÌ£n coÌ khung_cáº£nh biÃªÌ‰n, hÃ´Ì‰ bÆ¡i rÃ¢Ìt Ä‘eÌ£p nheÌ, tha hÃ´Ì€ chuÌ£p hiÌ€nh sÃ´Ìng aÌ‰o. BaÌƒi biÃªÌ‰n thiÌ€ khÃ´ng thiÌch hÆ¡Ì£p Ä‘ÃªÌ‰ tÄƒÌm. BÆ°Ìƒa saÌng thiÌ€ cuÌƒng Ä‘Æ°Æ¡Ì£c, coÌ nhiÃªÌ€u lÆ°Ì£a choÌ£n. nhÃ¢n_viÃªn rÃ¢Ìt nhiÃªÌ£t tiÌ€nh vaÌ€ dÃªÌƒ thÆ°Æ¡ng. CoÌ caÌi bÃ¢Ìt tiÃªÌ£n laÌ€ nhÃ _vá»‡_sinh, phoÌ€ng tÄƒÌm khÃ´ng cÃ³Ì Ä‘Æ°á»£c taÌch biÃªÌ£t hÄƒÌ‰n vÆ¡Ìi phoÌ€ng nguÌ‰, Ä‘i vÆ¡Ìi baÌ£n beÌ€, ngÆ°Æ¡Ì€i quen thiÌ€ rÃ¢Ìt laÌ€ ngaÌ£i Ä‘Ã¢Ìy."
True,615,"Chuyáº¿n Ä‘i cá»§a chÃºng tÃ´i á»•n, má»i viá»‡c Ä‘á»u hÃ i lÃ²ng"
True,617,nhÃ¢n_viÃªn tÆ° váº¥n ráº¥t nhiá»‡t tÃ¬nh. khÃ¡ch_sáº¡n cÅ©ng ok
True,622,"khÃ¡ch_sáº¡n cÃ³ cháº¥t lÆ°á»£ng ráº¥t tá»‘t, cáº£nh ráº¥t Ä‘áº¹p, giÃ¡ ráº¥t há»£p, nhÆ°ng nhÃ¢n_viÃªn phá»¥c_vá»¥ khÃ´ng thÃ¢n thiá»‡n, láº¡nh lÃ¹ng vá»›i khÃ¡ch, cháº¥t lÆ°á»£ng dá»‹ch_vá»¥ ivivu ráº¥t tá»‘t."
True,623,"nhÃ¢n_viÃªn thÃ¢n thiá»‡n vÃ  dá»… máº¿n, há» Ä‘Æ°a hÃ nh lÃ½ cá»§a chÃºng tÃ´i tá»« taxi Ä‘áº¿n phÃ²ng, cho chÃºng tÃ´i má»™t chai nÆ°á»›c miá»…n phÃ­ sau khi chÃºng tÃ´i tráº£ phÃ²ng."
True,627,khÃ¡ch_sáº¡n Ä‘áº¹p tá»‘t khung_cáº£nh ráº¥t Ä‘Æ°á»£c sáº½ quay láº¡i sau
True,630,"á» khÃ¡ch_sáº¡n thÃ¬ Ä‘áº¹p nhÆ°ng gia Ä‘Ã¬nh tÃ´i bá»‹ cÃ´n trÃ¹ng cáº¯n nhiá»u, cÃ³ bÃ¡o bá»™ pháº­n lá»… tÃ¢n vÃ  cÅ©ng Ä‘Æ°á»£c xá»‹t cÃ´n trÃ¹ng. nhÃ¢n_viÃªn ráº¥t táº­n tÃ¬nh."
True,631,"khÃ¡ch_sáº¡n tá»‘t, Ä‘áº¹p, Ä‘Ã¢y lÃ  láº§n thá»© 2 mÃ¬nh quay láº¡i Ä‘Ã¢y váº«n ráº¥t thÃ­ch khÃ¡ch_sáº¡n nÃ y, nhÆ°ng Ä‘á»£t nÃ y mÃ¬nh Ä‘i phÃ²ng mÃ¬nh Ä‘áº·t phÃ²ng lÃ  cÄƒn bungalow thÃ¬ cÃ³ rá»‡p. MÃ¬nh khÃ´ng biáº¿t lÃ  do trÃªn giÆ°á»ng cÃ³ rá»‡p hay lÃ  do rá»›t tá»« trÃªn mÃ¡i xuá»‘ng mÃ  cáº£ mÃ¬nh vÃ  báº¡n mÃ¬nh khi Ä‘i vá» Ä‘á»u bá»‹ cáº¯n. Máº·c dÃ¹ váº­y nhÆ°ng mÃ¬nh vÃ  báº¡n mÃ¬nh ráº¥t thÃ­ch khÃ¡ch_sáº¡n nÃ y vÃ  váº«n muá»‘n quay láº¡i Ä‘Ã¢y vÃ o láº§n sau, Hy vá»ng khÃ¡ch_sáº¡n sáº½ cáº£i thiá»‡n váº¥n Ä‘á» vá»‡ sinh tá»‘t hÆ¡n. nhÃ¢n_viÃªn ivivu ráº¥t nhiá»‡t tÃ¬nh, mÃ¬nh Ä‘áº·t Combo  báº¡n há»— trá»£ mÃ¬nh chá»n giá» bay ráº¥t phÃ¹ há»£p, mÃ¬nh ráº¥t thÃ­ch."
True,634,Vá»‹ trÃ­ thÃ¬ tá»‘t. SÃ¡t biá»ƒn. KhuÃ´n viÃªn rá»™ng. NhÆ°ng phÃ²ng quÃ¡ xuá»‘ng cáº¥p vÃ¬ Ä‘Æ°á»£c xÃ¢y dá»±ng khÃ¡ lÃ¢u rá»“i. GiÃ¡ phÃ²ng nhÆ° váº­y chÆ°a tÆ°Æ¡ng xá»©ng. KhÃ´ng bao giá» cÃ³ Ã½ Ä‘á»‹nh quay láº¡i ná»¯a
True,637,"Tuyá»‡t vá»i, nhÃ¢n_viÃªn thÃ¢n thiá»‡n nhiá»‡t tÃ¬nh, bÃ£i biá»ƒn vÃ´ cÃ¹ng Ä‘áº¹p. Äá»“ Äƒn sÃ¡ng ráº¥t ngon "
True,642,"TÃ´i ráº¥t thÃ­ch nÃªn tÃ´i Ä‘Ã£ Ä‘áº¿n Ä‘Ã¢y nhiá»u láº§n, má»i viá»‡c Ä‘á»u tá»‘t cho chuyáº¿n Ä‘i"
True,648,"PhÃ²ng rá»™ng rÃ£i, dá»‹ch_vá»¥ tá»‘t. nhÃ¢n_viÃªn phá»¥c_vá»¥ vÃ  nhÃ¢n_viÃªn tÆ° váº¥n nhiá»‡t tÃ¬nh."
True,650,"khÃ¡ch_sáº¡n tá»‘t, chuyáº¿n Ä‘i cÃ¹ng ok, khÃ´ng cÃ³ phÃ n nÃ n gÃ¬."
True,652,"Sea Horse ráº¥t tá»‘t, trá»« 1 viá»‡c lÃ  cÃ³ hÆ¡i nhiá»u muá»—i. TÃ´i á»Ÿ táº§ng trá»‡t, room 123,125, tháº¥y nhÆ° váº­y!"
True,654,"Tuyá»‡t vá»i, phÃ²ng sáº¡ch_sáº½, nhÃ¢n_viÃªn niá»m ná»Ÿ. Chá»‰ duy nháº¥t bá»ƒ bÆ¡i Ä‘ang sá»­a chá»¯a ná»n gáº¡ch ná»n xÆ°á»›c xÃ¡t nhiá»u."
True,660,"khÃ¡ch_sáº¡n sáº¡ch_sáº½, nhÃ¢n_viÃªn thÃ¢n thiá»‡n, biá»ƒn táº¯m khÃ´ng Ä‘Æ°á»£c vÃ¬ cÃ³ Ä‘Ã¡"
True,662,"Trong mÃ¹a dá»‹ch Covid 19 nhÆ°ng khÃ¡ch_sáº¡n váº«n Ä‘áº£m báº£o cháº¥t lÆ°á»£ng, cáº£m Æ¡n nhiá»u nhiá»u."
True,670,MÃ¬nh tháº¥y khÃ¡ch_sáº¡n vÃ  nhÃ¢n_viÃªn Ä‘á»u tá»‘t
True,672,"CÃ¡c báº¡n nhÃ¢n_viÃªn ráº¥t nhiá»‡t tÃ¬nh vÃ  thÃ¢n thiá»‡n, khÃ¡ch du lá»‹ch thÃ¬ lá»‹ch sá»±, phÃ²ng Ä‘áº¹p, Ä‘á»“ Äƒn ngon, khÃ´ng khÃ­ trong lÃ nh"
True,679,"Chuyáº¿n Ä‘i tá»‘t, má»i viá»‡c ok"
True,682,CÃ³ nhiá»u muá»—i trong khu vá»±c phÃ²ng Delux
True,717,"PhÃ²ng sáº¡ch_sáº½, rá»™ng rÃ£i, phÃ¹ há»£p tÃºi tiá»n, cÃ³ chá»— Ä‘á»ƒ xe hÆ¡i, phá»¥c_vá»¥ dá»… chá»‹u."
True,738,"MÃ¬nh cÃ¹ng nhÃ³m báº¡n Ä‘Ã£ nghá»‰ 2 Ä‘Ãªm táº¡i khÃ¡ch_sáº¡n vÃ o Ä‘á»£t cuá»‘i thÃ¡ng 3 vá»«a rá»“i. Bá»n mÃ¬nh 5 ngÆ°á»i chá»n phÃ²ng family, phá»¥ thu 1 ngÆ°á»i. PhÃ²ng rá»™ng rÃ£i, thoÃ¡ng mÃ¡t, cÃ³ ngÄƒn Ä‘Ã´i 2 buá»“ng, chung phÃ²ng vá»‡ sinh. PhÃ²ng nÃ o cÅ©ng cÃ³ tivi. NÃ³i chung á»Ÿ vá»«a tiáº¿t kiá»‡m láº¡i váº«n thoáº£i mÃ¡i. nhÃ¢n_viÃªn khÃ¡ch_sáº¡n cÅ©ng ráº¥t nhiá»‡t tÃ¬nh, dá»… thÆ°Æ¡ng. Chá»‰ cÃ³ Ä‘iá»u máº·c dÃ¹ gáº§n biá»ƒn nhÆ°ng vá»‹ trÃ­ khÃ¡ch_sáº¡n khÃ´ng pháº£i á»Ÿ trung tÃ¢m, bÃ£i biá»ƒn phÃ­a trÆ°á»›c cÅ©ng khÃ´ng Ä‘áº¹p. MÃ¬nh nghÄ© vá»›i giÃ¡ tiá»n nhÆ° váº­y thÃ¬ khÃ¡ch_sáº¡n sunflower khÃ¡ ok."
True,739,"Láº§n Ä‘áº§u tiÃªn Ä‘áº¿n vá»›i Fusion, má»i thá»© ráº¥t nháº¹ nhÃ ng vÃ  thoáº£i mÃ¡i. MÃ¬nh ráº¥t thÃ­ch mÃ¹i hÆ°Æ¡ng á»Ÿ Ä‘Ã¢y, tá»« trong phÃ²ng nghá»‰ Ä‘áº¿n cÃ¡c khu thÆ°_giÃ£n, ráº¥t má»™c máº¡c vÃ  giáº£n dá»‹. CÃ¡c báº¡n nhÃ¢n_viÃªn cÅ©ng dá»… thÆ°Æ¡ng ná»¯a. CÃ³ dá»‹p mÃ¬nh cháº¯c cháº¯n sáº½ quay láº¡i nÆ¡i nÃ y."
True,748,"khÃ¡ch_sáº¡n sáº¡ch_sáº½, nhÃ¢n_viÃªn chu Ä‘Ã¡o, nhiá»‡t tÃ¬nh"
True,750,"dá»‹ch_vá»¥ táº¡i ivivu nhanh - gá»n - láº¹ vÃ  hiá»‡u quáº£, Æ°ng Ã½ nháº¥t nhá»¯ng Ä‘iá»u nÃ y. khÃ¡ch_sáº¡n cÅ©ng ráº¥t tá»‘t. "
True,751,khu_nghá»‰_mÃ¡t ráº¥t tuyá»‡t sáº½ quay láº¡i khi cÃ³ thá»ƒ
True,755,"Viá»‡c Ä‘áº·t khÃ¡ch_sáº¡n ráº¥t dá»… dÃ ng, cÃ¡c báº¡n ivivu há»— trá»£ mÃ¬nh ráº¥t nhanh vÃ  táº­n tÃ¬nh, vá» khÃ¡ch_sáº¡n thÃ¬ khÃ´ng cÃ³ gÃ¬ phÃ n nÃ n, má»i thá»© ráº¥t Ä‘áº¹p vÃ  tá»‘t,"
True,757,Xem tá»« khÃ¡ch_sáº¡n lÃ  Ä‘áº¹p vÃ  thÆ¡ má»™ng. TÃ´i thÃ­ch nhÃ¬n tháº¥y con sÃ´ng vÃ  cáº§u TrÆ°á»ng Tiá»n tá»« Ä‘Ã³.
True,761,"Chuyáº¿n Ä‘i cá»§a tÃ´i tá»‘t Ä‘áº¹p, tÃ´i hÃ i lÃ²ng vá» khu nghá»‰ dÆ°á»¡ng vÃ  ivivu. TÃ´i cÅ©ng thÆ°á»ng Ä‘áº·t phÃ²ng qua ivivu, há»— trá»£ nhanh chÃ³ng"
True,766,"PhÃ²ng á»‘c sáº¡ch_sáº½, nhÃ¢n_viÃªn phá»¥c_vá»¥ tá»‘t, vá»‹ trÃ­ gáº§n biá»ƒn. ThuÃª xe mÃ¡y 150k/ngÃ y, nhÆ°ng mÃ  cá»© ná»• mÃ¡y lÃ  tÃ­nh Ã­t nháº¥t 0.5 ngÃ y, cÃ¡i nÃ y cÃ³ váº» hÆ¡i khÃ´ng Ä‘Æ°á»£c happy láº¯m. CÃ²n láº¡i lÃ  ok."
True,770,Tá»‘t . KhÃ´ng cÃ³ váº¥n Ä‘á» gÃ¬ .
True,776,"Chuyáº¿n Ä‘i mÃ¬nh cáº£m tháº¥y hÃ i lÃ²ng, nhÃ¢n_viÃªn chu Ä‘Ã¡o, chÄƒm sÃ³c táº­n tÃ¬nh, tÆ° váº¥n ká»¹ gia Ä‘Ã¬nh. 
cáº£m Æ¡n ivivu. "
True,777,khÃ¡ch_sáº¡n má»›i xÃ¢y dá»±ng vÃ  Ä‘i vÃ o hoáº¡t Ä‘á»™ng ráº¥t sáº¡ch_sáº½ vá»‹ trÃ­ cÅ©ng thuáº­n_lá»£i giÃ¡_cáº£ há»£p lÃ½
True,780,"KhÃ´ng trá»n váº¹n vÃ¬ khÃ´ng Ä‘Æ°á»£c vÃ o khu vá»±c Vin WÆ¡nder, cÃ²n má»i thá»© Ä‘á»u hÃ i lÃ²ng."
True,781,"dá»‹ch_vá»¥ tá»‘t, phÃ²ng á»‘c má»›i vÃ  sáº¡ch_sáº½"
True,783,"Má»i thá»© Ä‘á»u tá»‘t nhÆ°ng ngÃ y lá»… nháº­n_phÃ²ng quÃ¡ trá»…, khiáº¿n má»i ngÆ°á»i bá»±c ğŸ˜­"
True,784,"khÃ¡ch_sáº¡n Ä‘áº¹p nhÆ°ng nhÃ¢n_viÃªn dá»n dáº¹p Ä‘á»ƒ ráº¥t báº©n nhÃ¢n_viÃªn Ã½ thá»©c ráº¥t kÃ©m, khÃ´ng cÃ³ cáº£ khÄƒn táº¯m, khÄƒn máº·t, gá»i phá»¥c_vá»¥ thÃ¬ thÃ¡i Ä‘á»™ kÃ©m"
True,786,"Thá»±c Ä‘Æ¡n buá»•i sÃ¡ng ráº¥t Ä‘Æ¡n Ä‘iá»‡u, phÃ²ng nhá», á»Ÿ 3 ngÃ y 2 Ä‘Ãªm mÃ  khÃ´ng há» dá»n dáº¹p vá»‡ sinh trong phÃ²ng"
True,791,Tá»‘t láº¯m. KhÃ´ng cÃ³ gÃ¬ nÃ³i thÃªm.
True,793,Tiá»‡c buffet chÆ°a Ä‘Æ°á»£c ngon cho láº¯m cáº§n kháº¯c phá»¥c nhá»¯ng Ä‘iá»ƒm Ä‘Ã³ cÃ²n ngoÃ i ra thÃ¬ Ä‘á»u okay!
True,795,"Ä‚n uá»‘ng ok, khÃ¡ch_sáº¡n Ä‘áº¹p. ChÃºng tÃ´i hÃ i lÃ²ng chuyáº¿n Ä‘i"
True,796,ÄÃºng cháº¥t nghá»‰ dÆ°á»¡ng! Gia Ä‘Ã¬nh Ä‘Ã£ cÃ³ chuyáº¿n Ä‘i vui vÃ  hÃ i lÃ²ng.
True,797,"khÃ¡ch_sáº¡n Ä‘áº¹p, nhÃ¢n_viÃªn dá»… thÆ°Æ¡ng. Cáº£m Æ¡n ivivu."
True,798,"Gia Ä‘Ã¬nh tÃ´i á»Ÿ ráº¥t thÃ­ch, biá»‡t_thá»± ráº¥t thoÃ¡ng mÃ¡t vÃ  nhÃ¢n_viÃªn phá»¥c_vá»¥ ráº¥t nhanh vÃ  táº­n tÃ¬nh."
True,801,"KhÃ´ng cÃ³ má»™t Ä‘iá»ƒm gÃ¬ khÃ´ng hÃ i lÃ²ng luÃ´n Ã½. khu_nghá»‰_mÃ¡t siÃªu xinh, sáº¡ch_sáº½, nhÃ¢n_viÃªn siÃªu tuyá»‡t, Ä‘áº·c biá»‡t lÃ  báº¡n bellman tÃªn PhÃºc :)) Äƒn sÃ¡ng cÅ©ng ngon luÃ´n. 10Ä‘ nhÃ© ;)"
True,802,"Tá»‘t. nhÃ¢n_viÃªn nhiá»‡t tÃ¬nh. PhÃ²ng sáº¡ch_sáº½, gáº§n trung tÃ¢m Ä‘i láº¡i thuáº­n tiá»‡nâ€¦."
True,812,Chuyáº¿n Ä‘i má»i viá»‡c Ä‘á»u á»•n. ChÃºng tÃ´i khÃ´ng cÃ³ gÃ¬ pháº£i phÃ n nÃ n vá» chuyáº¿n Ä‘i
True,825,"MÃ¬nh hÃ i lÃ²ng vá» má»i thá»© nhÃ©, mÃ¬nh Ä‘i chÆ¡i vui. CÃ´n Äáº£o Ä‘áº¹p. "
True,829,"MÃ¬nh hÃ i lÃ²ng tá»« nhÃ¢n_viÃªn lá»… tÃ¢n, nhÃ¢n_viÃªn dá»n phÃ²ng Ä‘áº¿n phÃ²ng á»‘c khÃ¡ch_sáº¡n, má»i thá»© ráº¥t tá»‘t."
True,1020,"nhÃ¢n_viÃªn cÃ²n má»›i cáº§n Ä‘Ã o táº¡o cho tháº­t ká»¹ , cÃ¡ch giao tiáº¿p vá»›i khÃ¡ch hÃ ng cÃ²n hÆ¡i yáº¿u , há»i vá» cÃ¡c phÃ²ng cá»§a khÃ¡ch_sáº¡n thÃ¬ chÆ°a nhá»›. CÃ²n láº¡i Äƒn uá»‘ng , phÃ²ng á»Ÿ táº¥t cáº£ cÃ¡c thá»© khÃ¡c thÃ¬ tá»‘t ."
True,1028,"Khu nghá»‰ dÆ°á»¡ng ok, táº¥t cáº£ Ä‘á»u ok. nhÃ¢n_viÃªn ivivu lÃ m tá»‘t nhÆ°ng chÆ°a nhiá»‡t tÃ¬nh láº¯m, cáº§n hiáº¿u khÃ¡ch hÆ¡n vÃ¬ cÃ¡c báº¡n Ä‘ang lÃ m vá» dá»‹ch_vá»¥"
True,1030,ThÃªm 1 mÃ¡y sÆ°á»Ÿi vÃ  1 Ä‘Ã´i dÃ©p trong khu vá»‡ sinh ná»¯a lÃ  tuyá»‡t
True,1033,"Thá»© nháº¥t lÃ  khÃ¡ch_sáº¡n ghi lÃ  4 sao mÃ  thua 3 sao ná»¯a, nháº¥t lÃ  wifi, vÃ´ khÃ¡ch_sáº¡n lÃ  coi nhÆ° khÃ´ng cÃ³ 1 chÃºt wifi nÃ o, trong phÃ²ng cÃ ng khÃ´ng cÃ³ wifi, Ä‘i táº¯m há»“ bÆ¡i thÃ¬ khÃ´ng ai ngÃ³ há»“ cÅ©ng khÃ´ng cÃ³ nhÃ¢n_viÃªn cá»©u há»™, muá»‘n Äƒn Ä‘á»“ ngoÃ i há»“ bÆ¡i thÃ¬ Ä‘i tÃ¬m Ä‘Ã£ má»›i tháº¥y nhÃ  hÃ ng mÃ  pháº£i Ä‘i tÃ¬m nhÃ¢n_viÃªn má»›i order Ä‘á»“ Äƒn Ä‘Æ°á»£c rá»“i Äƒn xong Ä‘á»ƒ 2 cÃ¡i Ä‘Ä©a mÃ  Ä‘áº¿n 11 giá» sÃ¡ng hÃ´m sau 2 cÃ¡i Ä‘Ä©a váº«n cÃ²n á»Ÿ ngoÃ i há»“, khÃ´ng biáº¿t nhÃ¢n_viÃªn nhÆ° váº­y thÃ¬ cÃ²n quáº£n lÃ­ chá»©? KhÃ´ng cÃ³ ai dá»n Ä‘Ä©a tá»« trÆ°a Ä‘áº¿n hÃ´m sau, cÃ²n buffet sÃ¡ng thÃ¬ khá»i nÃ³i, Ä‘á»“ Äƒn quÃ¡ lÃ  Ã­t, khÃ´ng biáº¿t Äƒn gÃ¬ Ä‘Æ°á»£c luÃ´n vÃ  pháº£i Ä‘á»£i nhÃ¢n_viÃªn má»—i láº§n more 5 cup khÃ´ng Ä‘á»§ Ä‘áº¿n lÆ°á»£t mÃ¬nh. Ã”i khÃ´ng bao giá» quay láº¡i 1 láº§n nÃ o ná»¯a quÃ¡ thá»«a 3 sao Ã½"
True,1045,"MÃ¬nh tháº¥y chuyáº¿n Ä‘i vui vÃ  má»i thá»© ráº¥t tá»‘t, khÃ´ng cÃ³ gÃ¬ Ä‘á»ƒ phÃ n nÃ n"
True,1062,"TÃ´i Ä‘Ã£ cÃ³ nhá»¯ng tráº£i nghiá»‡m tuyá»‡t vá»i khi á»Ÿ FLC. ÄÃ¢y lÃ  khu du lá»‹ch nghá»‰ dÆ°á»¡ng Ä‘áº³ng cáº¥p, hoÃ nh trÃ¡ng, phÃ¹ há»£p vá»›i táº¥t cáº£ má»i ngÆ°á»i."
True,1063,"QuÃ¡ á»“n. á»’n tá»« khÃ¡ch trá», Ä‘áº¿n thiáº¿t bá»‹ tá»§ láº¡nh láº«n hÃ ng xÃ³m"
True,1082,"khÃ¡ch_sáº¡n phá»¥c_vá»¥ vá»›i cháº¥t lÆ°á»£ng tá»‘t, nhÃ¢n_viÃªn chÄƒm sÃ³c khÃ¡ch hÃ ng nhiá»‡t tÃ¬nh, vá»‹ trÃ­ cá»§a khÃ¡ch_sáº¡n cÅ©ng ráº¥t lÃ  thuáº­n tiá»‡n. ÄÃ¡ng giÃ¡ tiá»n."
True,1121,TÃ´i hÃ i lÃ²ng vá» chuyáº¿n Ä‘i vÃ  cÃ¡ch phá»¥c_vá»¥ cá»§a khu_nghá»‰_mÃ¡t
True,1126,"PhÃ²ng hÆ¡i nhá» mÃ  phÃ²ng vá»‡ sinh to nhÆ°ng cháº¥p nháº­n Ä‘Æ°á»£c trong táº§m giÃ¡. Tiáº¿p tÃ¢n lá»‹ch sá»±, Ä‘Æ°á»£c mang Ä‘á»“ lÃªn táº­n phÃ²ng. NÃ³i chung lÃ  hÃ i lÃ²ng."
True,1170,"Ráº¥t tá»‘t...! nhÃ¢n_viÃªn Báº£o vá»‡ quan sÃ¡t khi khÃ¡ch xuá»‘ng bÃ£i biá»ƒn lo quÃ¡...khÃ¡ch cÅ©ng ngáº¡i khÃ´ng muá»‘n Ä‘á»ƒ báº£o vá»‡ lo láº¯ng ,nÃªn táº¯m biá»ƒn khÃ´ng thoáº£i mÃ¡i , nÃ³i chung VÃ¬ an toÃ n ,sáº¡ch_sáº½ , Äƒn uá»‘ng ráº¥t vá»«a miá»‡ng ,ChÃºc khu_nghá»‰_mÃ¡t vÆ°á»£t qua mÃ¹a dá»‹ch Covid -19"
True,1182,"BÃ£i biá»ƒn riÃªng Ä‘áº¹p vÃ  sáº¡ch, há»“ bÆ¡i lá»›n Ä‘i kÃ¨m pool bar ráº¥t tiá»‡n_lá»£i. Äá»“ Äƒn ráº¥t ngon, ThÃ­ch há»£p Ä‘i nghá»‰ dÆ°á»¡ng cho gia Ä‘Ã¬nh
Ä‚n sÃ¡ng hÆ¡i Ã­t mÃ³n, nhÆ°ng khÃ¡ lÃ  ngon."
True,1196,khÃ¡ch_sáº¡n xá»©ng táº§m 5 sao khÃ´ng cÃ³ gÃ¬ Ä‘á»ƒ chÃª
True,1208,"PhÃ²ng Ä‘áº¹p nhÆ°ng nhÃ _vá»‡_sinh xáº¥u quÃ¡, Ä‘Æ¡n Ä‘iá»‡u vÃ  khÃ´ng Ä‘Æ°á»£c sang trá»ng. PhÃ²ng gáº§n biá»ƒn nghe sÃ³ng biá»ƒn nghe áº§m áº§m. dá»‹ch_vá»¥ ok láº¯m"
True,1214,phÃ²ng Ä‘áº¹p. nhÃ¢n_viÃªn thÃ¢n thiá»‡n. má»—i tá»™i khÄƒn táº¯m bá»‹ á»‘ mÃ u má»™t chÃºt. nhÆ°ng phÃ²ng ráº¥t á»•n
True,1228,"tiáº¿p tÃ¢n chÆ°a nhiá»‡t tÃ¬nh, cháº¥t lÆ°á»£ng phá»¥c_vá»¥ chÆ°a tá»‘t, phÃ²ng á»‘c sáº¡ch_sáº½, sang trá»ng"
True,1229,"PhÃ²ng á»‘c á»•n, Äƒn sÃ¡ng khÃ´ng ngon Ã­t Ä‘á»“"
True,1238,mÃ¬nh hÃ i lÃ²ng vÃ¬ vinpearl ráº¥t cháº¥t lÆ°á»£ng
True,1255,"PhÃ²ng sáº¡ch Ä‘áº¹p, vá»‹ trÃ­ trung tÃ¢m phá»‘ cá»•, nhÃ¢n_viÃªn thÃ¢n thiá»‡n."
True,1291,"- khÃ¡ch_sáº¡n nháº­n_phÃ²ng khÃ¡ nhanh chÆ°a Ä‘áº¿n 14 giá» nhÆ°ng cÃ³ phÃ²ng trá»‘ng nÃªn Ä‘Æ°á»£c vÃ o luÃ´n   - PhÃ²ng rá»™ng rÃ£i - sáº¡ch_sáº½ - cÃ³ ban cÃ´ng nhá».(thÃ­ch há»£p cho gia Ä‘Ã¬nh cÃ³ bÃ© nhá») - Náº±m á»Ÿ trung tÃ¢m, gáº§n táº¡p hÃ³a vÃ  cÃ¡c quÃ¡n cafe nhÆ°ng khÃ´ng tháº¥y cÃ³ quÃ¡n Äƒn gáº§n Ä‘Ã³ máº¥y"
True,1358,"TÃ´i tháº¥y chuyáº¿n Ä‘i khÃ´ng cÃ³ gÃ¬ Ä‘á»ƒ phÃ n nÃ n,tá»‘t háº¿t."
True,1371,"TÃ´i vÃ  gia Ä‘Ã¬nh Ä‘Ã£ cÃ³ ká»³ nghá»‰ thÃº vá»‹ táº¡i khÃ¡ch_sáº¡n Melissa. khÃ¡ch_sáº¡n sáº¡ch_sáº½, vá»‹ trÃ­ Ä‘áº¹p, nhÃ¢n_viÃªn nhiá»‡t tÃ¬nh thÃ¢n thiá»‡n. Äiá»ƒm trá»« duy nháº¥t lÃ  bá»ƒ bÆ¡i hÆ¡i bÃ©, khÃ´ng giá»‘ng nhÆ° trÃªn hÃ¬nh áº£nh. Tuy nhiÃªn tÃ´i ráº¥t hÃ i lÃ²ng vá» ká»³ nghá»‰ táº¡i Ä‘Ã¢y."
True,1372,"Khu nghá»‰ dÆ°á»¡ng Ä‘áº¹p vÃ  phÃ²ng á»‘c sáº¡ch_sáº½, nhÃ¢n_viÃªn táº­n tÃ¬nh chu Ä‘Ã¡o."
True,1375,"ÄÃ¢y quáº£ lÃ  má»™t nÆ¡i nghá»‰ dÆ°á»¡ng tuyá»‡t vá»i, phÃ²ng á»‘c rá»™ng vÃ  sáº¡ch_sáº½, cÃ³ cáº£ bá»“n táº¯m, há»“ bÆ¡i vÃ  biá»ƒn Ä‘áº¹p, yÃªn tÄ©nh. NhÆ°á»£c Ä‘iá»ƒm duy nháº¥t lÃ  Ä‘i leo dá»‘c báº­c thang Ä‘áº¿n phÃ²ng hÆ¡i xa nÃªn hÆ¡i Ä‘uá»‘i, nhÃ  cÃ³ cÃ¡c bÃ© nhá» hay Ä‘á»“ Ä‘áº¡c nhiá»u cÃ³ thá»ƒ nhá» báº£o vá»‡ khiÃªng phá»¥, báº£o vá»‡ khÃ´ng Ä‘Ã²i há»i gÃ¬ cáº£ nhÆ°ng náº¿u Ä‘á»“ nhiá»u thÃ¬ mÃ¬nh tip thÃªm cÃ¡c anh má»™t Ã­t."
True,1408,"Ná»™i tháº¥t phÃ²ng khÃ¡ cÅ©, giá»‘ng nhÆ° khÃ¡ch_sáº¡n 5 sao cá»§a tháº¿ ká»‰ trÆ°á»›c. Bá»¯a sÃ¡ng chá»§ yáº¿u lÃ  tinh bá»™t, thá»‹t thÃ¬ Ä‘a pháº§n lÃ  thá»‹t cháº¿ biáº¿n sáºµn (xÃºc xÃ­ch, giÄƒm bÃ´ng, thá»‹t xÃ´ng khÃ³iâ€¦). Náº¿u so vá»›i cÃ¡c khÃ¡ch_sáº¡n 5 sao khÃ¡c thÃ¬ khÃ´ng báº±ng. Tuy nhiÃªn phÃ²ng á»‘c sáº¡ch, khung_cáº£nh cÃ´ng viÃªn Sunworld ráº¥t Ä‘áº¹p, Ä‘i ra bÃ£i táº¯m háº¿t khoáº£ng 30k tiá»n taxi hoáº·c cÃ³ thá»ƒ chá»n Ä‘i xe Ä‘áº¡p cÅ©ng tiá»‡n. má»i ngÆ°á»i cÃ³ á»Ÿ MÆ°á»ng Thanh thÃ¬ nÃªn chá»n MÆ°á»ng Thanh Háº¡ Long bÃªn cáº¡nh vÃ¬ khÃ¡ch_sáº¡n má»›i vÃ  Ä‘áº¹p hÆ¡n"
True,1414,"Thiáº¿t bá»‹ vÃ  nhÃ  vá»‡ sinh cÅ© ká»¹. KhoÃ¡ cá»­a cÅ© há»ng, thang mÃ¡y cÅ© vÃ  thiáº¿u tin cáº­y"
True,1450,"Láº§n Ä‘áº§u tiÃªn sá»­ dá»¥ng dá»‹ch_vá»¥ cá»§a Vinpearl tháº­t sá»± ráº¥t hÃ i lÃ²ng. nhÃ¢n_viÃªn chuyÃªn nghiá»‡p vÃ  thÃ¡i Ä‘á»™ báº¥t ká»³ nhÃ¢n_viÃªn nÃ o cÅ©ng nhiá»‡t tÃ¬nh. Ká»ƒ cáº£ 1 chÃº lÃ m vÆ°á»n hay 1 nhÃ¢n_viÃªn an ninh, lÃ¡i xe, khi mÃ¬nh há»i Ä‘Æ°á»ng Ä‘á»u nhiá»‡t tÃ¬nh chá»‰ dáº«n vÃ  há» Ä‘á»u hiá»ƒu rÃµ khu vá»±c chá»© khÃ´ng pháº£i chá»‰ hiá»ƒu cÃ´ng viá»‡c cá»§a báº£n thÃ¢n. PhÃ²ng sáº¡ch Ä‘áº¹p, buffet khÃ¡ nhiá»u mÃ³n, cÃ¡c thiáº¿t bá»‹ trong phÃ²ng Ä‘á»u hoáº¡t Ä‘á»™ng tá»‘t. tiá»‡n_Ã­ch Ä‘áº§y Ä‘á»§."
True,1463,"dá»‹ch_vá»¥ tá»‘t, phÃ²ng á»Ÿ sáº¡ch Ä‘áº¹p, bá»¯a sÃ¡ng ngon."
True,1464,"MÃ¬nh tháº¥y khÃ¡ch_sáº¡n Ä‘iá»u tiáº¿t Ä‘Æ°á»£c lÆ°á»£ng khÃ¡ch khi tham gia Äƒn buffet ráº¥t tá»‘t, khÃ´ng cÃ³ gÃ¬ Ä‘á»ƒ phÃ n nÃ n khi tráº£i nghiá»‡m nghá»‰ dÆ°á»¡ng táº¡i Ä‘Ã¢y. MÃ¬nh Ä‘Ã£ Ä‘i khÃ¡ nhiá»u khu_nghá»‰_mÃ¡t vÃ  khÃ¡ch_sáº¡n nÃªn Ä‘Ã¡nh giÃ¡ nÆ¡i nÃ y khÃ¡ tá»‘t, khÃ´ng cÃ³ váº¥n Ä‘á» gÃ¬ Ä‘á»ƒ phÃ n nÃ n. MÃ¬nh cho khÃ¡ch_sáº¡n 4,5Ä‘.
nhÃ¢n_viÃªn ivivu chuyá»ƒn thÃ´ng tin vÃ  yÃªu cáº§u cá»§a mÃ¬nh cho khÃ¡ch_sáº¡n ráº¥t chÃ­nh xÃ¡c, há»— trá»£ nhiá»‡t tÃ¬nh.  "
True,1474,"nhÃ¢n_viÃªn ivivu há»— trá»£ ráº¥t ráº¥t lÃ  tá»‘t, nhÃ¢n_viÃªn ráº¥t dá»… thÆ°Æ¡ng vÃ  chu Ä‘Ã¡o, tÃ´i thÃ­ch cÃ¡ch lÃ m viá»‡c cá»§a ivivu, láº§n sau cháº¯c cháº¯n sáº½ quay láº¡i ivivu. CÃ²n vá» khÃ¡ch_sáº¡n thÃ¬ tÃ´i khÃ´ng cÃ³ phÃ n nÃ n gÃ¬, Ä‘áº¹p, thoáº£i mÃ¡i, nhÃ¢n_viÃªn lá»‹ch sá»±, hiáº¿u khÃ¡ch. dá»‹ch_vá»¥ cá»§a ivivu vÃ  khÃ¡ch_sáº¡n hoÃ n toÃ n xá»©ng Ä‘Ã¡ng Ä‘Æ°á»£c 10/10."
True,1484,"CÃ³ nhiá»u bÃ¹ máº¯t á»Ÿ ngoÃ i biá»ƒn, nhÃ¢n_viÃªn vÃ  cÃ¡ch phá»¥c_vá»¥ tá»‘t, chÃºng tÃ´i hÃ i lÃ²ng"
True,1492,"Láº§n thá»© 3 Ä‘áº¿n Princess D'An Nam khu_nghá»‰_mÃ¡t vÃ  mÃ¡t_xa trong nÄƒm 2017 nÃ y, cáº£m giÃ¡c vÃ  má»i thá»© Ä‘Ãºng nhÆ° mÃ¬nh mong Ä‘á»£i. Tháº­t tuyá»‡t vá»i. Tá»« nhÃ¢n_viÃªn Ä‘áº¿n Ä‘á»“ Äƒn vÃ  khung cáº£nh váº«n Ä‘áº¹p, váº«n dá»… thÆ°Æ¡ng nhÆ° láº§n Ä‘áº§u. Äá»“ Äƒn ngon, nhÃ¢n_viÃªn thÃ¢n thiá»‡n. Cáº£nh váº­t, há»“ bÆ¡i táº¡i Ä‘Ã¢y má»i gÃ³c Ä‘á»u Ä‘áº¹p. Cháº¯c cháº¯n mÃ¬nh sáº½ láº¡i Ä‘áº¿n Ä‘Ã¢y 1 láº§n ná»¯a. cáº£m Æ¡n Ä‘á»™i ngÅ© nhÃ¢n_viÃªn khu_nghá»‰_mÃ¡t Ä‘Ã£ cho mÃ¬nh 1 ká»³ nghá»‰ gia Ä‘Ã¬nh tuyá»‡t vá»i, thÆ°_giÃ£n, thoáº£i mÃ¡i."
True,1516,"Cháº¥t lÆ°á»£ng phÃ²ng vÃ  dá»‹ch_vá»¥ á»•n, má»i viá»‡c bÃ¬nh thÆ°á»ng"
True,1522,"khÃ´ng phÃ¹ há»£p láº¯m vá»›i gia Ä‘Ã¬nh tÃ´i vÃ¬ gia Ä‘Ã¬nh tÃ´i cÃ³ em bÃ© mÃ  phÃ²ng táº¯m láº¡i chá»‰ cÃ³ má»—i vÃ²i sen cá»‘ Ä‘á»‹nh trÃªn cao mÃ  láº¡i khÃ´ng cÃ³ dÃ¢y vÃ²i Ä‘á»ƒ vá»‡ sinh cho bÃ©, di chuyá»ƒn tá»« phÃ²ng á»Ÿ Ä‘áº¿n nhÃ  hÃ ng pháº£i qua nhiá»u cáº§u thang nÃªn viá»‡c Ä‘i láº¡i cÅ©ng gÃ¢y má»‡t sá»©c"
True,1541,"khÃ¡ch_sáº¡n ráº¥t lÃ  tá»‘t, phÃ²ng Ä‘áº¹p, khuÃ´n viÃªn rá»™ng rÃ£i vÃ  khÃ´ng khÃ­ trong lÃ nh"
True,1562,"nhÃ¢n_viÃªn tÆ° váº¥n Huyá»n ráº¥t nhiá»‡t tÃ¬nh, khÃ¡ch_sáº¡n saÌ£ch Ä‘áº¹p, Äƒn sÃ¡ng ráº¥t ngon, lá»… tÃ¢n vÃ  cÃ¡c nhÃ¢n_viÃªn khÃ¡c Ä‘á»u nhiá»‡t tÃ¬nh máº¿n khÃ¡ch, cáº£m Æ¡n cÃ¡c báº¡n ráº¥t nhiá»u"
True,1574,"phá»¥c_vá»¥ tá»‘t, vá»‹ trÃ­ Ä‘áº¹p. NhÆ°ng thiáº¿t bá»‹ vÃ  nhÃ _vá»‡_sinh cÅ© quÃ¡ khÃ´ng tÆ°Æ¡ng xá»©ng vá»›i khÃ¡ch_sáº¡n 4 sao"
True,1579,"PhÃ²ng sáº¡ch Ä‘áº¹p , dá»‹ch_vá»¥ tá»‘t, khu_nghá»‰_mÃ¡t Ä‘áº¹p xá»©ng Ä‘Ã¡ng vá»›i giÃ¡ tiá»n"
True,1586,"MÃ¬nh á»Ÿ 3 Ä‘Ãªm. TrÆ°á»›c khi ra khá»i phÃ²ng Ä‘Ã£ Ä‘á»ƒ biá»ƒn hÃ£y dá»n phÃ²ng rá»“i Ä‘áº¿n khi Ä‘i chÆ¡i quay vá» biá»ƒn bá»‹ quay láº¡i thÃ nh Ä‘á»«ng lÃ m phiá»n vÃ  phÃ²ng thÃ¬ khÃ´ng Ä‘Æ°á»£c dá»n. Cáº£ 2 láº§n Ä‘á»u nhÆ° váº­y, tuy nhiÃªn sau Ä‘Ã³ lá»… tÃ¢n cÃ³ gá»i Ä‘á»ƒ dá»n phÃ²ng bÃ¹ láº¡i cho mÃ¬nh. Lá»… tÃ¢n lÃ  nam nhÃ¬n tháº¥y khÃ¡ch vÃ o nháº­n phÃ²ng cÅ©ng khÃ´ng kÃ©o giÃºp vali. NÃ³i chung lÃ  má»™t tráº£i nghiá»‡m khÃ´ng máº¥y Vui váº» táº¡i Rex"
True,1599,khÃ¡ch_sáº¡n nÃ y lÃ  láº§n thá»© 2 TÃ´i Ä‘áº¿n má»i thá»© váº«n ráº¥t tá»‘t nhÆ° láº§n Ä‘áº§u tiÃªn . Báº¡n HÆ°Æ¡ng Ä‘Ã£ lÃ m Ä‘áº·t phÃ²ng cho TÃ´i Ä‘áº§y Ä‘á»§ thÃ´ng tin vÃ  tÆ° váº¥n nhiá»‡t tÃ¬nh .
True,1607,"Má»i thá»© Ä‘á»u ok, tá»« tiáº¿p tÃ¢n, phá»¥c_vá»¥ Ä‘áº¿n phÃ²ng nghá»‰."
True,1610,"nhÃ¢n_viÃªn dá»… thÆ°Æ¡ng, nhiá»‡t tÃ¬nh, phÃ²ng á»‘c sáº¡ch_sáº½, gáº§n phá»‘ Ä‘i bá»™"
True,1623,"khÃ¡ch_sáº¡n nÃ y Ä‘áº·t chuáº©n 5 sao, dá»‹ch_vá»¥ ráº¥t tá»‘t, nhÃ¢n_viÃªn ráº¥t nhiá»‡t tÃ¬nh, cÃ³ bÃ£i biá»ƒn riÃªng ráº¥t sáº¡ch vÃ  Ä‘áº¹p"
True,1632,ráº¥t hÃ i lÃ²ng
True,1637,"PhÃ²ng biá»‡t_thá»± thoáº£i mÃ¡i, thoÃ¡ng mÃ¡t, má»—i tá»™i hÆ¡i xa lá»… tÃ¢n. Bá»¯a sÃ¡ng ngon, nhÃ¢n_viÃªn phá»¥c_vá»¥ nhiá»‡t tÃ¬nh"
True,1643,BÃ£i biá»ƒn cÃ³ hÃ´m chÆ°a sáº¡ch
True,1644,"KhÃ³a phÃ²ng bá»‹ hÆ°, quÃ¡ cÅ© Ga ná»‡m báº©n Tiá»n sáº£nh lá»™n xá»™n nhÃ¢n_viÃªn nhiá»‡t tÃ¬nh, thÃ¢n thiá»‡n."
True,1678,"PhÃ¹ há»£p vá»›i ká»³ nghá»‰ cá»§a 2 máº¹ con mÃ¬nh, PhÃ²ng sáº¡ch_sáº½. Tuy nhiÃªn xa biá»ƒn."
True,1688,"MÃ¬nh Ä‘Ã£ cÃ³ ká»³ nghá»‰ 3 ngÃ y táº¡i ÄÃ  Náºµng xem trÃªn app ráº¥t nhiá»u khÃ¡ch_sáº¡n Ä‘áº¯n Ä‘o mÃ£i vÃ  Ä‘Ã£ chá»n khÃ¡ch_sáº¡n Angel. PhÃ²ng sáº¡ch_sáº½ thoÃ¡ng mÃ¡t vÃ  y nhÆ° hÃ¬nh, giÃ¡_cáº£ cÅ©ng pháº£i chÄƒng, cÃ³ 2 bá»¯a sÃ¡ng ná»¯a nhÆ°ng do sÃ¡ng nÃ o cÅ©ng ngá»§ nÆ°á»›ng vÃ  quÃ¡ giá» Äƒn nÃªn chÆ°a Ä‘Æ°á»£c thÆ°á»Ÿng thá»©c bá»¯a sÃ¡ng táº¡i khÃ¡ch_sáº¡n, nháº¥t Ä‘á»‹nh láº§n sau quay láº¡i sáº½ thÆ°á»Ÿng thá»©c. Anh chá»‹ nhÃ¢n_viÃªn vÃ  chÃº báº£o vá»‡ ráº¥t nhiá»‡t tÃ¬nh, vui váº» trÆ°á»›c khi Ä‘áº¿n chÃº báº£o vá»‡ cÃ²n mang vali lÃªn táº­n phÃ²ng vÃ  khi Ä‘i cÃ²n mang vali ra xe giÃºp mÃ¬nh ná»¯a. CÃ³ dá»‹p cháº¯c cháº¯n sáº½ quay láº¡i ÄÃ  Náºµng láº§n ná»¯a vÃ  á»Ÿ táº¡i khÃ¡ch_sáº¡n áº¡ ğŸ˜ğŸ˜"
True,1695,"Kiáº¿n trÃºc tá»•ng thá»ƒ hÃ i hÃ²a há»£p lÃ½, ná»™i tháº¥t trong phÃ²ng cÅ© vÃ  há»ng, Ä‘á»“ Äƒn thÃ¬ bÃ¬nh thÆ°á»ng, nhÃ¢n_viÃªn khÃ¡ch_sáº¡n ok, báº¡n tÆ° váº¥n ivivu mÃ¬nh hÃ i lÃ²ng"
True,1696,"MÃ¬nh á»Ÿ cÃ³ 1 Ä‘Ãªm vÃ  trong thá»i gian dá»‹ch nÃªn khÃ¡ch_sáº¡n váº¯ng váº». PhÃ²ng á»‘c ok, sáº¡ch_sáº½. nhÃ¢n_viÃªn thÃ¢n thiá»‡n. khung_cáº£nh Ä‘áº¹p. cÃ³ 1 Ä‘iá»ƒm khÃ´ng hiá»ƒu sao hÃ nh lang táº§ng 20 mÃ¬nh á»Ÿ cÃ³ 2 cÃ¡i bÃ n, cháº­t lá»‘i Ä‘i vÃ  cáº£m giÃ¡c khÃ´ng gá»n_gÃ ng. Äƒn sÃ¡ng theo set thá»±c_Ä‘Æ¡n, cÅ©ng ok."
True,1702,"PhÃ²ng Victoria Phan Thiáº¿t cÃ³ mÃ¹i thÆ¡m thoang thoáº£ng ráº¥t dá»… chá»‹u. 
MÃ¬nh sáº½ quay láº¡i"
True,1710,"Tuyá»‡t! á»”n khÃ¡ch_sáº¡n nhiá»‡t tÃ¬nh, phÃ²ng á»‘c sáº¡ch_sáº½ gá»n_gÃ ng"
True,1729,"HÃ nh lang vÃ  phÃ²ng ngá»§ tá»‘i u Ã¡m khÃ´ng Ä‘Æ°á»£c sÃ¡ng sá»§a nhÆ° trÃªn app, há»“ bÆ¡i khÃ´ng hoáº¡t Ä‘á»™ng nÆ°á»›c Ä‘en thui rong rÃªu bÃ¡m Ä‘áº§y"
True,1902,"PhÃ²ng phÃ¹ há»£p, bá»¯a sÃ¡ng chu Ä‘Ã¡o há»£p kháº©u vá»‹. Bá»ƒ bÆ¡i Ä‘áº¹p, cáº£ gia Ä‘Ã¬nh Ä‘Ã£ cÃ³ khoáº£ng thá»i gian bÆ¡i lá»™i ráº¥t vui váº». khÃ¡ch_sáº¡n trong ngÃµ nhÆ°ng ngay khu phá»‘ Ä‘i bá»™ nÃªn buá»•i tá»‘i cuá»‘i tuáº§n khÃ¡ thÃº vá»‹."
True,2078,Má»i thá»© Ä‘á»u tá»‘t. nhÃ¢n_viÃªn tá»‘t chu Ä‘Ã¡o. NhÃ  hÃ ng ngon. dá»‹ch_vá»¥ tá»‘t. phá»¥c_vá»¥ hÃ i lÃ²ng.
True,2079,"KhÃ´ng gian rá»™ng rÃ£i, biá»ƒn sáº¡ch nhÆ°ng sÃ³ng hÆ¡i to, buffet sÃ¡ng ngon, nháº­n_phÃ²ng cháº­m. NhÃ¬n chung á»•n"
True,2099,"Ä‚n buffet sÃ¡ng xong Ä‘au bá»¥ng. PhÃ²ng sáº¡ch_sáº½, nhÆ°ng nÃ³i chung láº§n sau sáº½ khÃ´ng á»Ÿ vin."
True,2102,"khÃ¡ch_sáº¡n tuy cÅ© nhÆ°ng sáº¡ch_sáº½, nhÃ¢n_viÃªn thÃ¢n thiá»‡n, nhiá»‡t tÃ¬nh. Thá»©c Äƒn tuy phong phÃº, nhÆ°ng thiáº¿u mÃ³n Ä‘áº·c trÆ°ng Phan Thiáº¿t. Khu vui chÆ¡i thiáº¿u nhi chÆ°a hiá»‡n Ä‘áº¡i"
True,2110,"Buffet Äƒn sÃ¡ng mÃ³n Äƒn Ä‘a dáº¡ng,nhÆ°ng cáº§n xá»‹t táº©y trÃ¹ng bÃ n Äƒn trÆ°á»›c khi dá»n má»›i Ä‘á»ƒ phÃ²ng dá»‹ch"
True,2113,"PhÃ²ng Ä‘áº¹p, sang trá»ng vÃ  áº¥m cÃºng. Ä‘á»“ Äƒn ngon, cáº£nh ráº¥t Ä‘áº¹p, phÃ¹ há»£p Ä‘i nghá»‰ tuáº§n trÄƒng máº­t cho cÃ¡c cáº·p Ä‘Ã´i"
True,2144,"khÃ¡ch_sáº¡n má»›i, Ä‘áº¹p nhÆ°ng nÆ°á»›c biá»ƒn thÃ¬ dÆ¡"
True,2159,Chuyáº¿n Ä‘i cá»§a gia Ä‘Ã¬nh tÃ´i má»i viá»‡c Ä‘á»u tá»‘t Ä‘áº¹p
True,2163,HOÃ€N Háº¢O TOÃ€N DIá»†N
True,2169,"khÃ¡ch_sáº¡n á»Ÿ cÃ¡ch Sun world 3,5km. Äi taxi háº¿t 50k. khÃ¡ch_sáº¡n 3 sao nhÆ°ng phÃ²ng Ä‘áº¡t chuáº©n 5 sao. gá»‘i náº±m cá»±c sÆ°á»›ng, khÃ´ng bá»‹ Ä‘au cá»•. BÃ n cháº£i má»m, chÄƒn áº¥m ná»‡m Ãªm. GiÆ°á»ng 2m rá»™ng rÃ£i. Lá»… tÃ¢n niá»m ná»Ÿ dá»… thÆ°Æ¡ng. Äƒn sÃ¡ng buffet hÆ¡i Ã­t mÃ³n nhÆ°ng cÅ©ng á»•n. Gáº§n khÃ¡ch_sáº¡n cÃ³ nhiá»u quÃ¡n Äƒn. ÄÃ¡ng Ä‘á»ƒ á»Ÿ láº¯m. MÃ¬nh ráº¥t Æ°ng Ã½."
True,2196,"khÃ¡ch_sáº¡n sáº¡ch_sáº½, Ä‘áº§y Ä‘á»§ tiá»‡n nghi. giÃ¡_cáº£ há»£p lÃ½, gáº§n khu Äƒn uá»‘ng, khu buÃ´n bÃ¡n Ä‘á»‹a phÆ°Æ¡ng."
True,2205,"PhÃ²ng khung_cáº£nh biá»ƒn ok, sáº¡ch, ná»™i tháº¥t Ä‘áº¹p, bá»¯a sÃ¡ng ngon miá»‡ng vÃ  chá»— ngá»“i sang trá»ng"
True,2207,"Lá»… tÃ¢n, cÃ´ dá»n phÃ²ng siÃªu dá»… thÆ°Æ¡ng, phÃ²ng á»•n sáº¡ch_sáº½ mÃ¬nh sÄƒn Ä‘Æ°á»£c giÃ¡ tá»‘t. Ä‘áº¿n háº¿t phÃ²ng Ä‘áº·t Ä‘Æ°á»£c upsize phÃ²ng miá»…n_phÃ­. cháº¯c cháº¯n sáº½ quay láº¡i"
