Service,Index,Comment
True,4,"Victoria Phan Thiáº¿t ráº¥t tá»‘t, tÃ´i khÃ´ng cÃ³ gÃ¬ phÃ n nÃ n háº¿t. ÄÃ¡p á»©ng Ä‘Ãºng yÃªu cáº§u cá»§a tÃ´i. "
True,8,"KhÃ´ng cÃ³ xe Ä‘Æ°a Ä‘Ã³n sÃ¢n bay. Khu nghá»‰ dÆ°á»¡ng á»Ÿ má»©c á»•n, khÃ´ng cÃ³ gÃ¬ Ä‘áº·c sáº¯c láº¯m"
True,11,"PhÃ²ng cÃ³ mÃ¹i áº©m, khÃ³ chá»‹u khi nháº­n_phÃ²ng, nhÃ _vá»‡_sinh khÃ´ng Ä‘Ãºng chuáº©n 3 sao. Äá»“ Äƒn sÃ¡ng khÃ´ng ngon vÃ  khÃ´ng Ä‘a dáº¡ng. GiÆ°á»ng ná»‡m vÃ  grap ná»‡m khÃ´ng Ä‘Æ°á»£c sáº¡ch"
True,19,"TÃ´i cáº£m tháº¥y ráº¥t hÃ i lÃ²ng vá» khu nghá»‰ dÆ°á»¡ng nÃ y . Má»i thá»© á»Ÿ khu_nghá»‰_mÃ¡t Ä‘á»u ráº¥t thoáº£i mÃ¡i , khung cáº£nh ráº¥t Ä‘áº¹p vÃ  yÃªn tÄ©nh ."
True,20,"Oceanami biá»‡t_thá»± CÃ³ vá»‹ trÃ­ thuáº­n tiá»‡n, khuÃ´n viÃªn Ä‘áº¹p, Äƒn sÃ¡ng táº¡m Ä‘Æ°á»£c...Tuy nhiÃªn cÃ³ Ä‘iá»ƒm trá»« lÃ  biá»‡t_thá»± cÃ³ báº¿p mÃ  khÃ´ng cho sá»­ dá»¥ng, bá»™ pháº­n nháº­n_phÃ²ng quÃ¡ táº£i vÃ o ngÃ y cuá»‘i tuáº§n..."
True,27,"Ráº¥t tá»‘t, chuyáº¿n Ä‘i gia Ä‘Ã¬nh tÃ´i ráº¥t hÃ i lÃ²ng. Cáº£m Æ¡n ivivu, hy vá»ng sáº½ cÃ³ dá»‹p cÃ¹ng há»£p tÃ¡c vá»›i cÃ´ng ty"
True,29,Khi TÃ´i Ä‘i TÃ´i cÃ³ phÃ¡t sinh 2 bÃ© dÆ°á»›i 5 tuá»•i vÃ  TÃ´i Ä‘Ã£ pháº£i thanh toÃ¡n thÃªm tiá»n 1 bÃ©. TÃ´i cáº£m tháº¥y ráº¥t khÃ´ng há»£p lÃ½ vá»›i chÃ­nh sÃ¡ch Ä‘Ã³ trong khi TÃ´i á»Ÿ biá»‡t_thá»± 3 phÃ²ng ngá»§. CÃ¡c khÃ¡ch_sáº¡n khÃ¡c TÃ´i á»Ÿ Ä‘Ã¢u cÃ³ phá»¥ thu kiá»ƒu nhÆ° tháº¿ vÃ  khu_nghá»‰_mÃ¡t cÅ©ng khÃ¡ cÅ© rá»“i.Cháº¯c cháº¯n TÃ´i sáº½ khÃ´ng quay láº¡i. BÃªn ivivu TÃ´i váº«n ráº¥t hÃ i lÃ²ng
True,32,Tá»‘t. KhÃ´ng cÃ³ gÃ¬ phÃ n nÃ n
True,41,"PhÃ²ng sáº¡ch_sáº½, tinh táº¿ tá»« nhá»¯ng chi tiáº¿t nhá». dá»‹ch_vá»¥ tá»‘t vÃ  cÃ³ hidden bar ngay dÆ°á»›i háº§m. Tá»« khÃ¡ch_sáº¡n Ä‘i vÃ i bÆ°á»›c lÃ  ra há»“ GÆ°Æ¡m vÃ  tiá»‡n_Ã­ch xung quanh cÃ³ Ä‘á»§. Má»™t nÆ¡i xá»©ng Ä‘Ã¡ng Ä‘á»ƒ quay láº¡i nhiá»u láº§n."
True,43,"Cháº¥t lÆ°á»£ng khÃ¡ch_sáº¡n tá»‘t. Gia Ä‘Ã¬nh tÃ´i hÃ i lÃ²ng, Ä‘Ã£ cÃ³ chuyáº¿n Ä‘i vui váº»"
True,48,"PhÃ²ng giá»‘ng hÃ¬nh, Äƒn sÃ¡ng Ã­t mÃ³n."
True,52,tuyá»‡t vá»i
True,62,Má»i thá»© tÃ´i tháº¥y háº§u  nhÆ° Ä‘á»u tá»‘t. Chuyáº¿n Ä‘i tháº­t sá»± thoáº£i mÃ¡i vÃ  hÃ i lÃ²ng
True,64,khÃ¡ch_sáº¡n má»›i...má»i thá»© á»•n.há»“ bÆ¡i Ä‘áº¹p...
True,65,"Má»i thá»© Ä‘á»u tuyá»‡t, trá»« sÃ n nhÃ  hÆ¡i dÆ¡ vÃ  thang mÃ¡y hÆ¡i sá»£"
True,67,"Ráº¥t áº¥n tÆ°á»£ng,  sáº½ sá»­ dá»¥ng thÆ°á»ng xuyÃªn vÃ  giá»›i thiá»‡u báº¡n bÃ¨ sp nÃ y "
True,68,Má»i thá»© Ä‘iá»u ok. Äá»§ Ä‘á»ƒ cho ai thÃ­ch á»Ÿ lÃ¢u ngÃ y Ä‘áº¥y.â¤ï¸â¤ï¸
True,70,Tuyá»‡t vá»i náº¿u cÃ³ láº§n sau nháº¥t Ä‘á»‹nh quay láº¡i.
True,72,Set thá»±c_Ä‘Æ¡n cháº¥t hÆ¡n láº©u tháº£ (láº©u tháº£ Äƒn Ä‘á»ƒ biáº¿t thÃ´i). khu_nghá»‰_mÃ¡t Ä‘áº¹p
True,74,Ok
True,81,"TÃ´i tháº¥y khÃ¡ch_sáº¡n cÃ³ cháº¥t lÆ°á»£ng tÆ°Æ¡ng xá»©ng vá»›i giÃ¡_cáº£, cáº£m Æ¡n ivivu Ä‘Ã£ há»— trá»£."
True,89,"KhÃ´ng cÃ³ trÃ¡i cÃ¢y chÃ o má»«ng, nÃªn hÆ¡i buá»“n xÃ­u. ÄÆ°á»ng xuá»‘ng bÃ£i biá»ƒn cÃ¡t khÃ´ng má»‹n. Cháº¥t lÆ°á»£ng phÃ²ng tá»‘t"
True,92,Tá»‘t . KhÃ´ng cÃ³ gÃ¬ phÃ n nÃ n !
True,93,"TÃ´i ráº¥t thÃ­ch nÃªn tÃ´i Ä‘Ã£ Ä‘áº¿n Ä‘Ã¢y nhiá»u láº§n, má»i viá»‡c Ä‘á»u tá»‘t cho chuyáº¿n Ä‘i"
True,131,khÃ¡ch_sáº¡n khÃ´ng cÃ³ tinh tháº§n giÃºp Ä‘á»¡ cho khÃ¡ch hÃ ng trong viá»‡c nháº­n_phÃ²ng. Háº¿t phÃ²ng khÃ´ng chá»§ Ä‘á»™ng thÃ´ng bÃ¡o cho khÃ¡ch hÃ ng. KhÃ¡ch hÃ ng gá»i Ä‘iá»‡n thoáº¡i qua sá»‘ trÃªn Ä‘áº·t phÃ²ng thÃ¬ báº£o lÃ  nháº§m sá»‘
True,132,"Tá»‘t láº¯m, chá»‰ cÃ³ mÃ¡y bay bá»‹ dá»i láº¡i thÃ´i, cÃ²n láº¡i ráº¥t hÃ i lÃ²ng."
True,141,"Victoria Phan Thiáº¿t ráº¥t tá»‘t, tÃ´i khÃ´ng cÃ³ gÃ¬ phÃ n nÃ n háº¿t. ÄÃ¡p á»©ng Ä‘Ãºng yÃªu cáº§u cá»§a tÃ´i. "
True,142,"KhÃ´ng gian tiá»‡n nghi, phÃ²ng á»‘c sáº¡ch_sáº½"
True,153,"khÃ¡ch_sáº¡n ráº¥t Ä‘áº¹p,bÃ£i biá»ƒn dÃ i, há»“ bÆ¡i rá»™ng. PhÃ²ng thoÃ¡ng, sáº¡ch_sáº½. Buffet sÃ¡ng ngon, nhiá»u mÃ³n lÃ nh máº¡nh. Tuy nhiÃªn phÃ­ Äƒn sÃ¡ng cho bÃ© 2t trá»Ÿ lÃªn 325k lÃ  khÃ¡ cao"
True,154,Giá» nháº­n phÃ²ng lÃ  14h. MÃ  17 giá» má»›i Ä‘Æ°á»£c nháº­n phÃ²ng
True,180,"Tuyá»‡t vá»i vÃ  tháº­t sá»± háº¡nh phÃºc khi á»Ÿ Ä‘Ã¢y
"
True,225,"Äáº¹p, nhÆ°ng nÃªn má»Ÿ bá»ƒ bÆ¡i vÃ o sÃ¡ng sá»›m thay vÃ¬ 8 giá» sÃ¡ng nhÆ° hiá»‡n táº¡i."
True,257,Ráº¥t hÃ i lÃ²ng vá» dá»‹ch_vá»¥ cá»§a khÃ¡ch_sáº¡n cÅ©ng nhÆ° ivivu
True,271,"Ráº¥t tá»‘t, yÃªn tÄ©nh, Ä‘áº§y Ä‘á»§ tiá»‡n nghi"
True,273,"PhÃ²ng bÃ©, Äƒn sÃ¡ng Ã­t mÃ³n. Vá»‹ trÃ­ gáº§n phá»‘ cá»•"
True,284,Khi TÃ´i Ä‘i TÃ´i cÃ³ phÃ¡t sinh 2 bÃ© dÆ°á»›i 5 tuá»•i vÃ  TÃ´i Ä‘Ã£ pháº£i thanh toÃ¡n thÃªm tiá»n 1 bÃ©. TÃ´i cáº£m tháº¥y ráº¥t khÃ´ng há»£p lÃ½ vá»›i chÃ­nh sÃ¡ch Ä‘Ã³ trong khi TÃ´i á»Ÿ biá»‡t_thá»± 3 phÃ²ng ngá»§. CÃ¡c khÃ¡ch_sáº¡n khÃ¡c TÃ´i á»Ÿ Ä‘Ã¢u cÃ³ phá»¥ thu kiá»ƒu nhÆ° tháº¿ vÃ  khu_nghá»‰_mÃ¡t cÅ©ng khÃ¡ cÅ© rá»“i.Cháº¯c cháº¯n TÃ´i sáº½ khÃ´ng quay láº¡i. BÃªn ivivu TÃ´i váº«n ráº¥t hÃ i lÃ²ng
True,288,"nhÃ¢n_viÃªn nhiá»‡t tÃ¬nh,phÃ²ng tiá»‡n nghi"
True,289,"phÃ²ng ráº¥t Ä‘áº¹p, khu du lá»‹ch nhiá»u trÃ² chÆ¡i háº¥p dáº«n. tuy nhiÃªn, Ä‘á»“ Äƒn á»Ÿ nhÃ  hÃ ng hÆ¡i chÃ¡n."
True,292,"Tá»‘t nhÆ°ng muá»—i khÃ¡ nhiá»u , Ä‘á» nghá»‹ phun thuá»‘c trá»« muá»—i nhiá»u hÆ¡n "
True,296,nhÃ¢n_viÃªn Ä‘Æ°a phÃ²ng khÃ¡c trÃªn áº£nh
True,298,Ráº¥t tá»‘t
True,300,"khÃ¡ch_sáº¡n á»Ÿ tÆ°Æ¡ng Ä‘á»‘i tá»‘t, phÃ²ng sáº¡ch_sáº½ vÃ  nhÃ¢n_viÃªn phá»¥c_vá»¥ thÃ¢n thiá»‡n. CÃ¡c báº¡n nhÃ¢n_viÃªn ivivu há»— trá»£ tÃ´i Ä‘áº·t phÃ²ng nhanh chÃ³ng vÃ  ráº¥t nhiá»‡t tÃ¬nh. "
True,301,"TÃ´i khÃ´ng sá»­ dá»¥ng nhiá»u dá»‹ch_vá»¥ táº¡i khÃ¡ch_sáº¡n, nhÆ°ng nhÃ¬n chung má»i viá»‡c tá»‘t, tÃ´i hÃ i lÃ²ng vá» chuyáº¿n Ä‘i"
True,304,"Má»i thá»© tÃ´i tháº¥y bÃ¬nh thÆ°á»ng, "
True,308,PhÃ²ng chÆ°a Ä‘Æ°á»£c dá»n khi khÃ¡ch lÃªn nháº­n phÃ²ng
True,310,"Má»i viá»‡c tá»‘t Ä‘áº¹p, gia Ä‘Ã¬nh tÃ´i hÃ i lÃ²ng"
True,316,"Ä‚n ngon, phÃ²ng hÆ¡i cÅ©, cÃ³ mÅ©i, há»“ bÆ¡i bÃ£i biá»ƒn Ä‘áº¹p"
True,338,"TÃ´i tháº¥y dá»‹ch_vá»¥ tá»‘t, láº§n sau Ä‘áº¿n nha trang, chá»‹ sáº½ chá»n Vinpearl. nhÃ¢n_viÃªn ivivu nhiá»‡t tÃ¬nh.
TÃ´i biáº¿t Ä‘áº¿n ivivu qua báº¡n bÃ¨."
True,356,"Má»i thá»© vá» khÃ¡ch_sáº¡n Ä‘á»u tá»‘t, phÃ²ng á»‘c rá»™ng rÃ£i nhÆ°ng tÃ´i tháº¥y Äƒn sÃ¡ng khÃ´ng Ä‘Æ°á»£c ngon"
True,357,"KhÃ´ng cÃ³ thang mÃ¡y, á»Ÿ táº§ng trÃªn Ä‘i má»i chÃ¢n, má»i thá»© khÃ¡c ok"
True,362,phÃ²ng ok . cÃ´ chá»§ nhiá»‡t tÃ¬nh vui váº» .
True,364,"Báº¡n Tháº£o ivivu há»— trá»£ mÃ¬nh ráº¥t tá»‘t vÃ  nhiá»‡t tÃ¬nh, vá» khÃ¡ch_sáº¡n thÃ¬ mÃ¬nh ráº¥t Æ°ng Ã½ vÃ¬ tháº­t sá»± ráº¥t Ä‘áº¹p vÃ  thoáº£i mÃ¡i, tiá»‡n nghi"
True,379,khÃ¡ch_sáº¡n tá»‘t! PhÃ²ng Ä‘áº¹p! Há»“ bÆ¡i Ä‘áº¹p.
True,381,Tuyá»‡t vá»i. MÃ¬nh ráº¥t thÃ­ch nhá»¯ng chá»— nghá»‰ cá»§a vinpearl
True,384,"khu_nghá»‰_mÃ¡t Ä‘áº¹p, yÃªn tÄ©nh, sáº¡ch_sáº½.nhÃ¢n_viÃªn lá»‹ch sá»±, dá»… chá»‹u. nhÆ°ng náº±m á»Ÿ vá»‹ trÃ­ hÆ¡i xa nÃªn tÃ¬m taxi khÃ³, nÃªn Ä‘i xe nhÃ ."
True,385,"TÃ´i hÃ i lÃ²ng, khu_nghá»‰_mÃ¡t á»Ÿ ráº¥t thoáº£i mÃ¡i, gia Ä‘Ã¬nh sáº½ quay láº¡i"
True,393,"Chuyáº¿n Ä‘i cá»§a chÃºng tÃ´i ráº¥t tá»‘t, báº¡n nhÃ¢n_viÃªn ivivu nÃ³i chuyá»‡n tÆ° váº¥n dá»… chá»‹u vÃ  Ä‘áº§y Ä‘á»§ thÃ´ng tin"
True,394,"Vá»‹ trÃ­ tá»‘t vÃ  phÃ²ng Ä‘Æ°á»£c sáº¡ch_sáº½ vÃ  thoáº£i mÃ¡i. ThÃ¢n thiá»‡n, nhÃ¢n_viÃªn nÃ³i tiáº¿ng Anh."
True,395,"Melia Há»“ TrÃ m lÃ  nÆ¡i gia Ä‘Ã¬nh tÃ´i hay chá»n Ä‘á»ƒ nghá»‰ dÆ°á»¡ng cuá»‘i tuáº§n, dá»‹ch_vá»¥ khÃ¡ch_sáº¡n tá»‘t, phÃ²ng á»‘c sáº¡ch_sáº½, cÃ³ khu vui chÆ¡i cho tráº» em. Ráº¥t thÃ­ch há»£p cho gia Ä‘Ã¬nh cÃ³ con nhá». ÄÃ¢y lÃ  láº§n Ä‘áº§u tiÃªn tÃ´i Ä‘áº·t phÃ²ng khÃ¡ch_sáº¡n qua Travelloka, giÃ¡ ráº», xÃ¡c nháº­n Ä‘áº·t phÃ²ng nhanh chÃ³ng, tÃ´i ráº¥t hÃ i lÃ²ng."
True,398,Phong cáº£nh Ä‘áº¹p. khÃ¡ch_sáº¡n tiá»‡n_Ã­ch. HÃ i lÃ²ng
True,399,"khÃ¡ch_sáº¡n quÃ¡ cÅ©. KhÄƒn, ra giÆ°á»ng quÃ¡ cÅ© vÃ  dÆ¡"
True,400,khÃ¡ch_sáº¡n mang Ä‘áº¿n cho gia Ä‘Ã¬nh mÃ¬nh 1 tráº£i nghiá»‡m tá»‘t. Chá»‰ tiáº¿c lÃ  do váº¯ng khÃ¡ch vÃ¬ thá»i Ä‘iá»ƒm dá»‹ch cÅ©ng nhÆ° khÃ´ng pháº£i mÃ¹a cao Ä‘iá»ƒm nÃªn bá»¯a sÃ¡ng thÃ nh chá»n mÃ³n. Tuy nhiÃªn Ä‘á»“ Äƒn bá»¯a sÃ¡ng cÅ©ng khÃ¡ ngon.
True,406,"MÃ¬nh Ä‘Ã£ tráº£i qua 2 Ä‘Ãªm á»Ÿ khÃ¡ch_sáº¡n Sea Horse, má»i thá»© Ä‘á»u ráº¥t tá»‘t. nhÃ¢n_viÃªn ivivu Ä‘Ã£ giÃºp mÃ¬nh ráº¥t táº­n tÃ¬nh. cáº£m Æ¡n cÃ¡c báº¡n ráº¥t nhiá»u.
"
True,415,"PhÃ²ng rá»™ng rÃ£i, sáº¡ch_sáº½, nhÆ°ng khung_cáº£nh bá»‹ khuáº¥t. Báº¡n Trung ivivu tÆ° váº¥n nhiá»‡t tÃ¬nh cho chuyáº¿n Ä‘i cá»§a tÃ´i láº¯m, nhÆ°ng tÃ´i cÅ©ng cÃ³ gÃ³p Ã½ nhá» lÃ  cÃ³ thá»ƒ tÆ° váº¥n thÃªm nhá»¯ng thÃ´ng tin nhÆ° Ä‘i hÃ£ng Jetstar pháº£i Ä‘áº·t bá»¯a Äƒn trÃªn mÃ¡y bay trÆ°á»›c hay pháº£i mua hÃ nh lÃ½ kÃ½ gá»­i "
True,417,"Victoria Phan Thiáº¿t khÃ´ng cÃ³ váº¥n Ä‘á» gÃ¬, má»i thá»© Ä‘á»u tá»‘t. "
True,418,"giÃ¡_cáº£ há»£p lÃ½, phÃ²ng ok, quáº£n lÃ½ thÃ¢n thiá»‡n"
True,422,"khÃ¡ch_sáº¡n nÃ y tá»‘t, tÃ´i tháº¥y hÃ i lÃ²ng vá» chuyáº¿n Ä‘i nÃ y. nhÃ¢n_viÃªn ivivu tá»‘t. Sáº½ quay láº¡i Ä‘áº·t bÃªn ivivu"
True,431,PhÃ²ng diá»‡n tÃ­ch nhá». CÃ²n láº¡i Ä‘á»u ok
True,442,"Má»i thá»© ok cáº£, chuyáº¿n Ä‘i tá»‘t"
True,447,khÃ¡ch_sáº¡n Ä‘áº¹p. PhÃ²ng y hÃ¬nh nhÃ¢n_viÃªn dá»… thÆ°Æ¡ng. Sáº½ quay láº¡i láº§n sau
True,448,"khÃ¡ch_sáº¡n Ä‘áº¹p, nhÃ¢n_viÃªn thÃ¢n thiá»‡n, nhiá»‡t tÃ¬nh. Buffet ngon, há»£p kháº©u vá»‹. Tuyá»‡t vá»i! "
True,449,"PhÃ²ng sáº¡ch_sáº½, thoÃ¡ng mÃ¡t. ivivu há»— trá»£ ok, pháº£n á»©ng nhanh nháº¡y, tÃ´i hÃ i lÃ²ng"
True,454,"khu_nghá»‰_mÃ¡t Ä‘áº¹p, nhÃ¢n_viÃªn dá»… thÆ°Æ¡ng, gia Ä‘Ã¬nh mÃ¬nh ráº¥t thÃ­ch. "
True,463,"khÃ¡ch_sáº¡n sáº¡ch_sáº½, giÃ¡ ráº». Ä‘iá»u hÃ²a mÃ¡t. láº§n sau sáº½ Ä‘áº·t phÃ²ng phÃ²ng cÃ³ khung_cáº£nh ban cÃ´ng thÃ¬ thoáº£i mÃ¡i hÆ¡n"
True,466,"Äáº¹p tá»«ng gÃ³c cáº¡nh, nhÃ¢n_viÃªn nÃªn tÆ° váº¥n ká»¹ hÆ¡n cÃ¡c dá»‹ch_vá»¥ tiá»‡n_Ã­ch cho khÃ¡ch hÃ ng nhÆ°: cÃ³ xe Ä‘Æ°a Ä‘Ã³n trong khu_nghá»‰_mÃ¡t theo yÃªu cáº§u, nhÆ° chá»Ÿ tá»« phÃ²ng ra sáº£nh tiáº¿p tÃ¢n hay nhÃ  hÃ ng....bla bla."
True,477,"Movenpick khu_nghá»‰_mÃ¡t Cam ranh : PhÃ²ng má»›i, khung_cáº£nh Ä‘áº¹p, Äƒn sÃ¡ng ngon phong phÃº, bÃ£i biá»ƒn tuyá»‡t vá»i. NhÃ  hÃ ng Ã­t mÃ³n Äƒn chÆ°a phong phÃº , dá»‹ch_vá»¥ giáº£i trÃ­ háº¡n cháº¿"
True,480,"CÅ©ng ráº¥t ok vá» má»i máº·t, Cháº¯c láº§n sau sáº½ quay láº¡i."
True,495,"PhÃ²ng khung_cáº£nh Ä‘áº¹p, dá»‹ch_vá»¥ tá»‘t, tuy nhiÃªn hÃ nh lang hÆ¡i nhá», cÃ¡ch Ã¢m khÃ´ng tá»‘t láº¯m. khÃ¡ch_sáº¡n Ä‘á»‘i diá»‡n biá»ƒn, nhÆ°ng muá»‘n sang biá»ƒn pháº£i Ä‘i vÃ²ng 1 Ä‘oáº¡n, nhÆ°ng nhÃ  mÃ¬nh khÃ´ng thÃ­ch táº¯m biá»ƒn nÃªn cÅ©ng khÃ´ng quan trá»ng"
True,497,Cáº£ gia Ä‘Ã¬nh ngÆ°á»i lá»›n vÃ  tráº» con Ä‘á»u ráº¥t thÃ­ch dá»‹ch_vá»¥ táº¡i khÃ¡ch_sáº¡n. Four points lÃ  khÃ¡ch_sáº¡n ráº¥t Ä‘Ã¡ng Ä‘á»ƒ á»Ÿ khi Ä‘áº¿n ÄÃ  Náºµng
True,508,khÃ¡ch_sáº¡n hÆ¡i cÅ© nhÆ°ng cÆ¡ báº£n lÃ  á»Ÿ Ä‘Æ°á»£c vá»›i giÃ¡ tiá»n Ä‘Ã³.
True,516,"Cáº£nh biá»ƒn Ä‘áº¹p, dá»‹ch_vá»¥ tá»‘t"
True,519,thá»±c_Ä‘Æ¡n trÆ°a nhiá»u cho 2 ngÆ°á»i. NÃªn bá»›t 1 mÃ³n Ä‘á»ƒ nÃ¢ng cao cháº¥t lÆ°á»£ng cÃ¡c mÃ³n khÃ¡c.
True,530,"khÃ¡ch_sáº¡n sáº¡ch_sáº½, nhÃ¢n_viÃªn ráº¥t dá»… thÆ°Æ¡ng. khu_nghá»‰_mÃ¡t ráº¥t rá»™ng dÆ°á»ng nhÆ° chÆ°a hoÃ n thiá»‡n nÃªn hoang sÆ¡. NhÆ°ng mÃ¬nh thÃ­ch Ä‘iá»u nÃ y."
True,534,"Gáº§n khu phá»‘ cá»• nÃªn tiá»‡n Ä‘i láº¡i, khÃ´ng thÃ­ch Äƒn sÃ¡ng kiá»ƒu gá»i mÃ³n, nÆ°á»›c miá»…n_phÃ­ mÃ  chai nÆ°á»›c nhÃ£n hiá»‡u láº¡ khÃ´ng dÃ¡m uá»‘ng. GiÃ¡ phÃ²ng ráº», phÃ²ng hÆ¡i nhá» cho 3 ngÆ°á»i, nhÆ°ng nhÃ  táº¯m thÃ¬ tháº­t lÃ  to :))"
True,541,KhÃ¡ lÃ¢u rá»“i má»›i trá»Ÿ láº¡i Ä‘Ã¢y. khu_nghá»‰_mÃ¡t Ä‘Ã£ thay Ä‘á»•i Ä‘áº¹p hÆ¡n ráº¥t nhiá»u. Ä‚n sÃ¡ng khÃ¡ ngon tuy lÃªn thá»©c Äƒn hÆ¡i cháº­m
True,550,"khÃ¡ch_sáº¡n ráº¥t Ä‘áº¹p, phÃ²ng rá»™ng, nháº¥t lÃ  cÃ¡c phÃ²ng táº§ng trá»‡t nhÃ _vá»‡_sinh siÃªu to Chá»¥p hÃ¬nh Ä‘áº¹p nháº¥t táº§m 6 giá» chiá»u khi Ä‘Ã³ há»“ bÆ¡i cÃ³ Ã¡nh Ä‘Ã¨n lá»… tÃ¢n rá»i vÃ o"
True,552,Má»i thá»© ráº¥t tá»‘t
True,553,"dá»‹ch_vá»¥ khÃ¡ch_sáº¡n ráº¥t tá»‘t. Tuy nhiÃªn nhÃ  vá»‡ sinh khi táº¯m dá»… bá»‹ trÃ n nÆ°á»›c ra sÃ n, ráº¥t tiáº¿c vÃ¬ Ä‘iá»u nÃ y, má»i thá»© Ä‘á»u phá» phá»‡ch trá»« cÃ¡i nhÃ _vá»‡_sinh nÃ y"
True,564,MÃ¬nh Ä‘Ã£ cÃ³ ká»³ nghá»‰ á»Ÿ pandanus khu_nghá»‰_mÃ¡t mÅ©i nÃ© thÃ¢y Ã½ nghÄ©a .cáº£m Æ¡n ivivu ...
True,568,PhÃ²ng sáº¡ch Ä‘áº¹p. Ä‚n sÃ¡ng ngon. Sáº½ quay láº¡i
True,573,"Seahorse Äƒn ngon, phÃ²ng ok, bá»ƒ bÆ¡i tráº» em ok, cÃ³ há»“ jacuzzi ráº¥t tá»‘t. NhÃ  mÃ¬nh á»Ÿ 4 phÃ²ng, tuy nhiÃªn phá»¥c_vá»¥ dá»n phÃ²ng lÃ m máº¥t 1 Ä‘Ã´i giÃ y bata cá»§a nhÃ³m mÃ¬nh."
True,575,"Pháº£i chá» Ä‘áº¿n 17 giá» má»›i cÃ³ phÃ²ng chá» ráº¥t lÃ¢u. Ä‚n uá»‘ng thoáº£i mÃ¡i vÃ  ngon lÃ nh, Äƒn bÃªn trong nhÃ  hÃ ng hoáº·c bÃªn ngoÃ i Ä‘á»u Ä‘Æ°á»£c. CÃ¡c bÃ© nhÃ  tÃ´i chÆ¡i ráº¥t vui"
True,577,"KhÃ¡ á»•n, máº·c dÃ¹ khu nghá»‰ full phÃ²ng.. Ä‘á»£i xe hÆ¡i lÃ¢u chÃºt"
True,580,"NhÃ  hÃ ng váº«n cÃ²n Ä‘ang sá»­a, phÃ²ng hÆ¡i cÅ© nhÆ°ng sáº¡ch_sáº½. Nhá»¯ng dá»‹ch_vá»¥ khÃ¡c ok láº¯m"
True,583,"KhÃ´ng gian háº¹p, hÃ´i, khÃ´ng chuáº©n bá»‹ thuá»‘c dau Ä‘áº§u, Ä‘au bá»¥ng khi cáº§n thiáº¿t cho khÃ¡ch."
True,589,Má»i thá»© Ä‘á»u tuyá»‡t ngoáº¡i trá»« mÃ¡y láº¡nh nÃªn báº£o dÆ°á»¡ng láº¡i
True,590,Team ivivu tÆ° váº¥n ráº¥t nhiá»‡t tÃ¬nh vÃ  nhanh
True,595,Chuyáº¿n Ä‘i tháº­t tuyá»‡t vá»i. Cáº£m Æ¡n ivivu Ä‘Ã£ há»— trá»£ vÃ  tÆ° váº¥n nhiá»‡t tÃ¬nh
True,596,"khÃ¡ch_sáº¡n má»›i khung_cáº£nh biá»ƒn khá»i chÃª áº¡, giÃ¡_cáº£ láº¡i cá»±c ká»³ há»£p lÃ½ ná»¯a áº¡, mÃ¬nh á»Ÿ MÆ°á»ng Thanh vá»›i Vinpearl codotel thÃ¬ tháº¥y MÆ°á»ng Thanh giÃ¡ há»£p lÃ½ mÃ  cháº¥t lÆ°á»£ng khá»i chÃª luÃ´n Ã­ áº¡, láº§n sau náº¿u quay láº¡i Nha Trang nháº¥t Ä‘á»‹nh sáº½ láº¡i chá»n MÆ°á»ng Thanh áº¡"
True,597,"Seahorse Äƒn ngon, phÃ²ng ok, bá»ƒ bÆ¡i tráº» em ok, cÃ³ há»“ jacuzzi ráº¥t tá»‘t. NhÃ  mÃ¬nh á»Ÿ 4 phÃ²ng, tuy nhiÃªn phá»¥c_vá»¥ dá»n phÃ²ng lÃ m máº¥t 1 Ä‘Ã´i giÃ y bata cá»§a nhÃ³m mÃ¬nh."
True,601,TÃ´i tháº¥y chuyáº¿n Ä‘i ráº¥t tá»‘t.Thoáº£i mÃ¡i vÃ  dá»… chá»‹u. Cáº£m Æ¡n ivivu nhÃ©
True,603,Má»i thá»© Ä‘á»u ráº¥t á»•n. Tiáº¿c lÃ  Ä‘i bá»™ ra bÃ£i táº¯m hÆ¡i xa
True,609,"Cháº¯c do khÃ¡ch Ä‘Ã´ng nÃªn nháº­n phÃ²ng trá»…, nÃªn cÃ³ chÃºt khÃ´ng hÃ i lÃ²ng"
True,610,"MÃ¬nh Ä‘áº·t phÃ²ng giÆ°á»ng Ä‘Ã´i, khi nháº­n phÃ²ng tháº¥y giÆ°á»ng Ä‘Ã´i tháº­t nhÆ°ng khi náº±m thÃ¬ phÃ¡t hiá»‡n lÃ  2 giÆ°á»ng Ä‘Æ¡n ghÃ©p láº¡i. Náº±m á»Ÿ giá»¯a bá»‹ Ä‘au lÆ°ng, giÆ°á»ng cÃ²n kÃªu cá»t káº¹t ná»¯a. KhÃ´ng gian xung quanh thÃ¬ thoÃ¡ng mÃ¡t, yÃªn tÄ©nh. CÃ¡c dá»‹ch_vá»¥ chÆ°a ok láº¯m. ChÆ°a xá»©ng vá»›i khu_nghá»‰_mÃ¡t 5 sao vÃ  giÃ¡ tiá»n"
True,614,"KhaÌch saÌ£n coÌ khung_cáº£nh biÃªÌ‰n, hÃ´Ì‰ bÆ¡i rÃ¢Ìt Ä‘eÌ£p nheÌ, tha hÃ´Ì€ chuÌ£p hiÌ€nh sÃ´Ìng aÌ‰o. BaÌƒi biÃªÌ‰n thiÌ€ khÃ´ng thiÌch hÆ¡Ì£p Ä‘ÃªÌ‰ tÄƒÌm. BÆ°Ìƒa saÌng thiÌ€ cuÌƒng Ä‘Æ°Æ¡Ì£c, coÌ nhiÃªÌ€u lÆ°Ì£a choÌ£n. nhÃ¢n_viÃªn rÃ¢Ìt nhiÃªÌ£t tiÌ€nh vaÌ€ dÃªÌƒ thÆ°Æ¡ng. CoÌ caÌi bÃ¢Ìt tiÃªÌ£n laÌ€ nhÃ _vá»‡_sinh, phoÌ€ng tÄƒÌm khÃ´ng cÃ³Ì Ä‘Æ°á»£c taÌch biÃªÌ£t hÄƒÌ‰n vÆ¡Ìi phoÌ€ng nguÌ‰, Ä‘i vÆ¡Ìi baÌ£n beÌ€, ngÆ°Æ¡Ì€i quen thiÌ€ rÃ¢Ìt laÌ€ ngaÌ£i Ä‘Ã¢Ìy."
True,615,"Chuyáº¿n Ä‘i cá»§a chÃºng tÃ´i á»•n, má»i viá»‡c Ä‘á»u hÃ i lÃ²ng"
True,627,khÃ¡ch_sáº¡n Ä‘áº¹p tá»‘t khung_cáº£nh ráº¥t Ä‘Æ°á»£c sáº½ quay láº¡i sau
True,628,khÃ¡ch_sáº¡n ngay trung tÃ¢m. KhÃ´ng cÃ³ mÃ¡y láº¡nh. PhÃ²ng cÅ©ng ok. Chá»§ khÃ¡ch_sáº¡n nháº­u 11 giá» trÆ°a tá»›i 14 giá» chiá»u á»“n Ã o khÃ´ng ngá»§ Ä‘Æ°á»£c. Xong 21 giá» tiáº¿p tá»¥c nháº­u. Pháº£i xuá»‘ng nÃ³i vá»›i lá»… tÃ¢n
True,631,"khÃ¡ch_sáº¡n tá»‘t, Ä‘áº¹p, Ä‘Ã¢y lÃ  láº§n thá»© 2 mÃ¬nh quay láº¡i Ä‘Ã¢y váº«n ráº¥t thÃ­ch khÃ¡ch_sáº¡n nÃ y, nhÆ°ng Ä‘á»£t nÃ y mÃ¬nh Ä‘i phÃ²ng mÃ¬nh Ä‘áº·t phÃ²ng lÃ  cÄƒn bungalow thÃ¬ cÃ³ rá»‡p. MÃ¬nh khÃ´ng biáº¿t lÃ  do trÃªn giÆ°á»ng cÃ³ rá»‡p hay lÃ  do rá»›t tá»« trÃªn mÃ¡i xuá»‘ng mÃ  cáº£ mÃ¬nh vÃ  báº¡n mÃ¬nh khi Ä‘i vá» Ä‘á»u bá»‹ cáº¯n. Máº·c dÃ¹ váº­y nhÆ°ng mÃ¬nh vÃ  báº¡n mÃ¬nh ráº¥t thÃ­ch khÃ¡ch_sáº¡n nÃ y vÃ  váº«n muá»‘n quay láº¡i Ä‘Ã¢y vÃ o láº§n sau, Hy vá»ng khÃ¡ch_sáº¡n sáº½ cáº£i thiá»‡n váº¥n Ä‘á» vá»‡ sinh tá»‘t hÆ¡n. nhÃ¢n_viÃªn ivivu ráº¥t nhiá»‡t tÃ¬nh, mÃ¬nh Ä‘áº·t Combo  báº¡n há»— trá»£ mÃ¬nh chá»n giá» bay ráº¥t phÃ¹ há»£p, mÃ¬nh ráº¥t thÃ­ch."
True,636,Má»i viá»‡c tá»‘t  . khÃ¡ch_sáº¡n má»›i má»i thá»© sáº¡ch_sáº½ gá»n_gÃ ng . TÃ´i ráº¥t hÃ i lÃ²ng vá» dá»‹ch_vá»¥ .
True,642,"TÃ´i ráº¥t thÃ­ch nÃªn tÃ´i Ä‘Ã£ Ä‘áº¿n Ä‘Ã¢y nhiá»u láº§n, má»i viá»‡c Ä‘á»u tá»‘t cho chuyáº¿n Ä‘i"
True,650,"khÃ¡ch_sáº¡n tá»‘t, chuyáº¿n Ä‘i cÃ¹ng ok, khÃ´ng cÃ³ phÃ n nÃ n gÃ¬."
True,652,"Sea Horse ráº¥t tá»‘t, trá»« 1 viá»‡c lÃ  cÃ³ hÆ¡i nhiá»u muá»—i. TÃ´i á»Ÿ táº§ng trá»‡t, room 123,125, tháº¥y nhÆ° váº­y!"
True,662,"Trong mÃ¹a dá»‹ch Covid 19 nhÆ°ng khÃ¡ch_sáº¡n váº«n Ä‘áº£m báº£o cháº¥t lÆ°á»£ng, cáº£m Æ¡n nhiá»u nhiá»u."
True,671,"Chuyáº¿n Ä‘i tá»‘t, cáº£m Æ¡n ivivu Ä‘Ã£ há»— trá»£"
True,679,"Chuyáº¿n Ä‘i tá»‘t, má»i viá»‡c ok"
True,693,"PhÃ²ng Ä‘áº¹p , giá»‘ng vá»›i áº£nh , sáº¡ch_sáº½ . Tuy nhiÃªn nÆ°á»›c nÃ³ng lÃºc cÃ³ lÃºc khÃ´ng . MÃ¬nh tháº¥y váº¥n Ä‘á» nÃ y nhá»¯ng khÃ¡ch trÆ°á»›c Ä‘Ã£ gÃ³p Ã½ ráº¥t lÃ¢u rá»“i , khÃ¡ch_sáº¡n báº£o sáº½ nháº­n pháº£n há»“i vÃ  thay Ä‘á»•i , nhÆ°ng mÃ¬nh Ä‘áº¿n Ä‘Ã¢y thÃ¬ má»i thá»© váº«n váº­y . Tá»‘i khÃ¡ch_sáº¡n khÃ´ng biáº¿t vÃ¬ sao mÃ  Ä‘iá»‡n cáº¯m vÃ o khÃ´ng sá»­ dá»¥ng Ä‘Æ°á»£c , cáº¯m sáº¡c Ä‘iá»‡n thoáº¡i khÃ´ng Ä‘Æ°á»£c , báº­t tivi cÅ©ng khÃ´ng Ä‘Æ°á»£c , nÃ³i chung lÃ  khÃ´ng sá»­ dá»¥ng Ä‘iá»‡n .trÆ°á»›c phÃ²ng mÃ¬nh cÃ²n cÃ³ 1 thao nÆ°á»›c lá»›n , nÆ°á»›c cá»© trÃªn nÃ³c tÆ°á»ng nhiá»…u xuá»‘ng lÃ m Æ°á»›t cáº£ trÆ°á»›c cá»­a phÃ²ng mÃ¬nh . Mong khÃ¡ch_sáº¡n cá»‘ gáº¯ng kháº¯c phá»¥c . CÃ²n láº¡i thÃ¬ tiá»‡n nghi cÃ³ Ä‘áº§y Ä‘á»§ phá»¥c_vá»¥ khÃ¡ch ."
True,706,"PhÃ²ng khÃ¡ch_sáº¡n ok nhÆ°ng xa biá»ƒn, cÃ³ xe Ä‘iá»‡n Ä‘Æ°a Ä‘i táº¯m náº¿u muá»‘n. Há»“ bÆ¡i to nhÆ°ng khÃ´ng Ä‘áº¹p láº¯m so vá»›i cÃ¡c khu_nghá»‰_mÃ¡t khÃ¡c trong táº§m giÃ¡.
Buffet sÃ¡ng ok"
True,709,"ChÃºng tÃ´i Ä‘Ã£ cÃ³ chuyáº¿n Ä‘i ok, ivivu há»— trá»£ chu Ä‘Ã¡o"
True,725,Chuyáº¿n bay vÃ  phÃ²ng khÃ¡ch_sáº¡n thÃ¬ tá»‘t . khÃ¡ch_sáº¡n ráº¥t Ä‘áº¹p . ÄÃ¡ng Ä‘á»ƒ nghá»‰ dÆ°á»¡ng .
True,733,GiÃ¡ Ä‘á»“ Äƒn á»Ÿ Ä‘Ã¢y Ä‘áº¯t nhÆ° giÃ¡ Ä‘ang ngá»“i trÃªn mÃ¡y bay mua. Äáº¯t hÆ¡n cáº£ thÃ nh phá»‘.
True,751,khu_nghá»‰_mÃ¡t ráº¥t tuyá»‡t sáº½ quay láº¡i khi cÃ³ thá»ƒ
True,757,Xem tá»« khÃ¡ch_sáº¡n lÃ  Ä‘áº¹p vÃ  thÆ¡ má»™ng. TÃ´i thÃ­ch nhÃ¬n tháº¥y con sÃ´ng vÃ  cáº§u TrÆ°á»ng Tiá»n tá»« Ä‘Ã³.
True,760,"gháº¿ ngá»“i trÃªn xe bá»‹ hÆ° nÃªn khi dá»±a vÃ o nÃ³ cá»© náº±m ngáº£ ra sau vÃ  khÃ´ng Ä‘á»©ng yÃªn giá»‘ng ngá»“i báº­p bÃªnh , gÃ¢y tiáº¿ng á»“n nhá»©c Ä‘áº§u.tÃ i xáº¿ tá»›i Ä‘Ã³n khÃ¡ch trá»… 15 phÃºt , miá»…n cÆ°á»¡ng khÃ¡ch vÃ o khu mua sáº¯m Tre Viá»‡t vá»›i lÃ½ do cho khÃ¡ch Ä‘i tiá»ƒu tiá»‡n, máº·c dÃ¹ khÃ¡ch khÃ´ng cÃ³ nhu cáº§u.Táº¯c mÃ¡y xe gÃ¢y nÃ³ng Ä‘á»ƒ muá»‘n táº¥t cáº£ khÃ¡ch vÃ o khu mua sáº¯m."
True,767,ivivu thá»‰nh thoáº£ng update Ä‘áº·t phÃ²ng vá»›i Ä‘á»‘i tÃ¡c trá»… nÃªn khÃ¢u nháº­n phÃ²ng pháº£i chá» Ä‘á»£i lÃ¢u
True,770,Tá»‘t . KhÃ´ng cÃ³ váº¥n Ä‘á» gÃ¬ .
True,776,"Chuyáº¿n Ä‘i mÃ¬nh cáº£m tháº¥y hÃ i lÃ²ng, nhÃ¢n_viÃªn chu Ä‘Ã¡o, chÄƒm sÃ³c táº­n tÃ¬nh, tÆ° váº¥n ká»¹ gia Ä‘Ã¬nh. 
cáº£m Æ¡n ivivu. "
True,780,"KhÃ´ng trá»n váº¹n vÃ¬ khÃ´ng Ä‘Æ°á»£c vÃ o khu vá»±c Vin WÆ¡nder, cÃ²n má»i thá»© Ä‘á»u hÃ i lÃ²ng."
True,784,"khÃ¡ch_sáº¡n Ä‘áº¹p nhÆ°ng nhÃ¢n_viÃªn dá»n dáº¹p Ä‘á»ƒ ráº¥t báº©n nhÃ¢n_viÃªn Ã½ thá»©c ráº¥t kÃ©m, khÃ´ng cÃ³ cáº£ khÄƒn táº¯m, khÄƒn máº·t, gá»i phá»¥c_vá»¥ thÃ¬ thÃ¡i Ä‘á»™ kÃ©m"
True,791,Tá»‘t láº¯m. KhÃ´ng cÃ³ gÃ¬ nÃ³i thÃªm.
True,796,ÄÃºng cháº¥t nghá»‰ dÆ°á»¡ng! Gia Ä‘Ã¬nh Ä‘Ã£ cÃ³ chuyáº¿n Ä‘i vui vÃ  hÃ i lÃ²ng.
True,812,Chuyáº¿n Ä‘i má»i viá»‡c Ä‘á»u á»•n. ChÃºng tÃ´i khÃ´ng cÃ³ gÃ¬ pháº£i phÃ n nÃ n vá» chuyáº¿n Ä‘i
True,819,GiÃ¡ phÃ²ng ráº». á» vá»‹ trÃ­ thuáº­n tiá»‡n. Sáº½ ghÃ© láº¡i láº§n sau
True,820,"khÃ¡ch_sáº¡n Ä‘áº¹p, sáº¡ch_sáº½, nhÆ°ng Äƒn sÃ¡ng quÃ¡ tá»‡. Xuá»‘ng 8 giá» Ä‘á»“ Äƒn khÃ´ng cÃ²n "
True,825,"MÃ¬nh hÃ i lÃ²ng vá» má»i thá»© nhÃ©, mÃ¬nh Ä‘i chÆ¡i vui. CÃ´n Äáº£o Ä‘áº¹p. "
True,1040,"Má»™t khÃ¡ch_sáº¡n tá»‘t, thÃ­ch nhÃ  hÃ ng toÃ n cáº£nh"
True,1044,"Vá»£ mÃ¬nh ráº¥t thÃ­ch nÆ¡i nÃ y. khu_nghá»‰_mÃ¡t Ä‘áº¹p nháº¥t Cam Ranh. phÃ²ng biá»‡t_thá»± rá»™ng, áº¥m cÃºng. khu_nghá»‰_mÃ¡t ráº¥t nhiá»u há»“ bÆ¡i Ä‘á»ƒ chá»n lá»±a. Ä‚n sÃ¡ng ngon. Xá»©ng Ä‘Ã¡ng 5 sao. Cháº¯c cháº¯n mÃ¬nh sáº½ quay láº¡i."
True,1045,"MÃ¬nh tháº¥y chuyáº¿n Ä‘i vui vÃ  má»i thá»© ráº¥t tá»‘t, khÃ´ng cÃ³ gÃ¬ Ä‘á»ƒ phÃ n nÃ n"
True,1053,"PhÃ²ng nhá» xÃ­u khÃ´ng cÃ³ cá»­a sá»•, bÃ­, bá»¥i nhiá»u. DÃ¹ng nÆ°á»›c nÃ³ng pháº£i theo Ã½ cá»§a chá»§ hotel, vÃ¬ bÃªn dÆ°á»›i báº­t thÃ¬ phÃ²ng má»›i cÃ³ nÆ°á»›c nÃ³ng ??ğŸ˜€?? ÄÃªm hay sÃ¡ng muá»‘n táº¯m vÃ  gá»™i Ä‘áº§u lÃ  thua luÃ´n. ChÄƒn cÅ© má»‘c meo. MÃ¬nh khÃ´ng chá»¥p áº£nh láº¡i nhÆ°ng nhá»¯ng lá»i mÃ¬nh nÃ³i Ä‘á»u lÃ  sá»± tháº­t. CÃ³ tivi nh khÃ´ng báº­t Ä‘Æ°á»£c 1 nÃºt nÃ o trá»« nÃºt táº¯t báº­t. Äiá»‡n thoáº¡i gá»i lá»… tÃ¢n cÅ©ng khÃ´ng Ä‘Æ°á»£c luÃ´n. Muá»‘n gá»i Ä‘á»ƒ nÃ³i báº­t nÃ³ng láº¡nh pháº£i cháº¡y ra tÃ¬m sá»‘ gá»i hotline"
True,1055,"khÃ¡ch_sáº¡n gáº§n phá»‘ cá»•, hÃ ng quÃ¡n Äƒn uá»‘ng, Ä‘i láº¡i thuáº­n tiá»‡n"
True,1057,"Äá»“ Äƒn sÃ¡ng giá»¯a ngÃ y khÃ´ng thay Ä‘á»•i, cáº£ 4 ngÃ y tÃ´i á»Ÿ Ä‘á»u giá»‘ng nhau. Äiá»ƒm cá»™ng lÃ  khu_nghá»‰_mÃ¡t ráº¥t nhiá»u cÃ¢y xanh, tÃ´i ráº¥t thÃ­ch"
True,1062,"TÃ´i Ä‘Ã£ cÃ³ nhá»¯ng tráº£i nghiá»‡m tuyá»‡t vá»i khi á»Ÿ FLC. ÄÃ¢y lÃ  khu du lá»‹ch nghá»‰ dÆ°á»¡ng Ä‘áº³ng cáº¥p, hoÃ nh trÃ¡ng, phÃ¹ há»£p vá»›i táº¥t cáº£ má»i ngÆ°á»i."
True,1104,"PhÃ²ng 4 ngÆ°á»i rá»™ng rÃ£i , khÃ´ng gian thoáº£i mÃ¡i .Äá»“ Äƒn sÃ¡ng sáº¡ch_sáº½ . Khi mÃ¬nh tá»›i vÃ¬ buá»•i trÆ°a nÃªn phÃ²ng hÆ¡i nÃ³ng báº­t mÃ¡y láº¡nh táº§m 10 phÃºt thi phÃ²ng mÃ¡t hÆ¡n ."
True,1139,VÃ´ cÃ¹ng thÃ­ch khi á»Ÿ Ä‘Ã¢y! thoáº£i mÃ¡i
True,1146,"khÃ¡ch_sáº¡n khung_cáº£nh cá»±c Ä‘áº¹p, vá»‹ trÃ­ thuáº­n tiá»‡n, Ä‘áº§y Ä‘á»§ cÃ¡c tiá»‡n_Ã­ch. Náº¿u cÃ³ xe chá»Ÿ khÃ¡ch xuá»‘ng cÃ¡p treo Ä‘á»ƒ qua vinpearland sáº½ tá»‘t hÆ¡n. "
True,1149,"PhÃ²ng sáº¡ch_sáº½ vá»‹ trÃ­ thuáº­n tiá»‡n ra biá»ƒn Má»¹ KhÃª, cáº§u Rá»“ng, cáº§u tÃ¬nh yÃªu v.v... lá»… tÃ¢n nhiá»‡t tÃ¬nh vui váº»"
True,1187,"Khu nghá»‰ dÆ°á»¡ng phá»¥c_vá»¥ tá»‘t, cháº¥t lÆ°á»£ng phÃ²ng ok"
True,1196,khÃ¡ch_sáº¡n xá»©ng táº§m 5 sao khÃ´ng cÃ³ gÃ¬ Ä‘á»ƒ chÃª
True,1222,"Cháº¥t lÆ°á»£ng khÃ¡ch_sáº¡n ráº¥t tá»‘t, phÃ²ng Ä‘áº¹p vÃ  sang trá»ng"
True,1238,mÃ¬nh hÃ i lÃ²ng vÃ¬ vinpearl ráº¥t cháº¥t lÆ°á»£ng
True,1297,Thoáº£i mÃ¡i sáº¡ch_sáº½ chuyÃªn nghiá»‡p
True,1326,"khÃ¡ch_sáº¡n khÃ´ng cÃ³ bá»“n táº¯m náº±m, cÃ²n phÃ²ng thÃ¬ sáº¡ch_sáº½ vÃ  dá»‹ch_vá»¥ cÅ©ng ok"
True,1329,"Chá»— á»Ÿ thoáº£i mÃ¡i, á»Ÿ trong khu phá»‘ tÃ¢y, tá»‘i chá»‰ cáº§n Ä‘i bá»™ ra vÃ i bÆ°á»›c thÃ´i, gáº§n trung tÃ¢m nÃªn Ä‘i Ä‘Ã¢u cÅ©ng tiá»‡n háº¿t áº¡."
True,1345,"khung_cáº£nh ráº¥t Ä‘áº¹p, nhÃ¬n ra sÃ´ng, thoÃ¡ng mÃ¡t. Bá»ƒ bÆ¡i vÃ  khung_cáº£nh sÃ¢n vÆ°á»n Ä‘áº¹p hÆ¡n trong áº£nh. Ná»™i tháº¥t phÃ²ng lÃ  gá»— tá»‘i mÃ u vÃ  phÃ²ng khÃ¡ rá»™ng nÃªn Ã¡nh sÃ¡ng trong phÃ²ng chÆ°a Ä‘á»§ sÃ¡ng. ThÃ­ch há»£p vá»›i nghá»‰ dÆ°á»¡ng vÃ¬ ráº¥t yÃªn bÃ¬nh"
True,1350,"khÃ¡ch_sáº¡n á»•n. ivivu tá»‘t, hÃ i lÃ²ng"
True,1358,"TÃ´i tháº¥y chuyáº¿n Ä‘i khÃ´ng cÃ³ gÃ¬ Ä‘á»ƒ phÃ n nÃ n,tá»‘t háº¿t."
True,1361,"Cáº£m Æ¡n vÃ¬ ká»³ nghá»‰ tuyá»‡t vá»i, Ä‘i vÃ o háº»m khÃ¡ váº¯ng, phÃ²ng khung_cáº£nh biá»ƒn, táº§ng cao nháº¥t Ä‘Æ°á»£c ngáº¯m trá»n nha trang, giÃ¡_cáº£ há»£p lÃ½ thanh toÃ¡n khÃ´ng bá»‹ phá»¥ phÃ­, mÃ¬nh tháº¥y ráº¥t ok vá»›i nÆ¡i nÃ y."
True,1366,KhÃ´ng gian kiáº¿n trÃºc cá»§a phÃ²ng á»Ÿ vÃ  cÃ¡c tiá»‡n_Ã­ch Ä‘á»u Ä‘áº¹p. dá»‹ch_vá»¥ mÃ¡t_xa khÃ¡ tá»‘t. Sáº½ tiá»‡n_lá»£i hÆ¡n náº¿u nhÆ° phÃ²ng táº¯m cÃ³ láº¯p thÃªm vÃ²i sen.
True,1397,"khÃ¡ch_sáº¡n sáº¡ch, Ä‘áº¹p, giÃ¡_cáº£ pháº£i chÄƒng"
True,1453,"há»“ bÆ¡i rá»™ng, khÃ´ng sÃ¢u láº¯m nÃªn bÆ¡i khÃ´ng sá»£ (cá»±c 1m5) mÃ¬nh Ä‘i dá»‹p táº¿t nÃªn cÃ³ buffet. phÃ²ng cÃ³ ban cÃ´ng khung_cáº£nh Ä‘áº¹p"
True,1477,"ChuyÃªn nghiá»‡p, vá»‹ trÃ­ ráº¥t Ä‘áº¹p."
True,1530,"CÄƒn há»™ cá»§a Sea Links khÃ¡ lÃ  Ä‘áº¹p vá»›i Ä‘áº§y Ä‘á»§ tiá»‡n nghi nhÆ° á»Ÿ nhÃ  váº­y, chá»‰ cÃ³ Ä‘iá»u lÃ  xe Ä‘Æ°a Ä‘Ã³n trong khu Sea Links cháº¡y hÆ¡i cháº­m thÃ´i."
True,1541,"khÃ¡ch_sáº¡n ráº¥t lÃ  tá»‘t, phÃ²ng Ä‘áº¹p, khuÃ´n viÃªn rá»™ng rÃ£i vÃ  khÃ´ng khÃ­ trong lÃ nh"
True,1546,khÃ¡ch_sáº¡n hÆ¡i cÅ© nhÆ°ng khung_cáº£nh ráº¥t Ä‘áº¹p
True,1577,"PhÃ²ng sáº¡ch_sáº½, giÃ¡ ráº». Gáº§n biá»ƒn, há»“ bÆ¡i."
True,1587,"khÃ¡ch_sáº¡n gáº§n trung tÃ¢m ráº¥t tiá»‡n Ä‘i láº¡i Äƒn uá»‘ng,bá»ƒ bÆ¡i táº§ng 10 á»•n.Náº¿u cÃ³ dá»‹p tÃ´i sáº½ quay láº¡i."
True,1624,"ChÃºng tÃ´i cÃ³ ká»³ cÃ´ng tÃ¡c thÃº vá»‹ táº¡i nÆ¡i á»Ÿ.. phÃ²ng cÃ³ ban cÃ´ng thoÃ¡ng mÃ¡t, khung_cáº£nh nhÃ¬n xa Ä‘áº¹p... tuy nhiÃªn vÃ¬ lÃ  táº§ng 8 khÃ¡ cao nÃªn wifi vÃ  nÆ°á»›c táº¯m hÆ¡i yáº¿u. Cáº§n kháº¯c phá»¥c thÃªm Ä‘iá»ƒm nÃ y.. ngoÃ i ra táº¥t cáº£ Ä‘á»u á»•n"
True,1655,"khÃ¡ch_sáº¡n vá»‹ trÃ­ Ä‘áº¹p, ngay trá»¥c chÃ­nh bá» biá»ƒn Nha Trang, Ä‘áº¿n thÃ¡p tráº§m táº§m 1km thÃ´i, khÃ¡ch_sáº¡n phÃ­a trÆ°á»›c ngáº¯m trá»n Ä‘Æ°á»ng bá» biá»ƒn, phÃ­a sau lÃ  cá»­a sÃ´ng. phÃ²ng to tiá»‡n nghi, tuy dÃ¹ng tháº£m cÃ³ mÃ¹i áº©m chÃºt, náº¿u granit hoáº·c sÃ n thÃ¬ sang hÆ¡n, nhÆ°ng váº­y khÃ¡ á»•n. cáº£nh quan nhÃ¬n tá»« phÃ²ng ráº¥t Ä‘áº¹p. Ä‚n sÃ¡ng ngon, thoáº£i mÃ¡i. chá»‰ cÃ³ há»“ bÆ¡i hÆ¡i buá»“n táº» xÃ­u. sáº½ ghÃ© láº¡i láº§n sau"
True,1697,Cáº£m Æ¡n ivivu vÃ  Ms Diá»…m Ä‘Ã£ giÃºp gia Ä‘Ã¬nh mÃ¬nh cÃ³ ká»³ nghá»‰ tuyá»‡t vá»i.
True,1700,Cháº¥t lÆ°á»£ng ok. giÃ¡ thÃ nh á»•n. ok
True,1795,PhÃ²ng khÃ¡ á»•n cho Ä‘Ã´i má»›i cÆ°á»›i Ä‘i tuáº§n trÄƒng máº­t! Tá»« lá»… tuÃ¢n Ä‘áº¿n bÃ¡c báº£o vá»‡ ráº¥t hÃ²a nhÃ£ thÃ¢n thiá»‡n! CÃ³ cÆ¡ há»™i sáº½ Ä‘áº¿n khÃ¡ch_sáº¡n Ä‘áº·t phÃ²ng láº§n ná»¯a
True,1986,"Ná»™i tháº¥t khÃ¡ch_sáº¡n cÅ©, phÃ²ng khÃ´ng giá»‘ng vá»›i quáº£ng cÃ¡o, nhÃ  vá»‡ sinh cÃ³ mÃ¹i hÃ´i"
True,2119,"Khi nháº­n phÃ²ng táº¡i Ä‘Ã¢y chÃºng tÃ´i pháº£i chuyá»ƒn phÃ²ng vÃ i láº§n, phÃ²ng thá»‹ cÃ³ mÃ¹i thuá»‘c lÃ¡ do khÃ´ng vá»‡ sinh ká»¹, phÃ²ng thÃ¬ bá»‹ hÃ´i cá»‘ng thoÃ¡t nÆ°á»›c... NÃ³i chung lÃ  khÃ´ng hÃ i lÃ²ng khi nghÄ© táº¡i Ä‘Ã¢y"
True,2133,"PhÃ²ng Ä‘áº¹p, vá»‹ trÃ­ trung tÃ¢m, nhÆ°ng cáº§n há»— trá»£ á»Ÿ cÃ¡c táº§ng cao vÃ  khÃ´ng cÃ³ thang mÃ¡y nÃªn khÃ´ng thÃ­ch há»£p vá»›i ngÆ°á»i cÃ³ nhiá»u hÃ nh lÃ­"
True,2140,CÅ©ng khÃ¡ á»•n vá»›i giÃ¡ tiá»n. Tuy nhiÃªn ban Ä‘Ãªm cÃ²n ráº¥t nhiá»u nhÆ°ng con váº­t bay vÃ o phÃ²ng vá»‡ sinh.
True,2159,Chuyáº¿n Ä‘i cá»§a gia Ä‘Ã¬nh tÃ´i má»i viá»‡c Ä‘á»u tá»‘t Ä‘áº¹p
True,2163,HOÃ€N Háº¢O TOÃ€N DIá»†N
True,2188,"TÃ´i tháº¥y ráº¥t hÃ i lÃ²ng vá» khÃ¡ch_sáº¡n nÃ y, tÆ°Æ¡ng xá»©ng vá»›i giÃ¡_cáº£, khÃ´ng cÃ³ gÃ¬ phÃ n nÃ n, nhÃ¢n_viÃªn ivivu há»— trá»£ tá»‘t."
True,2196,"khÃ¡ch_sáº¡n sáº¡ch_sáº½, Ä‘áº§y Ä‘á»§ tiá»‡n nghi. giÃ¡_cáº£ há»£p lÃ½, gáº§n khu Äƒn uá»‘ng, khu buÃ´n bÃ¡n Ä‘á»‹a phÆ°Æ¡ng."
True,2199,"khÃ¡ch_sáº¡n ráº¥t lÃ  tá»‘t luÃ´n. Ä‘áº·t qua ivivu pháº£n há»“i ráº¥t lÃ  nhanh vÃ  cÃ²n cÃ³ pháº£n há»“i liá»n ngay sau khi mÃ¬nh thanh toÃ¡n xong, ráº¥t lÃ  hÃ i lÃ²ng vá» dá»‹ch_vá»¥."
True,2217,"khu_nghá»‰_mÃ¡t Ä‘áº¹p, xanh mÃ¡t. Äá»“ Äƒn sÃ¡ng buffet chÆ°a phong phÃº láº¯m. NÆ°á»›c há»“ bÆ¡i chÆ°a trong sáº¡ch, buá»•i tá»‘i ra chá»— Ä‘Ã¨n soi dÆ°á»›i nÆ°á»›c sáº½ tháº¥y rÃµ. NÃªn táº¯m buá»•i sÃ¡ng á»Ÿ biá»ƒn ráº¥t Ä‘áº¹p, nÆ°á»›c sáº¡ch. Buá»•i chiá»u thuá»· triá»u xuá»‘ng khÃ´ng bÆ¡i Ä‘Æ°á»£c."
